force,csp,fy2020,fy2021,fy2022,fy2023,fy2024,fy2025,key,region,area,area_code,2022-12-31,2023-03-31,2023-06-30,2023-09-30,2023-12-31,2024-03-31,2024-06-30,2024-09-30,2024-12-31,2025-03-31,2025-06-30,2025-09-30,2025-12-31,2026-03-31,2026-06-30,pop,asy_202312,asy_202412,asy_202303,asy_202403,asy_202503,asy_pk_2023,asy_pk_2024,d_asy_pk,d_asy_pk_fy,rate23,rate24,rate22,d_rate,pct,log_ratio,asy_q,dq
Avon and Somerset,Bath and North East Somerset,345.0,472.0,411.0,471.0,626.0,626.0,bath and north east somerset,South West,Bath and North East Somerset,E06000022,1.0,3.0,0.0,1.0,0.0,11.0,3.0,3.0,4.0,4.0,6.0,7.0,10.0,8.0,4.0,200028.0,0.0,4.0,3.0,11.0,4.0,0.0,0.01999720039194513,0.01999720039194513,-0.03499510068590397,2.354670346151539,3.1295618613394125,2.0547123402723617,0.7748915151878735,32.908704883227166,0.28449227708368074,Q1 lowest,Q3
Avon and Somerset,"Bristol, City of",1385.0,1863.0,1820.0,2052.0,2530.0,2553.0,bristol of,South West,"Bristol, City of",E06000023,445.0,458.0,725.0,1206.0,1190.0,1003.0,1072.0,1075.0,1341.0,1265.0,1188.0,1379.0,1108.0,879.0,689.0,494399.0,1190.0,1341.0,458.0,1003.0,1265.0,2.406962797254849,2.7123841269905484,0.3054213297356996,0.5299363469586306,4.150493831905,5.117324266432577,3.6812372193309453,0.9668304345275773,23.2943469785575,0.20940437543090573,Q4 highest,Q4 biggest rise
Avon and Somerset,North Somerset,386.0,603.0,581.0,663.0,808.0,772.0,north somerset,South West,North Somerset,E06000024,200.0,210.0,240.0,244.0,115.0,98.0,80.0,108.0,95.0,92.0,126.0,95.0,83.0,77.0,83.0,224578.0,115.0,95.0,210.0,98.0,92.0,0.5120715297135071,0.42301561150246236,-0.08905591821104475,-0.026716775463313414,2.9522036886961325,3.5978590957262067,2.587074424030849,0.6456554070300742,21.87028657616892,0.19778706833523277,Q2,Q1 biggest fall
Avon and Somerset,Somerset,1155.0,1752.0,1648.0,2013.0,2399.0,2388.0,somerset,South West,Somerset,E06000066,0.0,0.0,299.0,298.0,260.0,228.0,232.0,240.0,297.0,306.0,326.0,396.0,365.0,310.0,198.0,588328.0,260.0,297.0,0.0,228.0,306.0,0.44193035177656004,0.5048204402986088,0.0628900885220488,0.132579105532968,3.4215607620239052,4.077657361199875,2.801158537414503,0.6560965991759695,19.175360158966726,0.17542583719990318,Q2,Q3
Avon and Somerset,South Gloucestershire,481.0,707.0,643.0,707.0,996.0,1032.0,south gloucestershire,South West,South Gloucestershire,E06000025,371.0,373.0,417.0,425.0,396.0,154.0,115.0,127.0,132.0,132.0,137.0,128.0,144.0,165.0,151.0,306332.0,396.0,132.0,373.0,154.0,132.0,1.2927150934280454,0.4309050311426818,-0.8618100622853635,-0.07181750519044697,2.307953462256637,3.2513743258947807,2.0990298107935184,0.9434208636381438,40.87694483734088,0.3427165916880255,Q3,Q1 biggest fall
Bedfordshire,Bedford,412.0,518.0,489.0,496.0,575.0,634.0,bedford,East Of England,Bedford,E06000055,0.0,0.0,169.0,0.0,0.0,0.0,0.0,0.0,0.0,0.0,0.0,0.0,0.0,0.0,0.0,194976.0,0.0,0.0,0.0,0.0,0.0,0.0,0.0,0.0,0.0,2.543902839323814,2.9490809125225668,2.508000984736583,0.40517807319875265,15.927419354838701,0.14779411407242288,Q1 lowest,Q2
Bedfordshire,Bedford,412.0,518.0,489.0,496.0,575.0,634.0,bedford,East of England,Bedford,E06000055,26.0,162.0,0.0,176.0,188.0,153.0,150.0,246.0,196.0,184.0,216.0,245.0,219.0,178.0,139.0,194976.0,188.0,196.0,162.0,153.0,184.0,0.9642212374856393,1.005251928442475,0.04103069095683576,0.15899392745773838,2.543902839323814,2.9490809125225668,2.508000984736583,0.40517807319875265,15.927419354838701,0.14779411407242288,Q3,Q3
Bedfordshire,Central Bedfordshire,377.0,464.0,513.0,516.0,670.0,674.0,central bedfordshire,East Of England,Central Bedfordshire,E06000056,0.0,0.0,307.0,0.0,0.0,0.0,0.0,0.0,0.0,0.0,0.0,0.0,0.0,0.0,0.0,315877.0,0.0,0.0,0.0,0.0,0.0,0.0,0.0,0.0,0.0,1.6335472351579887,2.1210787743330477,1.6240498675117214,0.487531539175059,29.844961240310084,0.26117094690344905,Q1 lowest,Q2
Bedfordshire,Central Bedfordshire,377.0,464.0,513.0,516.0,670.0,674.0,central bedfordshire,East of England,Central Bedfordshire,E06000056,188.0,304.0,0.0,354.0,297.0,234.0,157.0,148.0,204.0,178.0,207.0,226.0,203.0,144.0,73.0,315877.0,297.0,204.0,304.0,234.0,178.0,0.9402393969804702,0.6458209999461816,-0.2944183970342886,-0.17728419606365767,1.6335472351579887,2.1210787743330477,1.6240498675117214,0.487531539175059,29.844961240310084,0.26117094690344905,Q3,Q1 biggest fall
Bedfordshire,Luton,462.0,597.0,560.0,548.0,751.0,779.0,luton,East Of England,Luton,E06000032,0.0,0.0,1204.0,0.0,0.0,0.0,0.0,0.0,0.0,0.0,0.0,0.0,0.0,0.0,0.0,239090.0,0.0,0.0,0.0,0.0,0.0,0.0,0.0,0.0,0.0,2.292023924045339,3.141076582040236,2.3422142289514407,0.8490526579948972,37.04379562043796,0.3151303648161192,Q1 lowest,Q2
Bedfordshire,Luton,462.0,597.0,560.0,548.0,751.0,779.0,luton,East of England,Luton,E06000032,1217.0,1159.0,0.0,1131.0,1015.0,839.0,706.0,809.0,860.0,860.0,760.0,768.0,710.0,461.0,377.0,239090.0,1015.0,860.0,1159.0,839.0,860.0,4.245263289974487,3.5969718516039983,-0.6482914383704883,0.08783303358567904,2.292023924045339,3.141076582040236,2.3422142289514407,0.8490526579948972,37.04379562043796,0.3151303648161192,Q4 highest,Q1 biggest fall
Cambridgeshire,Cambridge,333.0,517.0,429.0,392.0,417.0,449.0,cambridge,East Of England,Cambridge,E07000008,0.0,0.0,5.0,0.0,0.0,0.0,0.0,0.0,0.0,0.0,0.0,0.0,0.0,0.0,0.0,149352.0,0.0,0.0,0.0,0.0,0.0,0.0,0.0,0.0,0.0,2.6246719160104988,2.792061706572393,2.872408806042102,0.16738979056189418,6.3775510204081565,0.06182438200833885,Q1 lowest,Q2
Cambridgeshire,Cambridge,333.0,517.0,429.0,392.0,417.0,449.0,cambridge,East of England,Cambridge,E07000008,6.0,6.0,0.0,3.0,0.0,0.0,0.0,0.0,0.0,9.0,12.0,11.0,12.0,14.0,14.0,149352.0,0.0,0.0,6.0,0.0,9.0,0.0,0.0,0.0,0.06026032460228186,2.6246719160104988,2.792061706572393,2.872408806042102,0.16738979056189418,6.3775510204081565,0.06182438200833885,Q1 lowest,Q2
Cambridgeshire,East Cambridgeshire,153.0,160.0,198.0,156.0,191.0,216.0,east cambridgeshire,East Of England,East Cambridgeshire,E07000009,0.0,0.0,2.0,0.0,0.0,0.0,0.0,0.0,0.0,0.0,0.0,0.0,0.0,0.0,0.0,92906.0,0.0,0.0,0.0,0.0,0.0,0.0,0.0,0.0,0.0,1.679116526381504,2.055841388069662,2.1311863604072934,0.3767248616881582,22.435897435897445,0.2024174207970929,Q1 lowest,Q2
Cambridgeshire,East Cambridgeshire,153.0,160.0,198.0,156.0,191.0,216.0,east cambridgeshire,East of England,East Cambridgeshire,E07000009,2.0,2.0,0.0,0.0,0.0,0.0,0.0,0.0,0.0,2.0,4.0,3.0,3.0,6.0,20.0,92906.0,0.0,0.0,2.0,0.0,2.0,0.0,0.0,0.0,0.021527134953609025,1.679116526381504,2.055841388069662,2.1311863604072934,0.3767248616881582,22.435897435897445,0.2024174207970929,Q1 lowest,Q2
Cambridgeshire,Fenland,237.0,262.0,342.0,336.0,306.0,399.0,fenland,East Of England,Fenland,E07000010,0.0,0.0,43.0,0.0,0.0,0.0,0.0,0.0,0.0,0.0,0.0,0.0,0.0,0.0,0.0,104896.0,0.0,0.0,0.0,0.0,0.0,0.0,0.0,0.0,0.0,3.2031726662599147,2.9171751067724223,3.260372178157413,-0.2859975594874924,-8.92857142857143,-0.09352605801082348,Q1 lowest,Q2
Cambridgeshire,Fenland,237.0,262.0,342.0,336.0,306.0,399.0,fenland,East of England,Fenland,E07000010,18.0,34.0,0.0,46.0,0.0,0.0,0.0,0.0,0.0,0.0,0.0,2.0,2.0,3.0,3.0,104896.0,0.0,0.0,34.0,0.0,0.0,0.0,0.0,0.0,0.0,3.2031726662599147,2.9171751067724223,3.260372178157413,-0.2859975594874924,-8.92857142857143,-0.09352605801082348,Q1 lowest,Q2
Cambridgeshire,Huntingdonshire,349.0,459.0,432.0,407.0,488.0,536.0,huntingdonshire,East Of England,Huntingdonshire,E07000011,0.0,0.0,106.0,0.0,0.0,0.0,0.0,0.0,0.0,0.0,0.0,0.0,0.0,0.0,0.0,190619.0,0.0,0.0,0.0,0.0,0.0,0.0,0.0,0.0,0.0,2.1351491719083615,2.5600805795854558,2.266300840944502,0.42493140767709425,19.901719901719893,0.18150222041055214,Q1 lowest,Q2
Cambridgeshire,Huntingdonshire,349.0,459.0,432.0,407.0,488.0,536.0,huntingdonshire,East of England,Huntingdonshire,E07000011,131.0,133.0,0.0,128.0,12.0,14.0,17.0,16.0,18.0,23.0,22.0,22.0,17.0,14.0,23.0,190619.0,12.0,18.0,133.0,14.0,23.0,0.06295280113734728,0.0944292017060209,0.031476400568673624,0.04721460085301045,2.1351491719083615,2.5600805795854558,2.266300840944502,0.42493140767709425,19.901719901719893,0.18150222041055214,Q2,Q3
Cambridgeshire,Peterborough,674.0,854.0,922.0,789.0,971.0,983.0,peterborough,East Of England,Peterborough,E06000031,0.0,0.0,503.0,0.0,0.0,0.0,0.0,0.0,0.0,0.0,0.0,0.0,0.0,0.0,0.0,223655.0,0.0,0.0,0.0,0.0,0.0,0.0,0.0,0.0,0.0,3.5277548009210613,4.341508126355324,4.12242069258456,0.8137533254342624,23.067173637515847,0.2075601474454507,Q1 lowest,Q2
Cambridgeshire,Peterborough,674.0,854.0,922.0,789.0,971.0,983.0,peterborough,East of England,Peterborough,E06000031,408.0,425.0,0.0,505.0,454.0,425.0,376.0,423.0,534.0,479.0,555.0,566.0,508.0,414.0,448.0,223655.0,454.0,534.0,425.0,425.0,479.0,2.029912141467886,2.3876059108895396,0.35769376942165376,0.24144329435961637,3.5277548009210613,4.341508126355324,4.12242069258456,0.8137533254342624,23.067173637515847,0.2075601474454507,Q4 highest,Q4 biggest rise
Cambridgeshire,South Cambridgeshire,222.0,287.0,234.0,255.0,330.0,316.0,south cambridgeshire,East Of England,South Cambridgeshire,E07000012,0.0,0.0,246.0,0.0,0.0,0.0,0.0,0.0,0.0,0.0,0.0,0.0,0.0,0.0,0.0,172544.0,0.0,0.0,0.0,0.0,0.0,0.0,0.0,0.0,0.0,1.4778839020771515,1.9125556379821957,1.356175816023739,0.43467173590504427,29.41176470588236,0.25782910930209985,Q1 lowest,Q2
Cambridgeshire,South Cambridgeshire,222.0,287.0,234.0,255.0,330.0,316.0,south cambridgeshire,East of England,South Cambridgeshire,E07000012,1.0,1.0,0.0,243.0,212.0,201.0,96.0,181.0,212.0,157.0,1.0,2.0,1.0,1.0,1.0,172544.0,212.0,212.0,1.0,201.0,157.0,1.2286721068249258,1.2286721068249258,0.0,-0.25500741839762614,1.4778839020771515,1.9125556379821957,1.356175816023739,0.43467173590504427,29.41176470588236,0.25782910930209985,Q3,Q2
Cambridgeshire,South Cambridgeshire,222.0,287.0,234.0,255.0,330.0,316.0,south cambridgeshire,London,South Cambridgeshire,E07000012,0.0,240.0,0.0,0.0,0.0,0.0,0.0,0.0,0.0,0.0,0.0,0.0,0.0,0.0,0.0,172544.0,0.0,0.0,240.0,0.0,0.0,0.0,0.0,0.0,0.0,1.4778839020771515,1.9125556379821957,1.356175816023739,0.43467173590504427,29.41176470588236,0.25782910930209985,Q1 lowest,Q2
Cheshire,Cheshire East,881.0,1191.0,1162.0,1197.0,1305.0,1363.0,cheshire east,North West,Cheshire East,E06000049,687.0,680.0,645.0,1022.0,594.0,358.0,368.0,382.0,455.0,431.0,504.0,611.0,465.0,385.0,358.0,421298.0,594.0,455.0,680.0,358.0,431.0,1.4099283642457356,1.0799956325451343,-0.32993273170060133,0.17327402456218638,2.841219279464892,3.0975698911459344,2.7581426923460355,0.25635061168104256,9.022556390977442,0.08638461419882064,Q3,Q1 biggest fall
Cheshire,Cheshire West and Chester,840.0,1149.0,1138.0,1180.0,1291.0,1343.0,cheshire west and chester,North West,Cheshire West and Chester,E06000050,248.0,234.0,468.0,536.0,512.0,617.0,637.0,655.0,643.0,655.0,675.0,657.0,658.0,659.0,654.0,371652.0,512.0,643.0,234.0,617.0,655.0,1.3776328393228074,1.7301131165714163,0.35248027724860886,0.10224618729348961,3.1750131843767826,3.4736796788393445,3.0620042405260834,0.2986664944625619,9.406779661016952,0.08990267338693207,Q3,Q4 biggest rise
Cheshire,Halton,433.0,477.0,538.0,471.0,600.0,573.0,halton,North West,Halton,E06000006,868.0,876.0,952.0,979.0,827.0,769.0,788.0,988.0,908.0,867.0,607.0,590.0,601.0,604.0,604.0,131543.0,827.0,908.0,876.0,769.0,867.0,6.2869175858844635,6.90268581376432,0.6157682278798564,0.7450035349657527,3.580578213968056,4.561246132443383,4.089917365424234,0.9806679184753269,27.388535031847127,0.24207156119972859,Q4 highest,Q4 biggest rise
Cheshire,Warrington,625.0,754.0,742.0,757.0,850.0,789.0,warrington,North West,Warrington,E06000007,249.0,235.0,256.0,425.0,267.0,167.0,288.0,371.0,401.0,367.0,446.0,469.0,456.0,375.0,397.0,215391.0,267.0,401.0,235.0,167.0,367.0,1.2396061116759753,1.8617305272736557,0.6221244155976804,0.928543903877135,3.514538676174956,3.946311591477824,3.4448978833841712,0.4317729153028682,12.285336856010565,0.11587309604691333,Q3,Q4 biggest rise
Cleveland,Hartlepool,346.0,375.0,394.0,418.0,532.0,550.0,hartlepool,North East,Hartlepool,E06000001,380.0,381.0,455.0,458.0,399.0,421.0,419.0,460.0,462.0,443.0,440.0,431.0,405.0,403.0,379.0,98180.0,399.0,462.0,381.0,421.0,443.0,4.063964147484213,4.705642697086983,0.6416785496027702,0.2240782236708087,4.257486249745366,5.418618863312283,4.013037278468119,1.1611326135669175,27.27272727272727,0.24116205681688804,Q4 highest,Q4 biggest rise
Cleveland,Middlesbrough,583.0,821.0,833.0,800.0,844.0,856.0,middlesbrough,North East,Middlesbrough,E06000002,624.0,590.0,706.0,718.0,630.0,641.0,623.0,664.0,669.0,722.0,699.0,673.0,699.0,677.0,671.0,156161.0,630.0,669.0,590.0,641.0,722.0,4.034297936104405,4.2840401892918205,0.2497422531874154,0.5186954489277092,5.122918014100832,5.404678504876378,5.334238382182491,0.28176049077554577,5.499999999999994,0.05354076692802976,Q4 highest,Q4 biggest rise
Cleveland,Middlesbrough,583.0,821.0,833.0,800.0,844.0,856.0,middlesbrough,Yorkshire And The Humber,Middlesbrough,E06000002,0.0,1.0,0.0,0.0,0.0,0.0,0.0,0.0,0.0,0.0,0.0,0.0,0.0,0.0,0.0,156161.0,0.0,0.0,1.0,0.0,0.0,0.0,0.0,0.0,0.0,5.122918014100832,5.404678504876378,5.334238382182491,0.28176049077554577,5.499999999999994,0.05354076692802976,Q1 lowest,Q2
Cleveland,Redcar and Cleveland,358.0,479.0,557.0,528.0,544.0,620.0,redcar and cleveland,North East,Redcar and Cleveland,E06000003,174.0,165.0,243.0,255.0,231.0,227.0,248.0,264.0,257.0,263.0,260.0,254.0,260.0,275.0,243.0,139228.0,231.0,257.0,165.0,227.0,263.0,1.6591490217484988,1.8458930674864251,0.18674404573792636,0.2585686787140518,3.792340621139426,3.9072600339012267,4.00063205677019,0.11491941276180073,3.0303030303030276,0.02985296314968113,Q3,Q3
Cleveland,Stockton-on-Tees,638.0,830.0,851.0,740.0,825.0,995.0,stockton-on-tees,North East,Stockton-on-Tees,E06000004,777.0,745.0,873.0,812.0,758.0,782.0,791.0,808.0,830.0,800.0,779.0,805.0,832.0,837.0,822.0,206800.0,758.0,830.0,745.0,782.0,800.0,3.665377176015474,4.013539651837524,0.34816247582205007,0.08704061895551257,3.578336557059961,3.9893617021276593,4.115087040618955,0.41102514506769827,11.486486486486491,0.10873320013646559,Q4 highest,Q4 biggest rise
Derbyshire,Amber Valley,291.0,373.0,346.0,313.0,303.0,414.0,amber valley,East Midlands,Amber Valley,E07000032,2.0,2.0,2.0,3.0,0.0,0.0,6.0,8.0,8.0,22.0,38.0,51.0,83.0,109.0,124.0,130451.0,0.0,8.0,2.0,0.0,22.0,0.0,0.061325708503576055,0.061325708503576055,0.16864569838483415,2.3993683452024133,2.322711209572943,2.6523368927796644,-0.0766571356294703,-3.194888178913735,-0.032470385030784046,Q1 lowest,Q3
Derbyshire,Bolsover,158.0,239.0,261.0,233.0,191.0,245.0,bolsover,East Midlands,Bolsover,E07000033,0.0,0.0,4.0,16.0,22.0,22.0,32.0,57.0,86.0,112.0,134.0,134.0,130.0,141.0,138.0,83773.0,22.0,86.0,0.0,22.0,112.0,0.2626144461819441,1.0265837441657812,0.7639692979838372,1.0743318252897711,2.7813257254724078,2.2799708736705147,3.1155622933403366,-0.5013548518018931,-18.02575107296137,-0.19876502551907066,Q2,Q4 biggest rise
Derbyshire,Chesterfield,294.0,355.0,385.0,383.0,370.0,414.0,chesterfield,East Midlands,Chesterfield,E07000034,100.0,98.0,89.0,101.0,54.0,70.0,22.0,85.0,89.0,64.0,80.0,92.0,79.0,30.0,49.0,106045.0,54.0,89.0,98.0,70.0,64.0,0.5092177849026357,0.839266349191381,0.3300485642887453,-0.05657975387807063,3.611674289216842,3.489084822481022,3.630534207176199,-0.12258946673581983,-3.394255874673624,-0.034531983542375806,Q2,Q4 biggest rise
Derbyshire,Derby,882.0,1243.0,1225.0,1052.0,983.0,1340.0,derby,East Midlands,Derby,E06000015,1236.0,1349.0,1289.0,1376.0,1265.0,1199.0,1090.0,1347.0,1331.0,1288.0,1325.0,1335.0,1215.0,1106.0,1127.0,274149.0,1265.0,1331.0,1349.0,1199.0,1288.0,4.614279096403781,4.8550240927378905,0.24074499633410973,0.3246409799050881,3.837329335507334,3.5856413847944,4.468373038019472,-0.2516879507129337,-6.558935361216733,-0.06783927315048865,Q4 highest,Q4 biggest rise
Derbyshire,Erewash,264.0,309.0,315.0,313.0,284.0,379.0,erewash,East Midlands,Erewash,E07000036,439.0,413.0,443.0,427.0,303.0,315.0,82.0,160.0,160.0,116.0,173.0,187.0,144.0,87.0,90.0,114253.0,303.0,160.0,413.0,315.0,116.0,2.6520091376156425,1.400400864747534,-1.2516082728681086,-1.7417485755297455,2.7395341916623637,2.485711534926873,2.7570392024717076,-0.25382265673549087,-9.26517571884984,-0.09722895237894716,Q4 highest,Q1 biggest fall
Derbyshire,High Peak,178.0,280.0,261.0,202.0,158.0,300.0,high peak,East Midlands,High Peak,E07000037,1.0,2.0,0.0,1.0,0.0,17.0,0.0,0.0,0.0,4.0,7.0,8.0,8.0,7.0,9.0,91959.0,0.0,0.0,2.0,17.0,4.0,0.0,0.0,0.0,-0.14136734849226287,2.1966311073413154,1.718157004752118,2.838221381267739,-0.4784741025891974,-21.78217821782178,-0.24567266437423793,Q1 lowest,Q2
Derbyshire,North East Derbyshire,206.0,250.0,227.0,226.0,173.0,265.0,north east derbyshire,East Midlands,North East Derbyshire,E07000038,0.0,0.0,0.0,0.0,0.0,0.0,0.0,14.0,27.0,38.0,46.0,57.0,54.0,58.0,60.0,106646.0,0.0,27.0,0.0,0.0,38.0,0.0,0.25317405247266656,0.25317405247266656,0.3563190368133826,2.119160587363802,1.6221892991767155,2.1285374041220484,-0.49697128818708647,-23.45132743362832,-0.267243404774507,Q1 lowest,Q4 biggest rise
Derbyshire,South Derbyshire,211.0,233.0,244.0,250.0,245.0,314.0,south derbyshire,East Midlands,South Derbyshire,E07000039,93.0,101.0,82.0,116.0,83.0,0.0,0.0,0.0,0.0,1.0,1.0,1.0,17.0,24.0,36.0,117493.0,83.0,0.0,101.0,0.0,1.0,0.7064250636208114,0.0,-0.7064250636208114,0.008511145344829054,2.1277863362072633,2.085230609483118,2.076719464138289,-0.042555726724145426,-2.0000000000000018,-0.020202707317519466,Q3,Q1 biggest fall
Devon and Cornwall,Cornwall,1218.0,1518.0,1652.0,1763.0,2084.0,2049.0,cornwall,South West,Cornwall,E06000052,126.0,116.0,1.0,5.0,0.0,0.0,0.0,0.0,11.0,15.0,17.0,17.0,18.0,18.0,15.0,583289.0,0.0,11.0,116.0,0.0,15.0,0.0,0.018858576108927137,0.018858576108927137,0.025716240148537003,3.022515425458049,3.572842964636741,2.8322152483588754,0.5503275391786917,18.207600680657965,0.16727222047538728,Q1 lowest,Q3
Devon and Cornwall,Exeter,368.0,517.0,490.0,506.0,681.0,678.0,exeter,South West,Exeter,E07000041,64.0,81.0,93.0,7.0,4.0,0.0,9.0,14.0,13.0,18.0,23.0,18.0,20.0,21.0,26.0,138399.0,4.0,13.0,81.0,0.0,18.0,0.028901942933113677,0.09393131453261945,0.06502937159950578,0.13005874319901156,3.6560957810388803,4.9205557843626035,3.5404880093064253,1.2644600033237232,34.58498023715415,0.2970256368620468,Q2,Q3
Devon and Cornwall,Plymouth,1057.0,1318.0,1218.0,1246.0,1487.0,1379.0,plymouth,South West,Plymouth,E06000026,294.0,274.0,364.0,388.0,375.0,401.0,398.0,421.0,433.0,470.0,483.0,467.0,513.0,495.0,490.0,272067.0,375.0,433.0,274.0,401.0,470.0,1.3783369537650652,1.5915197359473952,0.21318278218233,0.25361399949277197,4.579754251710057,5.465565467329738,4.476838425828931,0.8858112156196816,19.34189406099518,0.17682224711275657,Q3,Q4 biggest rise
Devon and Cornwall,Torbay,356.0,427.0,461.0,517.0,595.0,627.0,torbay,South West,Torbay,E06000027,181.0,188.0,114.0,114.0,15.0,40.0,40.0,40.0,41.0,47.0,45.0,42.0,56.0,57.0,31.0,140126.0,15.0,41.0,188.0,40.0,47.0,0.10704651527910594,0.2925938084295563,0.18554729315045035,0.049955040463582776,3.689536559953185,4.246178439404536,3.2898962362445228,0.5566418794513512,15.087040618955516,0.14051853103720066,Q2,Q3
Dorset,Dorset,704.0,1036.0,1090.0,1000.0,1016.0,995.0,dorset,South West,Dorset,E06000059,0.0,0.0,0.0,5.0,297.0,187.0,402.0,297.0,5.0,9.0,7.0,2.0,5.0,5.0,6.0,389947.0,297.0,5.0,0.0,187.0,9.0,0.7616419667288119,0.01282225533213488,-0.748819711396677,-0.45647228982400173,2.564451066426976,2.6054822834898075,2.795251662405404,0.041031217062831526,1.6000000000000014,0.015873349156290163,Q3,Q1 biggest fall
Durham,County Durham,1387.0,1656.0,1791.0,1826.0,1864.0,2014.0,county durham,North East,County Durham,E06000047,2.0,6.0,77.0,126.0,157.0,229.0,294.0,388.0,425.0,448.0,483.0,529.0,566.0,592.0,634.0,538011.0,157.0,425.0,6.0,229.0,448.0,0.29181559484843245,0.7899466739527631,0.49813107910433063,0.4070548743427179,3.393982650912342,3.4646131770540007,3.3289282189397613,0.07063052614165866,2.0810514786418377,0.020596934090622694,Q2,Q4 biggest rise
Durham,Darlington,330.0,429.0,418.0,427.0,421.0,456.0,darlington,North East,Darlington,E06000005,90.0,90.0,121.0,171.0,154.0,171.0,209.0,230.0,228.0,223.0,232.0,220.0,226.0,228.0,214.0,112489.0,154.0,228.0,90.0,171.0,223.0,1.3690227488910027,2.026864849007459,0.657842100116456,0.46226742170345547,3.795926712834144,3.742588164176053,3.715918889847007,-0.05333854865809107,-1.4051522248243575,-0.014151179546243151,Q3,Q4 biggest rise
Dyfed-Powys,Carmarthenshire,411.0,534.0,601.0,441.0,533.0,689.0,carmarthenshire,Wales,Carmarthenshire,W06000010,0.0,0.0,11.0,15.0,18.0,25.0,30.0,38.0,37.0,41.0,39.0,39.0,58.0,58.0,60.0,190800.0,18.0,37.0,0.0,25.0,41.0,0.09433962264150943,0.19392033542976939,0.09958071278825996,0.08385744234800838,2.311320754716981,2.793501048218029,3.149895178197065,0.48218029350104796,20.861678004535158,0.1894765487189986,Q2,Q3
Dyfed-Powys,Pembrokeshire,325.0,415.0,426.0,318.0,432.0,487.0,pembrokeshire,Wales,Pembrokeshire,W06000009,0.0,0.0,0.0,1.0,0.0,0.0,0.0,0.0,4.0,8.0,6.0,9.0,6.0,17.0,16.0,125761.0,0.0,4.0,0.0,0.0,8.0,0.0,0.03180636286289072,0.03180636286289072,0.06361272572578144,2.5286058475998123,3.4350871891921977,3.3873776448978616,0.9064813415923854,35.849056603773576,0.3063742054639334,Q1 lowest,Q3
Dyfed-Powys,Powys,293.0,454.0,431.0,295.0,394.0,432.0,powys,Wales,Powys,W06000023,0.0,0.0,0.0,5.0,0.0,0.0,0.0,0.0,4.0,5.0,5.0,10.0,10.0,10.0,5.0,135059.0,0.0,4.0,0.0,0.0,5.0,0.0,0.02961668604091545,0.02961668604091545,0.037020857551144315,2.1842305955175148,2.917243575030172,3.19119792090864,0.7330129795126572,33.55932203389831,0.289375552958114,Q1 lowest,Q3
Essex,Basildon,519.0,681.0,687.0,565.0,575.0,643.0,basildon,East Of England,Basildon,E07000066,0.0,0.0,238.0,0.0,0.0,0.0,0.0,0.0,0.0,0.0,0.0,0.0,0.0,0.0,0.0,193632.0,0.0,0.0,0.0,0.0,0.0,0.0,0.0,0.0,0.0,2.9179061312179804,2.9695504875227234,3.5479672781358453,0.051644356304743066,1.7699115044247815,0.017544309650909525,Q1 lowest,Q2
Essex,Basildon,519.0,681.0,687.0,565.0,575.0,643.0,basildon,East of England,Basildon,E07000066,152.0,144.0,0.0,234.0,227.0,260.0,237.0,262.0,285.0,358.0,319.0,319.0,338.0,354.0,352.0,193632.0,227.0,285.0,144.0,260.0,358.0,1.1723268881176665,1.4718641546851758,0.29953726656750934,0.5061146917864816,2.9179061312179804,2.9695504875227234,3.5479672781358453,0.051644356304743066,1.7699115044247815,0.017544309650909525,Q3,Q4 biggest rise
Essex,Braintree,363.0,505.0,459.0,349.0,466.0,440.0,braintree,East Of England,Braintree,E07000067,0.0,0.0,9.0,0.0,0.0,0.0,0.0,0.0,0.0,0.0,0.0,0.0,0.0,0.0,0.0,164304.0,0.0,0.0,0.0,0.0,0.0,0.0,0.0,0.0,0.0,2.1241114032525075,2.8362060570649525,2.793602103418054,0.7120946538124451,33.5243553008596,0.2891137119232187,Q1 lowest,Q2
Essex,Braintree,363.0,505.0,459.0,349.0,466.0,440.0,braintree,East of England,Braintree,E07000067,2.0,2.0,0.0,140.0,529.0,568.0,543.0,564.0,531.0,594.0,664.0,1097.0,691.0,767.0,791.0,164304.0,529.0,531.0,2.0,568.0,594.0,3.2196416398870387,3.2318141980718664,0.012172558184827764,0.1582432564027656,2.1241114032525075,2.8362060570649525,2.793602103418054,0.7120946538124451,33.5243553008596,0.2891137119232187,Q4 highest,Q3
Essex,Brentwood,111.0,211.0,165.0,169.0,154.0,140.0,brentwood,East Of England,Brentwood,E07000068,0.0,0.0,21.0,0.0,0.0,0.0,0.0,0.0,0.0,0.0,0.0,0.0,0.0,0.0,0.0,79326.0,0.0,0.0,0.0,0.0,0.0,0.0,0.0,0.0,0.0,2.1304490331039,1.9413559236568088,2.0800242039180095,-0.18909310944709135,-8.875739644970416,-0.09294611250944432,Q1 lowest,Q2
Essex,Brentwood,111.0,211.0,165.0,169.0,154.0,140.0,brentwood,East of England,Brentwood,E07000068,15.0,15.0,0.0,16.0,17.0,16.0,14.0,15.0,13.0,27.0,23.0,23.0,23.0,19.0,22.0,79326.0,17.0,13.0,15.0,16.0,27.0,0.2143055240400373,0.1638806948541462,-0.05042482918589111,0.1386682802612006,2.1304490331039,1.9413559236568088,2.0800242039180095,-0.18909310944709135,-8.875739644970416,-0.09294611250944432,Q2,Q1 biggest fall
Essex,Castle Point,168.0,251.0,220.0,193.0,181.0,217.0,castle point,East Of England,Castle Point,E07000069,0.0,0.0,5.0,0.0,0.0,0.0,0.0,0.0,0.0,0.0,0.0,0.0,0.0,0.0,0.0,90581.0,0.0,0.0,0.0,0.0,0.0,0.0,0.0,0.0,0.0,2.130689658979256,1.9982115454675926,2.4287654143804995,-0.13247811351166328,-6.217616580310881,-0.0641931576390598,Q1 lowest,Q2
Essex,Castle Point,168.0,251.0,220.0,193.0,181.0,217.0,castle point,East of England,Castle Point,E07000069,8.0,8.0,0.0,5.0,4.0,3.0,3.0,4.0,4.0,9.0,10.0,15.0,25.0,26.0,25.0,90581.0,4.0,4.0,8.0,3.0,9.0,0.04415937117055453,0.04415937117055453,0.0,0.06623905675583179,2.130689658979256,1.9982115454675926,2.4287654143804995,-0.13247811351166328,-6.217616580310881,-0.0641931576390598,Q2,Q2
Essex,Chelmsford,464.0,557.0,583.0,508.0,634.0,597.0,chelmsford,East Of England,Chelmsford,E07000070,0.0,0.0,147.0,0.0,0.0,0.0,0.0,0.0,0.0,0.0,0.0,0.0,0.0,0.0,0.0,188803.0,0.0,0.0,0.0,0.0,0.0,0.0,0.0,0.0,0.0,2.69063521236421,3.3579974894466718,3.0878746630085327,0.6673622770824617,24.803149606299215,0.22156750685874405,Q1 lowest,Q2
Essex,Chelmsford,464.0,557.0,583.0,508.0,634.0,597.0,chelmsford,East of England,Chelmsford,E07000070,4.0,4.0,0.0,377.0,462.0,295.0,371.0,439.0,453.0,387.0,341.0,409.0,368.0,246.0,143.0,188803.0,462.0,453.0,4.0,295.0,387.0,2.446995015969026,2.399326281891707,-0.04766873407731875,0.4872803927903688,2.69063521236421,3.3579974894466718,3.0878746630085327,0.6673622770824617,24.803149606299215,0.22156750685874405,Q4 highest,Q1 biggest fall
Essex,Colchester,542.0,870.0,832.0,700.0,781.0,798.0,colchester,East Of England,Colchester,E07000071,0.0,0.0,363.0,0.0,0.0,0.0,0.0,0.0,0.0,0.0,0.0,0.0,0.0,0.0,0.0,200222.0,0.0,0.0,0.0,0.0,0.0,0.0,0.0,0.0,0.0,3.496119307568599,3.9006702560158226,4.1553875198529635,0.40455094844722383,11.571428571428566,0.10949481479628125,Q1 lowest,Q2
Essex,Colchester,542.0,870.0,832.0,700.0,781.0,798.0,colchester,East of England,Colchester,E07000071,226.0,228.0,0.0,335.0,187.0,235.0,218.0,232.0,228.0,282.0,294.0,286.0,316.0,317.0,302.0,200222.0,187.0,228.0,228.0,235.0,282.0,0.9339633007361828,1.1387360030366294,0.20477270230044653,0.23473943922246307,3.496119307568599,3.9006702560158226,4.1553875198529635,0.40455094844722383,11.571428571428566,0.10949481479628125,Q3,Q4 biggest rise
Essex,Epping Forest,217.0,318.0,243.0,242.0,239.0,244.0,epping forest,East Of England,Epping Forest,E07000072,0.0,0.0,323.0,0.0,0.0,0.0,0.0,0.0,0.0,0.0,0.0,0.0,0.0,0.0,0.0,137451.0,0.0,0.0,0.0,0.0,0.0,0.0,0.0,0.0,0.0,1.7606274235909523,1.7388014637943705,1.7679027435231465,-0.02182595979658175,-1.2396694214875992,-0.012474174225175688,Q1 lowest,Q2
Essex,Epping Forest,217.0,318.0,243.0,242.0,239.0,244.0,epping forest,East of England,Epping Forest,E07000072,248.0,271.0,0.0,324.0,267.0,234.0,116.0,197.0,148.0,57.0,223.0,247.0,173.0,128.0,81.0,137451.0,267.0,148.0,271.0,234.0,57.0,1.942510421895803,1.0767473499647147,-0.8657630719310883,-1.287731627998341,1.7606274235909523,1.7388014637943705,1.7679027435231465,-0.02182595979658175,-1.2396694214875992,-0.012474174225175688,Q3,Q1 biggest fall
Essex,Harlow,302.0,378.0,370.0,337.0,316.0,362.0,harlow,East Of England,Harlow,E07000073,0.0,0.0,93.0,0.0,0.0,0.0,0.0,0.0,0.0,0.0,0.0,0.0,0.0,0.0,0.0,98235.0,0.0,0.0,0.0,0.0,0.0,0.0,0.0,0.0,0.0,3.4305491932610575,3.2167760981320304,3.766478342749529,-0.2137730951290271,-6.231454005934722,-0.06434071676544965,Q1 lowest,Q2
Essex,Harlow,302.0,378.0,370.0,337.0,316.0,362.0,harlow,East of England,Harlow,E07000073,59.0,56.0,0.0,78.0,70.0,83.0,80.0,79.0,72.0,65.0,78.0,72.0,67.0,45.0,56.0,98235.0,70.0,72.0,56.0,83.0,65.0,0.7125769837634245,0.7329363261566652,0.020359342393240665,-0.1832340815391663,3.4305491932610575,3.2167760981320304,3.766478342749529,-0.2137730951290271,-6.231454005934722,-0.06434071676544965,Q3,Q3
Essex,Maldon,142.0,143.0,150.0,132.0,126.0,155.0,maldon,East of England,Maldon,E07000074,2.0,2.0,0.0,0.0,0.0,0.0,0.0,0.0,0.0,0.0,1.0,1.0,2.0,1.0,1.0,69131.0,0.0,0.0,2.0,0.0,0.0,0.0,0.0,0.0,0.0,1.909418350667573,1.8226266074554107,2.1697935803040607,-0.08679174321216232,-4.545454545454541,-0.04652001563489282,Q1 lowest,Q2
Essex,Rochford,131.0,167.0,180.0,139.0,148.0,162.0,rochford,East Of England,Rochford,E07000075,0.0,0.0,171.0,0.0,0.0,0.0,0.0,0.0,0.0,0.0,0.0,0.0,0.0,0.0,0.0,89815.0,0.0,0.0,0.0,0.0,0.0,0.0,0.0,0.0,0.0,1.5476256749986081,1.6478316539553528,2.0041195791348883,0.10020597895674466,6.474820143884896,0.06273834063342335,Q1 lowest,Q2
Essex,Rochford,131.0,167.0,180.0,139.0,148.0,162.0,rochford,East of England,Rochford,E07000075,156.0,134.0,0.0,183.0,140.0,111.0,167.0,135.0,146.0,132.0,144.0,160.0,118.0,73.0,141.0,89815.0,140.0,146.0,134.0,111.0,132.0,1.5587596726604689,1.6255636586316318,0.06680398597116288,0.2338139508990703,1.5476256749986081,1.6478316539553528,2.0041195791348883,0.10020597895674466,6.474820143884896,0.06273834063342335,Q3,Q3
Essex,Southend-on-Sea,603.0,831.0,813.0,713.0,681.0,793.0,southend-on-sea,East Of England,Southend-on-Sea,E06000033,0.0,0.0,239.0,0.0,0.0,0.0,0.0,0.0,0.0,0.0,0.0,0.0,0.0,0.0,0.0,185256.0,0.0,0.0,0.0,0.0,0.0,0.0,0.0,0.0,0.0,3.848728246318608,3.675994299779764,4.388521829252494,-0.17273394653884422,-4.488078541374474,-0.04591911426478357,Q1 lowest,Q2
Essex,Southend-on-Sea,603.0,831.0,813.0,713.0,681.0,793.0,southend-on-sea,East of England,Southend-on-Sea,E06000033,178.0,154.0,0.0,232.0,191.0,201.0,202.0,203.0,209.0,230.0,230.0,247.0,248.0,257.0,264.0,185256.0,191.0,209.0,154.0,201.0,230.0,1.0310057434037225,1.128168588331822,0.09716284492809946,0.15654013905082698,3.848728246318608,3.675994299779764,4.388521829252494,-0.17273394653884422,-4.488078541374474,-0.04591911426478357,Q3,Q3
Essex,Tendring,444.0,575.0,568.0,519.0,628.0,581.0,tendring,East Of England,Tendring,E07000076,0.0,0.0,103.0,0.0,0.0,0.0,0.0,0.0,0.0,0.0,0.0,0.0,0.0,0.0,0.0,156759.0,0.0,0.0,0.0,0.0,0.0,0.0,0.0,0.0,0.0,3.310814690065642,4.006149567169987,3.623396423809797,0.695334877104345,21.001926782273593,0.19063628330230997,Q1 lowest,Q2
Essex,Tendring,444.0,575.0,568.0,519.0,628.0,581.0,tendring,East of England,Tendring,E07000076,29.0,51.0,0.0,102.0,129.0,101.0,116.0,144.0,138.0,154.0,171.0,193.0,198.0,214.0,213.0,156759.0,129.0,138.0,51.0,101.0,154.0,0.8229192582244081,0.8803322297284366,0.057412971504028465,0.3380986099681677,3.310814690065642,4.006149567169987,3.623396423809797,0.695334877104345,21.001926782273593,0.19063628330230997,Q3,Q3
Essex,Thurrock,391.0,559.0,511.0,502.0,414.0,522.0,thurrock,East Of England,Thurrock,E06000034,0.0,0.0,338.0,0.0,0.0,0.0,0.0,0.0,0.0,0.0,0.0,0.0,0.0,0.0,0.0,180989.0,0.0,0.0,0.0,0.0,0.0,0.0,0.0,0.0,0.0,2.7736492273011066,2.2874318328738212,2.8233760062766247,-0.4862173944272854,-17.529880478087644,-0.19273414586641477,Q1 lowest,Q2
Essex,Thurrock,391.0,559.0,511.0,502.0,414.0,522.0,thurrock,East of England,Thurrock,E06000034,256.0,229.0,0.0,291.0,204.0,215.0,195.0,189.0,169.0,164.0,141.0,153.0,175.0,145.0,155.0,180989.0,204.0,169.0,229.0,215.0,164.0,1.1271403234450712,0.9337584052069463,-0.1933819182381249,-0.2817850808612678,2.7736492273011066,2.2874318328738212,2.8233760062766247,-0.4862173944272854,-17.529880478087644,-0.19273414586641477,Q3,Q1 biggest fall
Essex,Uttlesford,105.0,188.0,151.0,189.0,158.0,201.0,uttlesford,East Of England,Uttlesford,E07000077,0.0,0.0,184.0,0.0,0.0,0.0,0.0,0.0,0.0,0.0,0.0,0.0,0.0,0.0,0.0,95106.0,0.0,0.0,0.0,0.0,0.0,0.0,0.0,0.0,0.0,1.987256324522112,1.6613042289655753,1.5877021428721636,-0.3259520955565367,-16.402116402116405,-0.17915198203267563,Q1 lowest,Q2
Essex,Uttlesford,105.0,188.0,151.0,189.0,158.0,201.0,uttlesford,East of England,Uttlesford,E07000077,180.0,197.0,0.0,181.0,155.0,99.0,71.0,115.0,97.0,75.0,65.0,67.0,60.0,44.0,21.0,95106.0,155.0,97.0,197.0,99.0,75.0,1.6297604777826846,1.0199146215801316,-0.609845856202553,-0.25235000946312536,1.987256324522112,1.6613042289655753,1.5877021428721636,-0.3259520955565367,-16.402116402116405,-0.17915198203267563,Q3,Q1 biggest fall
Gloucestershire,Cheltenham,253.0,334.0,345.0,359.0,331.0,377.0,cheltenham,South West,Cheltenham,E07000078,25.0,24.0,97.0,120.0,110.0,65.0,53.0,51.0,60.0,70.0,188.0,174.0,162.0,69.0,143.0,121739.0,110.0,60.0,24.0,65.0,70.0,0.9035723966847108,0.4928576709189331,-0.41071472576577767,0.041071472576577756,2.948931730998283,2.718931484569448,2.833931607783865,-0.2300002464288351,-7.799442896935938,-0.08120401311121601,Q3,Q1 biggest fall
Gloucestershire,Forest of Dean,139.0,167.0,254.0,193.0,208.0,209.0,forest of dean,South West,Forest of Dean,E07000080,0.0,0.0,0.0,1.0,0.0,0.0,5.0,5.0,5.0,5.0,6.0,6.0,6.0,11.0,6.0,89753.0,0.0,5.0,0.0,0.0,5.0,0.0,0.05570844428598487,0.05570844428598487,0.05570844428598487,2.150345949439016,2.3174712822969705,2.8299889697280314,0.1671253328579545,7.772020725388606,0.07484789079643248,Q1 lowest,Q3
Gloucestershire,Gloucester,405.0,529.0,607.0,513.0,548.0,573.0,gloucester,South West,Gloucester,E07000081,466.0,458.0,463.0,479.0,413.0,429.0,372.0,379.0,384.0,353.0,336.0,405.0,388.0,316.0,290.0,138598.0,413.0,384.0,458.0,429.0,353.0,2.979840978946305,2.770602750400439,-0.20923822854586627,-0.5483484610167535,3.701352111863086,3.9538810083839597,4.37957257680486,0.25252889652087385,6.822612085769975,0.06599944177724594,Q4 highest,Q1 biggest fall
Gloucestershire,Stroud,158.0,221.0,311.0,326.0,263.0,318.0,stroud,South West,Stroud,E07000082,30.0,32.0,49.0,53.0,35.0,0.0,7.0,6.0,6.0,8.0,10.0,8.0,8.0,7.0,13.0,125680.0,35.0,6.0,32.0,0.0,8.0,0.2784850413749205,0.047740292807129214,-0.23074474856779126,0.06365372374283895,2.5938892425206874,2.0926161680458306,2.4745385105028643,-0.5012730744748568,-19.32515337423313,-0.21474334918894308,Q2,Q1 biggest fall
Gloucestershire,Tewkesbury,120.0,197.0,226.0,202.0,200.0,232.0,tewkesbury,South West,Tewkesbury,E07000083,80.0,85.0,68.0,73.0,0.0,0.0,0.0,4.0,4.0,4.0,4.0,1.0,0.0,0.0,4.0,101949.0,0.0,4.0,85.0,0.0,4.0,0.0,0.039235303926473036,0.039235303926473036,0.039235303926473036,1.9813828482868885,1.961765196323652,2.2167946718457268,-0.019617651963236504,-0.990099009900991,-0.009950330853168092,Q1 lowest,Q3
Greater Manchester,Bolton,798.0,1086.0,1185.0,1149.0,1188.0,1232.0,bolton,North West,Bolton,E08000001,781.0,752.0,962.0,993.0,928.0,1019.0,1042.0,1055.0,1096.0,1085.0,1097.0,1060.0,1067.0,1059.0,1037.0,310085.0,928.0,1096.0,752.0,1019.0,1085.0,2.9927278004418145,3.534514729832143,0.5417869293903284,0.21284486511762904,3.7054356063659966,3.831207572117323,3.8215328055210667,0.12577196575132632,3.394255874673635,0.03337922207383461,Q4 highest,Q4 biggest rise
Greater Manchester,Bury,553.0,735.0,732.0,726.0,779.0,781.0,bury,North West,Bury,E08000002,408.0,397.0,456.0,430.0,415.0,428.0,449.0,464.0,454.0,444.0,423.0,391.0,404.0,389.0,368.0,198921.0,415.0,454.0,397.0,428.0,444.0,2.0862553476003036,2.282313079061537,0.1960577314612335,0.08043394111230086,3.649690077970652,3.9161275079051485,3.6798528058877644,0.2664374299344967,7.3002754820936655,0.0704610310459522,Q4 highest,Q4 biggest rise
Greater Manchester,Manchester,2221.0,3069.0,3319.0,3027.0,3048.0,3323.0,manchester,North West,Manchester,E08000003,1968.0,1982.0,2068.0,2345.0,1714.0,1499.0,1627.0,2084.0,1985.0,1720.0,1997.0,2108.0,1846.0,1606.0,1509.0,589670.0,1714.0,1985.0,1982.0,1499.0,1720.0,2.9067105330099885,3.3662896196177523,0.4595790866077638,0.37478589719673716,5.133379686943545,5.168992826496176,5.628571913103939,0.03561313955263046,0.6937561942517378,0.006913607784818279,Q4 highest,Q4 biggest rise
Greater Manchester,Oldham,676.0,912.0,1036.0,1055.0,1115.0,1248.0,oldham,North West,Oldham,E08000004,914.0,910.0,836.0,856.0,717.0,721.0,829.0,843.0,841.0,740.0,779.0,795.0,796.0,781.0,733.0,251560.0,717.0,841.0,910.0,721.0,740.0,2.8502146605183656,3.3431388138018763,0.4929241532835107,0.0755287009063444,4.193830497694387,4.432342184767053,4.118301796788042,0.23851168707266623,5.687203791469186,0.055313637984052186,Q4 highest,Q4 biggest rise
Greater Manchester,Rochdale,773.0,1075.0,935.0,944.0,1008.0,1072.0,rochdale,North West,Rochdale,E08000005,866.0,851.0,884.0,950.0,820.0,834.0,802.0,825.0,886.0,833.0,814.0,731.0,719.0,715.0,727.0,235561.0,820.0,886.0,851.0,834.0,833.0,3.481051617203187,3.7612338205390534,0.2801822033358663,-0.004245184899028277,4.007454544682694,4.279146378220504,3.9692478805914395,0.27169183353781,6.779661016949157,0.06559728248581327,Q4 highest,Q4 biggest rise
Greater Manchester,Salford,851.0,971.0,1070.0,1016.0,1207.0,1261.0,salford,North West,Salford,E08000006,794.0,765.0,858.0,830.0,786.0,849.0,751.0,730.0,740.0,752.0,701.0,692.0,706.0,681.0,656.0,294348.0,786.0,740.0,765.0,849.0,752.0,2.6703086142932855,2.5140310109122534,-0.15627760338103203,-0.32954190278174134,3.451696631198445,4.100588419150121,3.635152948210961,0.6488917879516758,18.799212598425207,0.1722645929591044,Q4 highest,Q1 biggest fall
Greater Manchester,Stockport,653.0,802.0,855.0,853.0,896.0,943.0,stockport,North West,Stockport,E08000007,664.0,665.0,545.0,1010.0,793.0,504.0,636.0,834.0,847.0,630.0,718.0,955.0,834.0,609.0,664.0,303929.0,793.0,847.0,665.0,504.0,630.0,2.6091620082321856,2.7868350831937723,0.17767307496158669,0.4145705082437016,2.806576535967282,2.9480569475107674,2.8131570202251184,0.14148041154348556,5.041031652989458,0.04918086548325144,Q4 highest,Q3
Greater Manchester,Tameside,575.0,793.0,792.0,854.0,945.0,924.0,tameside,North West,Tameside,E08000008,464.0,456.0,510.0,521.0,476.0,510.0,512.0,528.0,536.0,535.0,533.0,515.0,508.0,506.0,488.0,239643.0,476.0,536.0,456.0,510.0,535.0,1.9862879366390838,2.236660365627204,0.2503724289881204,0.10432184541171659,3.563634239264239,3.943365756562887,3.3049160626431817,0.37973151729864796,10.655737704918034,0.10125373370517289,Q3,Q4 biggest rise
Greater Manchester,Trafford,500.0,520.0,608.0,584.0,612.0,708.0,trafford,North West,Trafford,E08000009,99.0,232.0,248.0,236.0,207.0,154.0,150.0,159.0,381.0,360.0,419.0,474.0,407.0,258.0,165.0,241025.0,207.0,381.0,232.0,154.0,360.0,0.8588320713618919,1.5807488849704388,0.7219168136085469,0.8546831241572451,2.422985167513743,2.539155689243854,2.522559900425267,0.116170521730111,4.794520547945202,0.04683129968409899,Q3,Q4 biggest rise
Greater Manchester,Wigan,811.0,1089.0,1090.0,1086.0,1238.0,1236.0,wigan,North West,Wigan,E08000010,1152.0,1150.0,1331.0,1442.0,1296.0,1285.0,1236.0,1239.0,1218.0,1198.0,1207.0,1220.0,1189.0,1188.0,1193.0,344922.0,1296.0,1218.0,1150.0,1285.0,1198.0,3.757371231756745,3.531233148363978,-0.2261380833927671,-0.2522309391688556,3.1485379303146797,3.5892172723108415,3.1601347551040524,0.4406793419961619,13.996316758747707,0.13099595275066073,Q4 highest,Q1 biggest fall
Gwent,Blaenau Gwent,137.0,249.0,238.0,235.0,226.0,300.0,blaenau gwent,Wales,Blaenau Gwent,W06000019,0.0,0.0,28.0,29.0,20.0,35.0,33.0,40.0,36.0,33.0,38.0,38.0,42.0,40.0,42.0,67873.0,20.0,36.0,0.0,35.0,33.0,0.2946679828503234,0.5304023691305821,0.23573438628025872,-0.029466798285032337,3.4623487984913,3.3297482062086545,3.5065489959188487,-0.13260059228264565,-3.8297872340425587,-0.03905051487187314,Q2,Q4 biggest rise
Gwent,Caerphilly,379.0,511.0,481.0,416.0,582.0,660.0,caerphilly,Wales,Caerphilly,W06000018,8.0,8.0,23.0,36.0,37.0,39.0,50.0,58.0,52.0,68.0,74.0,92.0,94.0,89.0,84.0,176865.0,37.0,52.0,8.0,39.0,68.0,0.20919910666327424,0.29400955531054757,0.08481044864727333,0.1639668673847285,2.3520764424843805,3.2906454075142055,2.7195883866225654,0.938568965029825,39.903846153846146,0.3357851874701745,Q2,Q3
Gwent,Monmouthshire,152.0,210.0,259.0,239.0,256.0,327.0,monmouthshire,Wales,Monmouthshire,W06000021,0.0,0.0,0.0,0.0,0.0,0.0,0.0,0.0,0.0,0.0,0.0,0.0,0.0,1.0,1.0,94930.0,0.0,0.0,0.0,0.0,0.0,0.0,0.0,0.0,0.0,2.5176445802170018,2.6967239018223954,2.7283261350468764,0.17907932160539364,7.112970711297062,0.06871389254805173,Q1 lowest,Q2
Gwent,Newport,371.0,442.0,525.0,482.0,619.0,662.0,newport,Wales,Newport,W06000022,437.0,409.0,436.0,424.0,353.0,413.0,402.0,412.0,386.0,408.0,367.0,360.0,349.0,344.0,306.0,167899.0,353.0,386.0,409.0,413.0,408.0,2.1024544517835126,2.2990011852363623,0.19654673345284968,-0.02977980809891661,2.8707735007355613,3.6867402426458766,3.126879850386244,0.8159667419103154,28.42323651452283,0.25016115863399585,Q4 highest,Q4 biggest rise
Gwent,Torfaen,186.0,299.0,316.0,298.0,384.0,389.0,torfaen,Wales,Torfaen,W06000020,1.0,1.0,1.0,4.0,9.0,12.0,12.0,12.0,14.0,9.0,9.0,12.0,12.0,10.0,10.0,94119.0,9.0,14.0,1.0,12.0,9.0,0.09562362541038473,0.14874786174948734,0.05312423633910261,-0.031874541803461574,3.1662044858105167,4.0799413508430815,3.357451736631286,0.9137368650325648,28.859060402684555,0.25354906608232236,Q2,Q3
Hampshire,East Hampshire,191.0,273.0,283.0,235.0,236.0,291.0,east hampshire,South East,East Hampshire,E07000085,211.0,206.0,252.0,250.0,5.0,5.0,4.0,8.0,8.0,11.0,9.0,9.0,8.0,8.0,8.0,129975.0,5.0,8.0,206.0,5.0,11.0,0.03846893633391037,0.06155029813425659,0.02308136180034622,0.04616272360069244,1.8080400076937873,1.8157337949605694,2.1773417964993267,0.007693787266782159,0.42553191489360653,0.004246290881451004,Q2,Q3
Hampshire,Eastleigh,274.0,380.0,393.0,334.0,367.0,375.0,eastleigh,South East,Eastleigh,E07000086,3.0,3.0,3.0,1.0,5.0,7.0,5.0,5.0,5.0,5.0,0.0,5.0,5.0,3.0,10.0,142933.0,5.0,5.0,3.0,7.0,5.0,0.03498142486339754,0.03498142486339754,0.0,-0.013992569945359015,2.3367591808749557,2.567636584973379,2.7495399942630465,0.23087740409842317,9.880239520958089,0.09422085507786991,Q2,Q2
Hampshire,Fareham,203.0,297.0,275.0,263.0,303.0,306.0,fareham,South East,Fareham,E07000087,14.0,14.0,24.0,23.0,25.0,26.0,24.0,28.0,20.0,32.0,29.0,31.0,28.0,23.0,24.0,115428.0,25.0,20.0,14.0,26.0,32.0,0.21658523061995358,0.17326818449596285,-0.04331704612399073,0.051980455348788854,2.2784766261219116,2.625012995113837,2.382437536819489,0.3465363689919254,15.209125475285168,0.14157877333160457,Q2,Q1 biggest fall
Hampshire,Gosport,229.0,287.0,340.0,276.0,337.0,338.0,gosport,South East,Gosport,E07000088,15.0,15.0,19.0,20.0,13.0,15.0,16.0,16.0,17.0,23.0,23.0,21.0,21.0,21.0,23.0,82921.0,13.0,17.0,15.0,15.0,23.0,0.15677572629370123,0.20501441130714776,0.048238685013446525,0.09647737002689306,3.3284692659278106,4.064109212382871,4.100288226142956,0.73563994645506,22.101449275362327,0.1996820646352118,Q2,Q3
Hampshire,Havant,351.0,498.0,459.0,455.0,414.0,442.0,havant,South East,Havant,E07000090,7.0,7.0,9.0,18.0,16.0,17.0,16.0,17.0,14.0,14.0,13.0,15.0,17.0,16.0,15.0,126985.0,16.0,14.0,7.0,17.0,14.0,0.12599913375595542,0.110249242036461,-0.015749891719494424,-0.023624837579241643,3.5831003661849827,3.260227585935347,3.6146001496239712,-0.32287278024963584,-9.010989010989013,-0.09443144512563605,Q2,Q1 biggest fall
Hampshire,New Forest,366.0,466.0,424.0,438.0,450.0,440.0,new forest,South East,New Forest,E07000091,0.0,0.0,0.0,1.0,0.0,0.0,0.0,0.0,0.0,1.0,1.0,1.0,2.0,0.0,7.0,176116.0,0.0,0.0,0.0,0.0,1.0,0.0,0.0,0.0,0.005678075813668264,2.4869972063867,2.555134116150719,2.407504144995344,0.0681369097640192,2.7397260273972712,0.02702867238791942,Q1 lowest,Q2
Hampshire,Portsmouth,834.0,966.0,992.0,938.0,1100.0,1045.0,portsmouth,South East,Portsmouth,E06000044,561.0,542.0,770.0,739.0,648.0,708.0,678.0,733.0,770.0,766.0,700.0,761.0,742.0,699.0,660.0,214321.0,648.0,770.0,542.0,708.0,766.0,3.0235021299825964,3.592741728528702,0.5692395985461056,0.2706221042268373,4.376612651116783,5.132488183612431,4.628571161948666,0.7558755324956481,17.27078891257996,0.15931550978023726,Q4 highest,Q4 biggest rise
Hampshire,Southampton,956.0,1339.0,1351.0,1332.0,1375.0,1286.0,southampton,South East,Southampton,E06000045,387.0,373.0,370.0,377.0,341.0,320.0,297.0,301.0,313.0,315.0,308.0,329.0,342.0,336.0,315.0,259424.0,341.0,313.0,373.0,320.0,315.0,1.3144504748982362,1.2065190576045393,-0.10793141729369693,-0.019273467373874427,5.134451708400149,5.300203527815468,5.207690884420871,0.1657518194153198,3.228228228228236,0.031772159000337294,Q3,Q1 biggest fall
Hampshire,Test Valley,302.0,411.0,417.0,301.0,379.0,320.0,test valley,South East,Test Valley,E07000093,94.0,90.0,79.0,75.0,0.0,0.0,2.0,6.0,6.0,8.0,9.0,2.0,11.0,14.0,22.0,135201.0,0.0,6.0,90.0,0.0,8.0,0.0,0.04437836998247054,0.04437836998247054,0.05917115997662739,2.226314894120606,2.803233703892723,3.084296713781703,0.576918809772117,25.913621262458463,0.23042594033355054,Q1 lowest,Q3
Hampshire,Winchester,267.0,362.0,385.0,333.0,361.0,353.0,winchester,South East,Winchester,E07000094,47.0,50.0,0.0,1.0,0.0,0.0,8.0,21.0,21.0,40.0,35.0,53.0,68.0,70.0,67.0,135632.0,0.0,21.0,50.0,0.0,40.0,0.0,0.15483071841453344,0.15483071841453344,0.29491565412292087,2.455172820573316,2.6616137784593605,2.838563170933113,0.20644095788604444,8.40840840840842,0.08073546835243718,Q1 lowest,Q3
Hertfordshire,Broxbourne,137.0,153.0,171.0,179.0,183.0,196.0,broxbourne,East Of England,Broxbourne,E07000095,0.0,0.0,434.0,0.0,0.0,0.0,0.0,0.0,0.0,0.0,0.0,0.0,0.0,0.0,0.0,101900.0,0.0,0.0,0.0,0.0,0.0,0.0,0.0,0.0,0.0,1.7566241413150145,1.7958783120706576,1.678115799803729,0.03925417075564308,2.2346368715083775,0.02210034700066592,Q1 lowest,Q2
Hertfordshire,Broxbourne,137.0,153.0,171.0,179.0,183.0,196.0,broxbourne,East of England,Broxbourne,E07000095,266.0,392.0,0.0,414.0,376.0,261.0,239.0,214.0,353.0,313.0,339.0,345.0,361.0,194.0,43.0,101900.0,376.0,353.0,392.0,261.0,313.0,3.6898920510304216,3.464180569185476,-0.22571148184494572,0.5103042198233562,1.7566241413150145,1.7958783120706576,1.678115799803729,0.03925417075564308,2.2346368715083775,0.02210034700066592,Q4 highest,Q1 biggest fall
Hertfordshire,Dacorum,238.0,290.0,315.0,299.0,377.0,430.0,dacorum,East Of England,Dacorum,E07000096,0.0,0.0,538.0,0.0,0.0,0.0,0.0,0.0,0.0,0.0,0.0,0.0,0.0,0.0,0.0,161420.0,0.0,0.0,0.0,0.0,0.0,0.0,0.0,0.0,0.0,1.8523107421633007,2.3355222401189444,1.9514310494362532,0.48321149795564367,26.086956521739136,0.23180161405732438,Q1 lowest,Q2
Hertfordshire,Dacorum,238.0,290.0,315.0,299.0,377.0,430.0,dacorum,East of England,Dacorum,E07000096,541.0,536.0,0.0,598.0,569.0,491.0,418.0,615.0,572.0,498.0,504.0,545.0,464.0,365.0,274.0,161420.0,569.0,572.0,536.0,491.0,498.0,3.524965927394375,3.5435509850080535,0.01858505761367857,0.04336513443191674,1.8523107421633007,2.3355222401189444,1.9514310494362532,0.48321149795564367,26.086956521739136,0.23180161405732438,Q4 highest,Q3
Hertfordshire,East Hertfordshire,179.0,280.0,269.0,262.0,273.0,315.0,east hertfordshire,East of England,East Hertfordshire,E07000242,0.0,0.0,0.0,0.0,0.0,0.0,0.0,0.0,0.0,0.0,0.0,1.0,0.0,0.0,1.0,156875.0,0.0,0.0,0.0,0.0,0.0,0.0,0.0,0.0,0.0,1.6701195219123506,1.7402390438247013,1.7147410358565736,0.07011952191235071,4.198473282442738,0.04112729142386279,Q1 lowest,Q2
Hertfordshire,Hertsmere,178.0,203.0,204.0,179.0,228.0,229.0,hertsmere,East Of England,Hertsmere,E07000098,0.0,0.0,66.0,0.0,0.0,0.0,0.0,0.0,0.0,0.0,0.0,0.0,0.0,0.0,0.0,110212.0,0.0,0.0,0.0,0.0,0.0,0.0,0.0,0.0,0.0,1.6241425616085363,2.068740246071208,1.8509781149058178,0.44459768446267156,27.37430167597765,0.24195982311368577,Q1 lowest,Q2
Hertfordshire,Hertsmere,178.0,203.0,204.0,179.0,228.0,229.0,hertsmere,East of England,Hertsmere,E07000098,75.0,73.0,0.0,53.0,2.0,12.0,2.0,2.0,2.0,19.0,32.0,34.0,45.0,39.0,58.0,110212.0,2.0,2.0,73.0,12.0,19.0,0.018146844263782526,0.018146844263782526,0.0,0.06351395492323884,1.6241425616085363,2.068740246071208,1.8509781149058178,0.44459768446267156,27.37430167597765,0.24195982311368577,Q2,Q2
Hertfordshire,North Hertfordshire,216.0,260.0,275.0,261.0,277.0,323.0,north hertfordshire,East Of England,North Hertfordshire,E07000099,0.0,0.0,51.0,0.0,0.0,0.0,0.0,0.0,0.0,0.0,0.0,0.0,0.0,0.0,0.0,137201.0,0.0,0.0,0.0,0.0,0.0,0.0,0.0,0.0,0.0,1.902318496220873,2.018935722042842,2.004358568815096,0.11661722582196887,6.130268199233724,0.05949709886464516,Q1 lowest,Q2
Hertfordshire,North Hertfordshire,216.0,260.0,275.0,261.0,277.0,323.0,north hertfordshire,East of England,North Hertfordshire,E07000099,84.0,124.0,0.0,252.0,232.0,158.0,181.0,180.0,181.0,152.0,161.0,179.0,158.0,68.0,8.0,137201.0,232.0,181.0,124.0,158.0,152.0,1.6909497744185538,1.3192323671110269,-0.3717174073075269,-0.04373145968323846,1.902318496220873,2.018935722042842,2.004358568815096,0.11661722582196887,6.130268199233724,0.05949709886464516,Q3,Q1 biggest fall
Hertfordshire,St Albans,200.0,234.0,274.0,241.0,273.0,291.0,st albans,East Of England,St Albans,E07000240,0.0,0.0,204.0,0.0,0.0,0.0,0.0,0.0,0.0,0.0,0.0,0.0,0.0,0.0,0.0,151012.0,0.0,0.0,0.0,0.0,0.0,0.0,0.0,0.0,0.0,1.5958996636028926,1.8078033533758906,1.814425343681297,0.211903689772998,13.278008298755184,0.12467486169430471,Q1 lowest,Q2
Hertfordshire,St Albans,200.0,234.0,274.0,241.0,273.0,291.0,st albans,East of England,St Albans,E07000240,230.0,218.0,0.0,185.0,168.0,73.0,57.0,52.0,83.0,57.0,78.0,67.0,53.0,40.0,24.0,151012.0,168.0,83.0,218.0,73.0,57.0,1.1124943713082402,0.549625195348714,-0.5628691759595262,-0.10595184488649909,1.5958996636028926,1.8078033533758906,1.814425343681297,0.211903689772998,13.278008298755184,0.12467486169430471,Q3,Q1 biggest fall
Hertfordshire,Stevenage,218.0,302.0,305.0,293.0,331.0,391.0,stevenage,East Of England,Stevenage,E07000243,0.0,0.0,224.0,0.0,0.0,0.0,0.0,0.0,0.0,0.0,0.0,0.0,0.0,0.0,0.0,91774.0,0.0,0.0,0.0,0.0,0.0,0.0,0.0,0.0,0.0,3.192625362303049,3.606685989495936,3.323381349837645,0.41406062719288705,12.969283276450504,0.12194576635999553,Q1 lowest,Q2
Hertfordshire,Stevenage,218.0,302.0,305.0,293.0,331.0,391.0,stevenage,East of England,Stevenage,E07000243,213.0,218.0,0.0,394.0,388.0,350.0,311.0,413.0,419.0,372.0,361.0,406.0,322.0,261.0,267.0,91774.0,388.0,419.0,218.0,350.0,372.0,4.227776930285266,4.565563231416306,0.3377863011310396,0.2397193104800924,3.192625362303049,3.606685989495936,3.323381349837645,0.41406062719288705,12.969283276450504,0.12194576635999553,Q4 highest,Q4 biggest rise
Hertfordshire,Three Rivers,113.0,159.0,141.0,145.0,193.0,202.0,three rivers,East of England,Three Rivers,E07000102,0.0,0.0,0.0,1.0,0.0,0.0,4.0,5.0,4.0,5.0,6.0,4.0,4.0,4.0,5.0,95807.0,0.0,4.0,0.0,0.0,5.0,0.0,0.04175060277432755,0.04175060277432755,0.052188253467909444,1.5134593505693739,2.0144665838613047,1.4717087477950463,0.5010072332919309,33.10344827586207,0.2859564464843111,Q1 lowest,Q3
Hertfordshire,Watford,204.0,278.0,257.0,276.0,318.0,325.0,watford,East Of England,Watford,E07000103,0.0,0.0,15.0,0.0,0.0,0.0,0.0,0.0,0.0,0.0,0.0,0.0,0.0,0.0,0.0,107171.0,0.0,0.0,0.0,0.0,0.0,0.0,0.0,0.0,0.0,2.5753235483479675,2.9672206100530927,2.398036782338506,0.39189706170512517,15.217391304347828,0.14165051706302684,Q1 lowest,Q2
Hertfordshire,Watford,204.0,278.0,257.0,276.0,318.0,325.0,watford,East of England,Watford,E07000103,14.0,13.0,0.0,20.0,3.0,8.0,4.0,1.0,1.0,8.0,10.0,20.0,14.0,18.0,24.0,107171.0,3.0,1.0,13.0,8.0,8.0,0.027992647264651817,0.009330882421550607,-0.01866176484310121,0.0,2.5753235483479675,2.9672206100530927,2.398036782338506,0.39189706170512517,15.217391304347828,0.14165051706302684,Q2,Q1 biggest fall
Hertfordshire,Welwyn Hatfield,244.0,322.0,276.0,268.0,370.0,381.0,welwyn hatfield,East Of England,Welwyn Hatfield,E07000241,0.0,0.0,286.0,0.0,0.0,0.0,0.0,0.0,0.0,0.0,0.0,0.0,0.0,0.0,0.0,122819.0,0.0,0.0,0.0,0.0,0.0,0.0,0.0,0.0,0.0,2.1820728063247543,3.0125632027617875,2.24720930800609,0.8304903964370332,38.05970149253732,0.3225160251274135,Q1 lowest,Q2
Hertfordshire,Welwyn Hatfield,244.0,322.0,276.0,268.0,370.0,381.0,welwyn hatfield,East of England,Welwyn Hatfield,E07000241,261.0,256.0,0.0,283.0,241.0,216.0,176.0,276.0,228.0,214.0,263.0,246.0,199.0,153.0,131.0,122819.0,241.0,228.0,256.0,216.0,214.0,1.9622371131502456,1.8563902979180746,-0.10584681523217099,-0.01628412542033399,2.1820728063247543,3.0125632027617875,2.24720930800609,0.8304903964370332,38.05970149253732,0.3225160251274135,Q3,Q1 biggest fall
Humberside,East Riding of Yorkshire,615.0,703.0,643.0,684.0,722.0,763.0,east riding of yorkshire,Yorkshire And The Humber,East Riding of Yorkshire,E06000011,0.0,249.0,84.0,0.0,0.0,0.0,0.0,0.0,0.0,0.0,0.0,0.0,0.0,0.0,0.0,355884.0,0.0,0.0,249.0,0.0,0.0,0.0,0.0,0.0,0.0,1.9219745759854334,2.0287509413179574,1.8067684976003415,0.10677636533252399,5.555555555555558,0.05406722127027579,Q1 lowest,Q2
Humberside,East Riding of Yorkshire,615.0,703.0,643.0,684.0,722.0,763.0,east riding of yorkshire,Yorkshire and The Humber,East Riding of Yorkshire,E06000011,286.0,20.0,0.0,163.0,52.0,65.0,32.0,47.0,60.0,57.0,60.0,50.0,53.0,73.0,55.0,355884.0,52.0,60.0,20.0,65.0,57.0,0.14611502624450665,0.1685942610513538,0.02247923480684716,-0.022479234806847177,1.9219745759854334,2.0287509413179574,1.8067684976003415,0.10677636533252399,5.555555555555558,0.05406722127027579,Q2,Q3
Humberside,"Kingston upon Hull, City of",1160.0,1168.0,1121.0,1114.0,1104.0,1186.0,kingston upon hull of,Yorkshire And The Humber,"Kingston upon Hull, City of",E06000010,0.0,252.0,960.0,0.0,0.0,0.0,0.0,0.0,0.0,0.0,0.0,0.0,0.0,0.0,0.0,275401.0,0.0,0.0,252.0,0.0,0.0,0.0,0.0,0.0,0.0,4.045010729808534,4.008700041031078,4.070428211952752,-0.0363106887774558,-0.8976660682226245,-0.009017193650188745,Q1 lowest,Q2
Humberside,"Kingston upon Hull, City of",1160.0,1168.0,1121.0,1114.0,1104.0,1186.0,kingston upon hull of,Yorkshire and The Humber,"Kingston upon Hull, City of",E06000010,942.0,698.0,0.0,982.0,795.0,790.0,946.0,990.0,955.0,915.0,787.0,777.0,766.0,608.0,522.0,275401.0,795.0,955.0,698.0,790.0,915.0,2.886699757807706,3.467670778246992,0.5809710204392862,0.45388360971819275,4.045010729808534,4.008700041031078,4.070428211952752,-0.0363106887774558,-0.8976660682226245,-0.009017193650188745,Q4 highest,Q4 biggest rise
Humberside,North East Lincolnshire,542.0,626.0,604.0,643.0,620.0,615.0,north east lincolnshire,Yorkshire And The Humber,North East Lincolnshire,E06000012,0.0,0.0,155.0,0.0,0.0,0.0,0.0,0.0,0.0,0.0,0.0,0.0,0.0,0.0,0.0,159911.0,0.0,0.0,0.0,0.0,0.0,0.0,0.0,0.0,0.0,4.020986673837322,3.877156668396796,3.7771010124381688,-0.1438300054405257,-3.5769828926905167,-0.036425246198482183,Q1 lowest,Q2
Humberside,North East Lincolnshire,542.0,626.0,604.0,643.0,620.0,615.0,north east lincolnshire,Yorkshire and The Humber,North East Lincolnshire,E06000012,91.0,87.0,0.0,155.0,141.0,161.0,195.0,203.0,215.0,213.0,224.0,242.0,277.0,282.0,267.0,159911.0,141.0,215.0,87.0,161.0,213.0,0.8817404681354003,1.34449787694405,0.4627574088086498,0.3251808818655377,4.020986673837322,3.877156668396796,3.7771010124381688,-0.1438300054405257,-3.5769828926905167,-0.036425246198482183,Q3,Q4 biggest rise
Humberside,North Lincolnshire,414.0,517.0,495.0,504.0,536.0,529.0,north lincolnshire,Yorkshire And The Humber,North Lincolnshire,E06000013,0.0,0.0,3.0,0.0,0.0,0.0,0.0,0.0,0.0,0.0,0.0,0.0,0.0,0.0,0.0,171336.0,0.0,0.0,0.0,0.0,0.0,0.0,0.0,0.0,0.0,2.9415884577671942,3.12835597889527,2.889060092449923,0.18676752112807593,6.349206349206349,0.061557892999433365,Q1 lowest,Q2
Humberside,North Lincolnshire,414.0,517.0,495.0,504.0,536.0,529.0,north lincolnshire,Yorkshire and The Humber,North Lincolnshire,E06000013,3.0,3.0,0.0,7.0,15.0,15.0,30.0,41.0,50.0,63.0,58.0,71.0,80.0,74.0,87.0,171336.0,15.0,50.0,3.0,15.0,63.0,0.08754727552878555,0.2918242517626185,0.20427697623383295,0.28015128169211373,2.9415884577671942,3.12835597889527,2.889060092449923,0.18676752112807593,6.349206349206349,0.061557892999433365,Q2,Q4 biggest rise
Kent,Ashford,337.0,474.0,418.0,378.0,404.0,412.0,ashford,South East,Ashford,E07000105,232.0,200.0,200.0,201.0,181.0,132.0,113.0,189.0,203.0,191.0,159.0,200.0,168.0,104.0,38.0,140936.0,181.0,203.0,200.0,132.0,191.0,1.2842708747232787,1.4403700970653346,0.15609922234205587,0.4186297326446047,2.682068456604416,2.8665493557359367,2.9658852244990634,0.18448089913152055,6.8783068783068835,0.06652068234156243,Q3,Q3
Kent,Canterbury,484.0,577.0,549.0,563.0,437.0,470.0,canterbury,South East,Canterbury,E07000106,14.0,16.0,63.0,73.0,72.0,85.0,94.0,108.0,103.0,156.0,184.0,199.0,227.0,222.0,205.0,162100.0,72.0,103.0,16.0,85.0,156.0,0.4441702652683529,0.6354102405922271,0.19123997532387416,0.4380012338062924,3.473164713140037,2.6958667489204196,3.3867982726711907,-0.7772979642196174,-22.380106571936054,-0.2533464330441002,Q2,Q3
Kent,Dover,335.0,421.0,408.0,410.0,435.0,411.0,dover,South East,Dover,E07000108,3.0,3.0,1.0,13.0,13.0,29.0,23.0,36.0,30.0,65.0,60.0,73.0,67.0,74.0,83.0,119768.0,13.0,30.0,3.0,29.0,65.0,0.10854318348807696,0.25048426958786985,0.1419410860997929,0.30058112350544386,3.423285017700888,3.6320219090241133,3.4065860663950307,0.20873689132322504,6.0975609756097615,0.059188871390330654,Q2,Q3
Kent,Folkestone and Hythe,313.0,408.0,400.0,398.0,376.0,378.0,folkestone and hythe,South East,Folkestone and Hythe,E07000112,410.0,380.0,339.0,380.0,297.0,216.0,306.0,162.0,193.0,175.0,99.0,313.0,31.0,38.0,45.0,112411.0,297.0,193.0,380.0,216.0,175.0,2.642090186903417,1.7169138251594596,-0.9251763617439572,-0.36473298876444477,3.540578768981683,3.3448683847666154,3.5583706220921436,-0.1957103842150678,-5.527638190954775,-0.05686286189454321,Q4 highest,Q1 biggest fall
Kent,Maidstone,389.0,505.0,455.0,324.0,73.0,1.0,maidstone,South East,Maidstone,E07000110,6.0,7.0,9.0,21.0,4.0,7.0,6.0,27.0,34.0,47.0,45.0,45.0,42.0,54.0,46.0,187767.0,4.0,34.0,7.0,7.0,47.0,0.021302997864374465,0.18107548184718295,0.15977248398280847,0.21302997864374465,1.7255428270143316,0.38877971102483394,2.4232160070725954,-1.3367631159894977,-77.46913580246914,-1.4902840746439383,Q2,Q3
Kent,Medway,864.0,973.0,876.0,672.0,165.0,3.0,medway,South East,Medway,E06000035,15.0,14.0,28.0,62.0,85.0,102.0,121.0,167.0,194.0,195.0,187.0,211.0,252.0,316.0,346.0,292655.0,85.0,194.0,14.0,102.0,195.0,0.29044437990124894,0.6628965847157917,0.3724522048145428,0.3177803215390135,2.2962190975722265,0.5638037962788949,2.9932856093352243,-1.7324153012933317,-75.44642857142857,-1.404312866622569,Q2,Q4 biggest rise
Kent,Sevenoaks,213.0,254.0,230.0,186.0,248.0,198.0,sevenoaks,South East,Sevenoaks,E07000111,0.0,0.0,0.0,0.0,0.0,0.0,0.0,0.0,0.0,2.0,3.0,4.0,4.0,4.0,4.0,122748.0,0.0,0.0,0.0,0.0,2.0,0.0,0.0,0.0,0.016293544497670023,1.5152996382833122,2.0203995177110827,1.8737576172320525,0.5050998794277706,33.33333333333333,0.28768207245178085,Q1 lowest,Q2
Kent,Swale,482.0,602.0,560.0,521.0,586.0,585.0,swale,South East,Swale,E07000113,3.0,2.0,29.0,36.0,29.0,19.0,25.0,22.0,43.0,46.0,49.0,51.0,61.0,72.0,77.0,158379.0,29.0,43.0,2.0,19.0,46.0,0.18310508337595263,0.2715006408677918,0.08839555749183917,0.17047714659140414,3.289577532374873,3.6999854778726977,3.5358222996735678,0.41040794549782467,12.476007677543176,0.11756974782364561,Q2,Q3
Kent,Thanet,544.0,669.0,644.0,562.0,626.0,623.0,thanet,South East,Thanet,E07000114,3.0,1.0,8.0,78.0,78.0,63.0,78.0,90.0,108.0,103.0,126.0,126.0,122.0,106.0,94.0,142691.0,78.0,108.0,1.0,63.0,103.0,0.5466357373625526,0.7568802517327652,0.21024451437021263,0.2803260191602834,3.938580569201982,4.387102199858436,4.513248908480563,0.4485216306564541,11.387900355871894,0.10784852120640752,Q3,Q4 biggest rise
Kent,Tonbridge and Malling,211.0,280.0,270.0,168.0,40.0,1.0,tonbridge and malling,South East,Tonbridge and Malling,E07000115,0.0,0.0,0.0,10.0,7.0,7.0,7.0,7.0,0.0,7.0,7.0,0.0,6.0,7.0,9.0,136853.0,7.0,0.0,0.0,7.0,7.0,0.0511497738449285,0.0,-0.0511497738449285,0.0,1.227594572278284,0.29228442197102,1.972919848304385,-0.9353101503072639,-76.19047619047619,-1.4350845252893227,Q2,Q1 biggest fall
Kent,Tunbridge Wells,226.0,284.0,215.0,169.0,28.0,0.0,tunbridge wells,South East,Tunbridge Wells,E07000116,3.0,4.0,4.0,5.0,0.0,0.0,0.0,0.0,0.0,2.0,2.0,0.0,0.0,1.0,1.0,119694.0,0.0,0.0,4.0,0.0,2.0,0.0,0.0,0.0,0.016709275318729427,1.4119337644326366,0.23392985446221196,1.7962470967634134,-1.1780039099704247,-83.4319526627219,-1.7976942047478695,Q1 lowest,Q2
Lancashire,Blackburn with Darwen,412.0,548.0,533.0,496.0,524.0,551.0,blackburn with darwen,North West,Blackburn with Darwen,E06000008,349.0,368.0,657.0,669.0,661.0,769.0,721.0,742.0,702.0,728.0,744.0,785.0,759.0,765.0,760.0,162540.0,661.0,702.0,368.0,769.0,728.0,4.066691275993602,4.318936877076412,0.25224560108281047,-0.25224560108281036,3.051556539928633,3.223821828472991,3.279192814076535,0.17226528854435808,5.645161290322576,0.05491575759611463,Q4 highest,Q4 biggest rise
Lancashire,Blackpool,662.0,911.0,920.0,826.0,969.0,989.0,blackpool,North West,Blackpool,E06000009,656.0,705.0,525.0,536.0,367.0,257.0,462.0,538.0,555.0,450.0,620.0,676.0,577.0,496.0,236.0,144191.0,367.0,555.0,705.0,257.0,450.0,2.5452351395024655,3.8490613145064536,1.3038261750039881,1.3385024030626045,5.728512875283478,6.720252997759916,6.3804259627854725,0.991740122476438,17.312348668280862,0.1596698383697881,Q4 highest,Q4 biggest rise
Lancashire,Burnley,309.0,412.0,353.0,317.0,419.0,440.0,burnley,North West,Burnley,E07000117,237.0,245.0,436.0,420.0,396.0,431.0,462.0,460.0,436.0,464.0,475.0,463.0,461.0,455.0,471.0,99233.0,396.0,436.0,245.0,431.0,464.0,3.990607963076799,4.3936996765189,0.40309171344210126,0.3325506635897333,3.1945018290286495,4.222385698306007,3.5572843711265403,1.0278838692773573,32.17665615141956,0.2789691460448571,Q4 highest,Q4 biggest rise
Lancashire,Chorley,207.0,285.0,269.0,285.0,373.0,353.0,chorley,North West,Chorley,E07000118,75.0,70.0,118.0,103.0,109.0,130.0,160.0,176.0,194.0,199.0,218.0,227.0,229.0,242.0,239.0,120839.0,109.0,194.0,70.0,130.0,199.0,0.9020266635771563,1.605441951687783,0.7034152881106266,0.5710077044662732,2.358510083665042,3.086751793708985,2.226102500020689,0.7282417100439429,30.877192982456148,0.26908923937516505,Q3,Q4 biggest rise
Lancashire,Fylde,183.0,192.0,166.0,172.0,215.0,268.0,fylde,North West,Fylde,E07000119,34.0,35.0,49.0,57.0,56.0,61.0,62.0,62.0,56.0,58.0,73.0,65.0,73.0,76.0,88.0,85447.0,56.0,56.0,35.0,61.0,58.0,0.6553770173323815,0.6553770173323815,0.0,-0.035109483071377574,2.0129436960923144,2.516179620115393,1.9427247299495594,0.5032359240230786,25.0,0.22314355131420976,Q3,Q2
Lancashire,Hyndburn,193.0,289.0,279.0,299.0,357.0,352.0,hyndburn,North West,Hyndburn,E07000120,267.0,261.0,463.0,425.0,408.0,440.0,423.0,394.0,393.0,392.0,435.0,441.0,415.0,412.0,426.0,86058.0,408.0,393.0,261.0,440.0,392.0,4.740988635571359,4.5666875827930005,-0.1743010527783584,-0.5577633688907481,3.4744009853819517,4.148365056124939,3.241999581677473,0.6739640707429877,19.3979933110368,0.17729220838895274,Q4 highest,Q1 biggest fall
Lancashire,Lancaster,355.0,455.0,453.0,429.0,452.0,461.0,lancaster,North West,Lancaster,E07000121,367.0,352.0,418.0,490.0,191.0,228.0,213.0,217.0,213.0,186.0,224.0,239.0,245.0,245.0,238.0,145006.0,191.0,213.0,352.0,228.0,186.0,1.3171868750258608,1.4689047349764839,0.15171785995062304,-0.2896431871784616,2.9584982690371433,3.117112395349158,3.12400866171055,0.15861412631201466,5.3613053613053685,0.05222526090421428,Q3,Q3
Lancashire,Pendle,223.0,274.0,241.0,271.0,300.0,289.0,pendle,North West,Pendle,E07000122,213.0,222.0,414.0,447.0,509.0,525.0,506.0,468.0,421.0,454.0,451.0,447.0,448.0,434.0,441.0,99777.0,509.0,421.0,222.0,525.0,454.0,5.101376068633052,4.219409282700422,-0.8819667859326303,-0.7115868386501899,2.716056806678894,3.006704952043056,2.415386311474588,0.29064814536416206,10.701107011070121,0.10166365377650026,Q4 highest,Q1 biggest fall
Lancashire,Preston,388.0,619.0,528.0,551.0,626.0,705.0,preston,North West,Preston,E07000123,222.0,226.0,363.0,374.0,402.0,407.0,431.0,425.0,424.0,394.0,429.0,409.0,429.0,429.0,407.0,162864.0,402.0,424.0,226.0,407.0,394.0,2.4683171234895376,2.603399155123293,0.13508203163375532,-0.07982120051085569,3.383190883190883,3.8436978092150507,3.2419687592101383,0.46050692602416765,13.611615245009068,0.127615561947184,Q4 highest,Q3
Lancashire,Ribble Valley,78.0,108.0,111.0,110.0,98.0,161.0,ribble valley,North West,Ribble Valley,E07000124,16.0,15.0,19.0,20.0,19.0,17.0,19.0,13.0,24.0,28.0,37.0,30.0,31.0,32.0,24.0,65794.0,19.0,24.0,15.0,17.0,28.0,0.2887801319269234,0.3647749034866401,0.07599477155971668,0.1671884974313767,1.6718849743137671,1.4894975225704472,1.6870839286257107,-0.18238745174331994,-10.909090909090914,-0.11551288712184435,Q2,Q3
Lancashire,Rossendale,170.0,185.0,168.0,169.0,188.0,223.0,rossendale,North West,Rossendale,E07000125,138.0,138.0,200.0,198.0,172.0,223.0,228.0,242.0,249.0,252.0,255.0,245.0,243.0,244.0,238.0,73045.0,172.0,249.0,138.0,223.0,252.0,2.3547128482442328,3.4088575535628722,1.0541447053186395,0.39701553836676023,2.3136422753097405,2.573755903894859,2.2999520843315766,0.26011362858511866,11.242603550295849,0.10654324790687565,Q4 highest,Q4 biggest rise
Lancashire,South Ribble,228.0,282.0,278.0,300.0,311.0,325.0,south ribble,North West,South Ribble,E07000126,272.0,283.0,278.0,323.0,286.0,275.0,334.0,369.0,346.0,312.0,389.0,391.0,377.0,337.0,385.0,116113.0,286.0,346.0,283.0,275.0,312.0,2.46311782487749,2.979855830096544,0.5167380052190542,0.31865510321841656,2.5836900260952693,2.678425327052096,2.394219424181616,0.09473530095682658,3.6666666666666625,0.03601043752303303,Q4 highest,Q4 biggest rise
Lancashire,West Lancashire,196.0,229.0,245.0,228.0,280.0,306.0,west lancashire,North West,West Lancashire,E07000127,139.0,136.0,198.0,198.0,208.0,240.0,321.0,359.0,375.0,403.0,419.0,409.0,409.0,420.0,420.0,121995.0,208.0,375.0,136.0,240.0,403.0,1.7049879093405467,3.0738964711668513,1.3689085618263046,1.3361203328005247,1.8689290544694455,2.295176031804582,2.0082790278290092,0.4262469773351367,22.807017543859654,0.20544397421480887,Q3,Q4 biggest rise
Lancashire,Wyre,194.0,264.0,262.0,286.0,318.0,344.0,wyre,North West,Wyre,E07000128,49.0,72.0,127.0,150.0,182.0,209.0,263.0,276.0,259.0,376.0,369.0,363.0,364.0,360.0,361.0,118743.0,182.0,259.0,72.0,209.0,376.0,1.5327219288715968,2.1811812064711185,0.6484592775995217,1.4063986929755858,2.4085630310839377,2.6780526009954273,2.2064458536503206,0.26948956991148965,11.188811188811187,0.10605957196032423,Q3,Q4 biggest rise
Leicestershire,Blaby,258.0,344.0,274.0,312.0,318.0,349.0,blaby,East Midlands,Blaby,E07000129,0.0,0.0,0.0,2.0,5.0,9.0,13.0,16.0,20.0,24.0,22.0,23.0,33.0,32.0,34.0,108165.0,5.0,20.0,0.0,9.0,24.0,0.04622567373919475,0.184902694956779,0.13867702121758424,0.13867702121758424,2.884482041325752,2.9399528498127863,2.533166920907872,0.05547080848703434,1.9230769230769162,0.01904819497069441,Q2,Q3
Leicestershire,Charnwood,384.0,553.0,599.0,483.0,537.0,534.0,charnwood,East Midlands,Charnwood,E07000130,214.0,235.0,211.0,217.0,196.0,157.0,134.0,229.0,244.0,190.0,235.0,270.0,238.0,210.0,103.0,188385.0,196.0,244.0,235.0,157.0,190.0,1.0404225389494917,1.295219895426918,0.2547973564774264,0.17517318257823075,2.5638983995541045,2.8505454255912093,3.1796586777078857,0.2866470260371048,11.180124223602483,0.10598144085629199,Q3,Q4 biggest rise
Leicestershire,Harborough,137.0,192.0,176.0,208.0,244.0,213.0,harborough,East Midlands,Harborough,E07000131,1.0,1.0,1.0,3.0,0.0,0.0,0.0,0.0,0.0,1.0,1.0,1.0,1.0,1.0,1.0,104713.0,0.0,0.0,1.0,0.0,1.0,0.0,0.0,0.0,0.009549912618299542,1.9863818246063047,2.3301786788650882,1.6807846208207196,0.3437968542587835,17.307692307692314,0.15963014559188393,Q1 lowest,Q2
Leicestershire,Hinckley and Bosworth,267.0,240.0,304.0,259.0,268.0,312.0,hinckley and bosworth,East Midlands,Hinckley and Bosworth,E07000132,39.0,6.0,5.0,0.0,0.0,0.0,0.0,0.0,10.0,14.0,20.0,36.0,66.0,95.0,143.0,116682.0,0.0,10.0,6.0,0.0,14.0,0.0,0.08570302188855179,0.08570302188855179,0.1199842306439725,2.219708266913491,2.296840986613188,2.6053718654119744,0.07713271969969693,3.474903474903468,0.03415891881131886,Q1 lowest,Q3
Leicestershire,Leicester,1460.0,1770.0,1714.0,1605.0,1708.0,1669.0,leicester,East Midlands,Leicester,E06000016,1380.0,1397.0,1596.0,1704.0,1596.0,1660.0,1527.0,1513.0,1527.0,1538.0,1559.0,1579.0,1512.0,1370.0,1333.0,388348.0,1596.0,1527.0,1397.0,1660.0,1538.0,4.1097160278925084,3.932040334957306,-0.17767569293520236,-0.3141512251897783,4.132891118275362,4.398117152656895,4.41356721291213,0.26522603438153336,6.4174454828660465,0.06219933878439896,Q4 highest,Q1 biggest fall
Leicestershire,Melton,108.0,132.0,141.0,134.0,146.0,150.0,melton,East Midlands,Melton,E07000133,104.0,144.0,140.0,146.0,5.0,26.0,13.0,9.0,10.0,13.0,12.0,15.0,13.0,15.0,16.0,54052.0,5.0,10.0,144.0,26.0,13.0,0.09250351513357508,0.18500703026715015,0.09250351513357508,-0.2405091393472952,2.479094205579812,2.701102641900392,2.6085991267668174,0.22200843632057987,8.955223880597018,0.0857668217574251,Q2,Q3
Leicestershire,North West Leicestershire,211.0,366.0,313.0,290.0,310.0,312.0,north west leicestershire,East Midlands,North West Leicestershire,E07000134,170.0,318.0,352.0,372.0,333.0,214.0,11.0,8.0,20.0,44.0,64.0,90.0,96.0,98.0,101.0,111881.0,333.0,20.0,318.0,214.0,44.0,2.9763766859431002,0.1787613625191051,-2.797615323423995,-1.5194715814123936,2.5920397565270243,2.7708011190461295,2.797615323423995,0.17876136251910513,6.896551724137923,0.06669137449867214,Q4 highest,Q1 biggest fall
Leicestershire,Oadby and Wigston,103.0,157.0,141.0,168.0,156.0,158.0,oadby and wigston,East Midlands,Oadby and Wigston,E07000135,44.0,42.0,58.0,55.0,38.0,58.0,44.0,39.0,21.0,19.0,29.0,30.0,35.0,34.0,32.0,61695.0,38.0,21.0,42.0,58.0,19.0,0.6159332198719507,0.3403841478239728,-0.2755490720479779,-0.6321419888159494,2.7230731825917824,2.5285679552637976,2.2854364211038174,-0.1945052273279848,-7.14285714285714,-0.07410797215372185,Q3,Q1 biggest fall
Leicestershire,Rutland,76.0,74.0,101.0,85.0,64.0,91.0,rutland,East Midlands,Rutland,E06000017,0.0,0.0,0.0,0.0,0.0,0.0,0.0,0.0,0.0,1.0,1.0,0.0,4.0,8.0,8.0,41443.0,0.0,0.0,0.0,0.0,1.0,0.0,0.0,0.0,0.02412952730256014,2.051009820717612,1.544289747363849,2.437082257558574,-0.5067200733537631,-24.705882352941178,-0.2837681731306446,Q1 lowest,Q2
Lincolnshire,Boston,171.0,259.0,235.0,228.0,242.0,286.0,boston,East Midlands,Boston,E07000136,97.0,93.0,91.0,101.0,64.0,10.0,17.0,36.0,59.0,78.0,91.0,98.0,120.0,113.0,108.0,71080.0,64.0,59.0,93.0,10.0,78.0,0.9003939223410242,0.8300506471581317,-0.07034327518289252,0.9566685424873382,3.207653348339899,3.404614518851998,3.306133933595948,0.19696117051209905,6.140350877192979,0.0595920972022456,Q3,Q1 biggest fall
Lincolnshire,East Lindsey,353.0,441.0,499.0,489.0,486.0,536.0,east lindsey,East Midlands,East Lindsey,E07000137,239.0,201.0,181.0,187.0,112.0,68.0,13.0,80.0,98.0,85.0,147.0,140.0,104.0,95.0,110.0,145183.0,112.0,98.0,201.0,68.0,85.0,0.7714401823905003,0.6750101595916878,-0.09643002279881252,0.1170935991128438,3.368162939187095,3.3474993628730636,3.4370415269005323,-0.020663576314031484,-0.6134969325153339,-0.0061538655743782235,Q3,Q1 biggest fall
Lincolnshire,Lincoln,411.0,554.0,550.0,566.0,630.0,628.0,lincoln,East Midlands,Lincoln,E07000138,2.0,2.0,1.0,2.0,0.0,0.0,0.0,0.0,0.0,2.0,2.0,2.0,3.0,14.0,30.0,105114.0,0.0,0.0,2.0,0.0,2.0,0.0,0.0,0.0,0.019026961204026107,5.3846300207393885,5.993492779268223,5.2324143311071785,0.6088627585288346,11.307420494699638,0.10712574118239536,Q1 lowest,Q2
Lincolnshire,North Kesteven,196.0,233.0,221.0,253.0,304.0,291.0,north kesteven,East Midlands,North Kesteven,E07000139,1.0,1.0,0.0,1.0,0.0,0.0,0.0,0.0,0.0,1.0,1.0,4.0,9.0,17.0,35.0,122468.0,0.0,0.0,1.0,0.0,1.0,0.0,0.0,0.0,0.00816539830812947,2.0658457719567562,2.4822810856713593,1.804553026096613,0.4164353137146031,20.158102766798415,0.18363821267870142,Q1 lowest,Q2
Lincolnshire,South Holland,201.0,269.0,335.0,246.0,290.0,285.0,south holland,East Midlands,South Holland,E07000140,1.0,0.0,0.0,0.0,2.0,6.0,12.0,25.0,29.0,44.0,47.0,57.0,75.0,79.0,76.0,99298.0,2.0,29.0,0.0,6.0,44.0,0.020141392575882697,0.2920501923502991,0.2719087997744164,0.3826864589417712,2.477391286833572,2.9205019235029908,3.373683256460352,0.44311063666941886,17.886178861788625,0.16454938704815697,Q2,Q4 biggest rise
Lincolnshire,South Kesteven,263.0,382.0,339.0,344.0,438.0,413.0,south kesteven,East Midlands,South Kesteven,E07000141,112.0,254.0,250.0,257.0,147.0,0.0,3.0,3.0,24.0,66.0,99.0,138.0,215.0,270.0,283.0,147151.0,147.0,24.0,254.0,0.0,66.0,0.9989738431950854,0.16309777031756495,-0.8358760728775205,0.4485188683733036,2.3377347078850974,2.97653430829556,2.303756005735605,0.6387996004104628,27.32558139534884,0.2415772530030478,Q3,Q1 biggest fall
Lincolnshire,West Lindsey,223.0,285.0,308.0,299.0,313.0,343.0,west lindsey,East Midlands,West Lindsey,E07000142,2.0,2.0,1.0,1.0,3.0,8.0,11.0,18.0,26.0,36.0,39.0,39.0,41.0,55.0,64.0,99208.0,3.0,26.0,2.0,8.0,36.0,0.030239496814773004,0.262075639061366,0.231836142246593,0.282235303604548,3.0138698492057094,3.154987501007983,3.1045883396500282,0.14111765180227342,4.682274247491636,0.04575961714946676,Q2,Q4 biggest rise
Merseyside,Knowsley,300.0,396.0,421.0,401.0,394.0,414.0,knowsley,North West,Knowsley,E08000011,387.0,447.0,400.0,350.0,287.0,321.0,312.0,302.0,317.0,320.0,322.0,312.0,320.0,312.0,309.0,162565.0,287.0,317.0,447.0,321.0,320.0,1.7654476670870114,1.9499892350752006,0.18454156798818921,-0.006151385599606311,2.4667056254421307,2.4236459262448866,2.5897333374342573,-0.04305969919724406,-1.7456359102244412,-0.017610518008635393,Q3,Q3
Merseyside,Liverpool,1395.0,1967.0,1981.0,1746.0,2034.0,2109.0,liverpool,North West,Liverpool,E08000012,2775.0,2728.0,2584.0,2706.0,2184.0,2066.0,2441.0,2612.0,2423.0,2385.0,2361.0,2358.0,2189.0,2053.0,1961.0,508961.0,2184.0,2423.0,2728.0,2066.0,2385.0,4.2910949954908135,4.760679109008352,0.4695841135175387,0.626767080385334,3.430518251889634,3.9963769326136975,3.8922432170637826,0.5658586807240633,16.49484536082475,0.1526768402089578,Q4 highest,Q4 biggest rise
Merseyside,Sefton,509.0,760.0,736.0,661.0,763.0,844.0,sefton,North West,Sefton,E08000014,217.0,223.0,362.0,383.0,353.0,377.0,377.0,396.0,422.0,430.0,426.0,414.0,434.0,417.0,411.0,286281.0,353.0,422.0,223.0,377.0,430.0,1.233054236921067,1.4740761699169698,0.2410219329959027,0.18513278911279477,2.308920256670893,2.665213548925706,2.5709006186229617,0.35629329225481277,15.43116490166414,0.14350419143277068,Q3,Q4 biggest rise
Merseyside,St. Helens,461.0,637.0,604.0,546.0,627.0,635.0,st. helens,North West,St. Helens,E08000013,544.0,531.0,750.0,750.0,608.0,586.0,636.0,626.0,626.0,592.0,628.0,644.0,668.0,576.0,560.0,188861.0,608.0,626.0,531.0,586.0,592.0,3.2192988494183554,3.314607039039293,0.09530818962093779,0.03176939654031272,2.891015085168457,3.319901938462679,3.1981192517248136,0.4288868532942218,14.835164835164827,0.1383275648880156,Q4 highest,Q3
Merseyside,Wirral,625.0,956.0,860.0,723.0,860.0,926.0,wirral,North West,Wirral,E08000015,487.0,494.0,713.0,727.0,698.0,763.0,741.0,774.0,755.0,734.0,717.0,756.0,789.0,705.0,701.0,328873.0,698.0,755.0,494.0,763.0,734.0,2.1223998321540534,2.2957190161551724,0.173319184001119,-0.08817993571986756,2.1984170181194562,2.614991197209865,2.614991197209865,0.41657417909040895,18.948824343015215,0.17352316708878873,Q4 highest,Q3
Metropolitan Police,Barking and Dagenham,561.0,681.0,748.0,660.0,656.0,730.0,barking and dagenham,London,Barking and Dagenham,E09000002,593.0,581.0,594.0,560.0,478.0,550.0,475.0,446.0,389.0,374.0,324.0,298.0,301.0,301.0,271.0,232747.0,478.0,389.0,581.0,550.0,374.0,2.0537321641095265,1.6713427025912255,-0.382389461518301,-0.7561859014294491,2.835697130360434,2.8185110871461285,3.213790081075159,-0.017186043214305613,-0.60606060606061,-0.006079046076382226,Q4 highest,Q1 biggest fall
Metropolitan Police,Barnet,554.0,775.0,728.0,713.0,724.0,813.0,barnet,London,Barnet,E09000003,1640.0,1760.0,1970.0,1845.0,1601.0,1467.0,1105.0,1301.0,1613.0,1627.0,1380.0,1588.0,1393.0,1137.0,878.0,405050.0,1601.0,1613.0,1760.0,1467.0,1627.0,3.9525984446364646,3.982224416738674,0.02962597210220963,0.39501296136279473,1.760276509072954,1.7874336501666461,1.797308974200716,0.02715714109369216,1.5427769985974837,0.01530997197142051,Q4 highest,Q3
Metropolitan Police,Bexley,365.0,469.0,532.0,481.0,531.0,568.0,bexley,London,Bexley,E09000004,118.0,117.0,143.0,133.0,101.0,103.0,103.0,103.0,96.0,84.0,112.0,99.0,103.0,109.0,115.0,256434.0,101.0,96.0,117.0,103.0,84.0,0.3938635282372852,0.3743653337700929,-0.01949819446719231,-0.07409313897533089,1.875726307743903,2.0707082524158262,2.0746078913092645,0.1949819446719232,10.395010395010384,0.09889475113617756,Q2,Q1 biggest fall
Metropolitan Police,Brent,600.0,723.0,851.0,768.0,839.0,898.0,brent,London,Brent,E09000005,925.0,950.0,912.0,908.0,1055.0,1054.0,904.0,1160.0,1059.0,1146.0,1006.0,1076.0,1024.0,902.0,789.0,352976.0,1055.0,1059.0,950.0,1054.0,1146.0,2.988871764652554,3.0002039798739855,0.011332215221431241,0.26064095009292415,2.175785322514845,2.376932142695254,2.4109287883595485,0.20114682018040897,9.244791666666675,0.08842097331953408,Q4 highest,Q3
Metropolitan Police,Bromley,478.0,616.0,638.0,667.0,682.0,754.0,bromley,London,Bromley,E09000006,51.0,50.0,229.0,222.0,185.0,173.0,153.0,154.0,162.0,172.0,155.0,164.0,175.0,148.0,144.0,335319.0,185.0,162.0,50.0,173.0,172.0,0.5517134430199303,0.48312204199583086,-0.06859140102409944,-0.002982234827134758,1.9891506296988837,2.0338841521059052,1.902665819711976,0.04473352240702155,2.2488755622188883,0.022239611927838358,Q3,Q1 biggest fall
Metropolitan Police,Camden,554.0,872.0,880.0,840.0,884.0,950.0,camden,London,Camden,E09000007,691.0,700.0,700.0,497.0,494.0,330.0,301.0,312.0,232.0,212.0,218.0,250.0,230.0,223.0,168.0,216943.0,494.0,232.0,700.0,330.0,212.0,2.2770958270144694,1.0694053276667144,-1.207690499347755,-0.5439216752787598,3.871984807069138,4.074803058867998,4.0563650359771914,0.2028182517988597,5.238095238095242,0.05105517080028417,Q4 highest,Q1 biggest fall
Metropolitan Police,Croydon,1013.0,1171.0,1236.0,1195.0,1208.0,1238.0,croydon,London,Croydon,E09000008,1763.0,1793.0,1551.0,1334.0,1244.0,1133.0,1184.0,1096.0,1260.0,1173.0,1001.0,1270.0,1483.0,974.0,1008.0,409342.0,1244.0,1260.0,1793.0,1133.0,1173.0,3.0390236037347744,3.078110724040045,0.039087120305270506,0.09771780076317602,2.9193192977998836,2.951077583047916,3.019480043582139,0.03175828524803226,1.087866108786617,0.010819914129149276,Q4 highest,Q3
Metropolitan Police,Ealing,705.0,922.0,890.0,896.0,916.0,1022.0,ealing,London,Ealing,E09000009,1071.0,1127.0,1065.0,1162.0,999.0,1152.0,1111.0,1151.0,1286.0,1442.0,1179.0,1187.0,1249.0,1163.0,1073.0,385985.0,999.0,1286.0,1127.0,1152.0,1442.0,2.5881834786325895,3.3317356892107206,0.7435522105781311,0.7513245333367876,2.321333730585385,2.373149215643095,2.305789085068073,0.05181548505770994,2.2321428571428603,0.022075951699199826,Q4 highest,Q4 biggest rise
Metropolitan Police,Enfield,725.0,834.0,803.0,842.0,776.0,919.0,enfield,London,Enfield,E09000010,410.0,399.0,519.0,473.0,285.0,308.0,232.0,255.0,243.0,393.0,388.0,396.0,390.0,361.0,353.0,327434.0,285.0,243.0,399.0,308.0,393.0,0.8704044173787694,0.7421342927124245,-0.1282701246663449,0.25959429991998384,2.5715105945014876,2.3699432557400884,2.4524026215970243,-0.2015673387613992,-7.838479809976251,-0.08162749405910802,Q3,Q1 biggest fall
Metropolitan Police,Greenwich,705.0,1020.0,897.0,886.0,874.0,931.0,greenwich,London,Greenwich,E09000011,700.0,568.0,499.0,495.0,400.0,299.0,155.0,161.0,142.0,154.0,138.0,128.0,144.0,144.0,153.0,299528.0,400.0,142.0,568.0,299.0,154.0,1.3354344168157901,0.4740792179696055,-0.8613551988461846,-0.48409497609572394,2.957987233246975,2.917924200742502,2.9947116797094098,-0.040063032504473295,-1.3544018058690765,-0.013636574949545508,Q3,Q1 biggest fall
Metropolitan Police,Hackney,661.0,918.0,966.0,784.0,908.0,906.0,hackney,London,Hackney,E09000012,650.0,786.0,833.0,810.0,760.0,683.0,630.0,697.0,699.0,683.0,604.0,606.0,589.0,458.0,373.0,266758.0,760.0,699.0,786.0,683.0,683.0,2.849024209208346,2.620352529258729,-0.22867167994961735,0.0,2.938993394762294,3.4038341867910242,3.6212597185463977,0.4648407920287303,15.816326530612246,0.14683535825088545,Q4 highest,Q1 biggest fall
Metropolitan Police,Hammersmith and Fulham,441.0,573.0,597.0,540.0,622.0,702.0,hammersmith and fulham,London,Hammersmith and Fulham,E09000013,198.0,250.0,236.0,456.0,438.0,396.0,390.0,420.0,418.0,356.0,400.0,405.0,364.0,286.0,225.0,188687.0,438.0,418.0,250.0,396.0,356.0,2.3213045943811705,2.2153089508021218,-0.10599564357904878,-0.2119912871580978,2.86188237663432,3.2964645153084207,3.16396996083461,0.43458213867410045,15.18518518518519,0.14137095318085943,Q4 highest,Q1 biggest fall
Metropolitan Police,Haringey,720.0,909.0,833.0,804.0,892.0,892.0,haringey,London,Haringey,E09000014,413.0,402.0,468.0,460.0,334.0,333.0,301.0,261.0,240.0,291.0,171.0,154.0,180.0,161.0,154.0,263850.0,334.0,240.0,402.0,333.0,291.0,1.2658707599014591,0.9096077316657191,-0.3562630282357401,-0.15918135304150086,3.047185901080159,3.3807087360242565,3.1570968353231,0.3335228349440973,10.945273631840791,0.10386686340104295,Q3,Q1 biggest fall
Metropolitan Police,Harrow,384.0,552.0,515.0,476.0,467.0,466.0,harrow,London,Harrow,E09000015,387.0,370.0,386.0,403.0,261.0,297.0,276.0,254.0,284.0,349.0,344.0,348.0,356.0,327.0,343.0,270724.0,261.0,284.0,370.0,297.0,349.0,0.9640814999778372,1.0490388735391025,0.08495737356126531,0.19207754022546947,1.7582482528331438,1.7250040631787356,1.9023064080022458,-0.03324418965440823,-1.8907563025210128,-0.019088596562522736,Q3,Q3
Metropolitan Police,Havering,480.0,587.0,597.0,566.0,607.0,572.0,havering,London,Havering,E09000016,346.0,340.0,354.0,370.0,316.0,231.0,181.0,193.0,172.0,198.0,197.0,187.0,178.0,176.0,186.0,276274.0,316.0,172.0,340.0,231.0,198.0,1.1437920325473987,0.6225703468295968,-0.5212216857178019,-0.1194466363103296,2.048690792474138,2.1970941891021236,2.1608982387050535,0.14840339662798563,7.243816254416968,0.06993471285631539,Q3,Q1 biggest fall
Metropolitan Police,Hillingdon,522.0,696.0,697.0,614.0,856.0,952.0,hillingdon,London,Hillingdon,E09000017,2930.0,3076.0,2774.0,2597.0,2621.0,2384.0,2086.0,2719.0,3010.0,2946.0,2481.0,2345.0,2133.0,1532.0,1188.0,329185.0,2621.0,3010.0,3076.0,2384.0,2946.0,7.962088187493355,9.143794522836703,1.1817063353433488,1.7072466849947598,1.8652125704391147,2.6003614988532284,2.1173504260522202,0.7351489284141137,39.413680781758956,0.3322754479945996,Q4 highest,Q4 biggest rise
Metropolitan Police,Hounslow,518.0,684.0,644.0,702.0,731.0,792.0,hounslow,London,Hounslow,E09000018,2310.0,2302.0,2144.0,2144.0,2058.0,1816.0,1607.0,1900.0,2127.0,2097.0,1775.0,2078.0,1720.0,1298.0,1139.0,299424.0,2058.0,2127.0,2302.0,1816.0,2097.0,6.873196537351715,7.103638986854761,0.2304424495030455,0.9384685262370418,2.3445014427701185,2.441354066474297,2.1507961953617616,0.09685262370417869,4.131054131054124,0.04048005572396732,Q4 highest,Q4 biggest rise
Metropolitan Police,Islington,466.0,690.0,706.0,738.0,706.0,732.0,islington,London,Islington,E09000019,905.0,879.0,977.0,863.0,743.0,823.0,669.0,887.0,816.0,678.0,614.0,666.0,47.0,56.0,66.0,223024.0,743.0,816.0,879.0,823.0,678.0,3.331480020087524,3.6587990530167156,0.3273190329291915,-0.65015424348949,3.3090609082430587,3.165578592438482,3.165578592438482,-0.14348231580457682,-4.336043360433606,-0.044328587107230435,Q4 highest,Q4 biggest rise
Metropolitan Police,Kensington and Chelsea,370.0,437.0,517.0,520.0,624.0,592.0,kensington and chelsea,London,Kensington and Chelsea,E09000020,699.0,690.0,584.0,348.0,309.0,266.0,267.0,311.0,307.0,261.0,237.0,291.0,258.0,205.0,180.0,144518.0,309.0,307.0,690.0,266.0,261.0,2.138141961554962,2.124302855007681,-0.013839106547281155,-0.03459776636820327,3.59816770229314,4.317801242751768,3.577409042472218,0.719633540458628,19.999999999999996,0.1823215567939546,Q4 highest,Q2
Metropolitan Police,Kingston upon Thames,406.0,531.0,486.0,432.0,360.0,418.0,kingston upon thames,London,Kingston upon Thames,E09000021,164.0,165.0,149.0,152.0,140.0,139.0,50.0,63.0,53.0,73.0,75.0,73.0,69.0,84.0,62.0,172692.0,140.0,53.0,165.0,139.0,73.0,0.8106918676024367,0.3069047784494939,-0.5037870891529428,-0.3821833090125773,2.5015634771732334,2.0846362309776945,2.8142589118198873,-0.4169272461955389,-16.666666666666664,-0.1823215567939546,Q3,Q1 biggest fall
Metropolitan Police,Lambeth,1032.0,1308.0,1180.0,1141.0,1159.0,1233.0,lambeth,London,Lambeth,E09000022,652.0,661.0,629.0,600.0,582.0,481.0,474.0,550.0,569.0,494.0,441.0,511.0,428.0,346.0,285.0,316920.0,582.0,569.0,661.0,481.0,494.0,1.8364255963650131,1.795405780638647,-0.04101981572636615,0.04101981572636628,3.600277672598763,3.6570743405275783,3.7233371197778617,0.056796667928815214,1.5775635407537347,0.015652493477676166,Q3,Q1 biggest fall
Metropolitan Police,Lewisham,688.0,830.0,900.0,898.0,1003.0,1044.0,lewisham,London,Lewisham,E09000023,360.0,332.0,350.0,102.0,80.0,112.0,243.0,247.0,257.0,238.0,233.0,283.0,258.0,245.0,210.0,301255.0,80.0,257.0,332.0,112.0,238.0,0.26555575841064877,0.8530978738942092,0.5875421154835605,0.4182503194967718,2.9808633881595323,3.329405321073509,2.9875022821197987,0.3485419329139767,11.692650334075715,0.11058071965973586,Q2,Q4 biggest rise
Metropolitan Police,Merton,326.0,418.0,431.0,401.0,437.0,541.0,merton,London,Merton,E09000024,368.0,380.0,377.0,341.0,294.0,313.0,316.0,306.0,317.0,303.0,286.0,325.0,302.0,253.0,209.0,218539.0,294.0,317.0,380.0,313.0,303.0,1.3452976356622846,1.4505420085202183,0.10524437285793375,-0.04575842298171036,1.8349127615665854,1.9996430843007427,1.9721880305117165,0.16473032273415722,8.977556109725683,0.08597176778902092,Q3,Q3
Metropolitan Police,Newham,814.0,1173.0,1143.0,1055.0,990.0,1116.0,newham,London,Newham,E09000025,1589.0,1550.0,1603.0,1611.0,1330.0,1279.0,1289.0,1343.0,1397.0,1418.0,1268.0,1254.0,1140.0,1030.0,866.0,374523.0,1330.0,1397.0,1550.0,1279.0,1418.0,3.5511837724251913,3.730077992539844,0.17889422011465284,0.3711387551632343,2.8169164510590803,2.643362356918,3.051881993896236,-0.17355409414108047,-6.16113744075829,-0.06359110278153123,Q4 highest,Q3
Metropolitan Police,Redbridge,541.0,775.0,671.0,653.0,729.0,755.0,redbridge,London,Redbridge,E09000026,1226.0,1172.0,1074.0,1119.0,933.0,876.0,794.0,793.0,650.0,649.0,602.0,629.0,511.0,459.0,413.0,321231.0,933.0,650.0,1172.0,876.0,649.0,2.904451936456942,2.0234659793108385,-0.8809859571461036,-0.706656580467016,2.032805053061504,2.2693949214116946,2.0888394955654963,0.2365898683501908,11.638591117917297,0.11009660273222702,Q4 highest,Q1 biggest fall
Metropolitan Police,Richmond upon Thames,256.0,366.0,292.0,307.0,314.0,352.0,richmond upon thames,London,Richmond upon Thames,E09000027,32.0,27.0,28.0,22.0,15.0,16.0,10.0,10.0,13.0,15.0,14.0,18.0,14.0,14.0,15.0,196678.0,15.0,13.0,27.0,16.0,15.0,0.07626679140524105,0.06609788588454225,-0.010168905520698795,-0.005084452760349404,1.5609269974272668,1.5965181667497126,1.484660206022026,0.03559116932244577,2.28013029315961,0.022545238321056222,Q2,Q2
Metropolitan Police,Southwark,736.0,966.0,983.0,976.0,1083.0,1164.0,southwark,London,Southwark,E09000028,2219.0,2363.0,1412.0,1584.0,1215.0,1241.0,1177.0,1165.0,983.0,914.0,633.0,676.0,532.0,502.0,496.0,314786.0,1215.0,983.0,2363.0,1241.0,914.0,3.8597650467301596,3.1227564122927958,-0.7370086344373639,-1.038800963194043,3.100519082805462,3.440432547826142,3.1227564122927958,0.3399134650206803,10.963114754098369,0.1040276605878982,Q4 highest,Q1 biggest fall
Metropolitan Police,Sutton,319.0,401.0,406.0,464.0,382.0,461.0,sutton,London,Sutton,E09000029,32.0,33.0,27.0,22.0,10.0,11.0,7.0,8.0,14.0,24.0,22.0,28.0,27.0,29.0,28.0,214525.0,10.0,14.0,33.0,11.0,24.0,0.04661461368138912,0.06526045915394475,0.018645845472555635,0.060598997785805846,2.1629180748164547,1.7806782426290642,1.892553315464398,-0.38223983218739055,-17.67241379310345,-0.19446394361968009,Q2,Q3
Metropolitan Police,Tower Hamlets,741.0,1145.0,1040.0,1067.0,1023.0,1227.0,tower hamlets,London,Tower Hamlets,E09000030,704.0,449.0,673.0,879.0,895.0,920.0,765.0,893.0,921.0,868.0,541.0,516.0,494.0,488.0,473.0,331886.0,895.0,921.0,449.0,920.0,868.0,2.6967091109597874,2.7750492639038704,0.07834015294408303,-0.15668030588816642,3.214959353512953,3.08238371006912,3.1336061177633283,-0.132575643443833,-4.123711340206182,-0.04211148535012685,Q4 highest,Q3
Metropolitan Police,Waltham Forest,505.0,605.0,646.0,582.0,602.0,685.0,waltham forest,London,Waltham Forest,E09000031,721.0,764.0,800.0,717.0,533.0,240.0,205.0,204.0,172.0,224.0,212.0,177.0,185.0,158.0,161.0,279737.0,533.0,172.0,764.0,240.0,224.0,1.9053611070398266,0.6148632465494376,-1.290497860490389,-0.05719658107436628,2.0805256365800737,2.152021362923031,2.3093119608775385,0.07149572634295742,3.436426116838498,0.033786997577383314,Q3,Q1 biggest fall
Metropolitan Police,Wandsworth,630.0,880.0,784.0,755.0,805.0,870.0,wandsworth,London,Wandsworth,E09000032,35.0,63.0,70.0,98.0,80.0,52.0,39.0,45.0,38.0,62.0,63.0,64.0,69.0,84.0,73.0,337655.0,80.0,38.0,63.0,52.0,62.0,0.23692822555567072,0.1125409071389436,-0.12438731841672712,0.02961602819445884,2.2360101286816425,2.3840902696539366,2.321896610445573,0.14808014097229405,6.62251655629138,0.06412452816953856,Q2,Q1 biggest fall
Metropolitan Police,Westminster,842.0,1584.0,1604.0,1583.0,1488.0,1603.0,westminster,London,Westminster,E09000033,961.0,997.0,1030.0,1045.0,926.0,676.0,545.0,514.0,222.0,40.0,46.0,36.0,32.0,33.0,42.0,209996.0,926.0,222.0,997.0,676.0,40.0,4.409607802053372,1.0571629935808302,-3.3524448084725424,-3.0286291167450807,7.5382388235966395,7.08584925427151,7.638240728394826,-0.4523895693251294,-6.0012634238787115,-0.06188884448797497,Q4 highest,Q1 biggest fall
Norfolk,Breckland,366.0,463.0,442.0,378.0,455.0,460.0,breckland,East Of England,Breckland,E07000143,0.0,0.0,1.0,0.0,0.0,0.0,0.0,0.0,0.0,0.0,0.0,0.0,0.0,0.0,0.0,146620.0,0.0,0.0,0.0,0.0,0.0,0.0,0.0,0.0,0.0,2.5780930296003275,3.103260128222616,3.0145955531305413,0.5251670986222887,20.370370370370374,0.18540322333136275,Q1 lowest,Q2
Norfolk,Breckland,366.0,463.0,442.0,378.0,455.0,460.0,breckland,East of England,Breckland,E07000143,2.0,2.0,0.0,1.0,0.0,0.0,0.0,0.0,0.0,0.0,0.0,7.0,24.0,41.0,56.0,146620.0,0.0,0.0,2.0,0.0,0.0,0.0,0.0,0.0,0.0,2.5780930296003275,3.103260128222616,3.0145955531305413,0.5251670986222887,20.370370370370374,0.18540322333136275,Q1 lowest,Q2
Norfolk,Broadland,290.0,358.0,332.0,263.0,290.0,339.0,broadland,East Of England,Broadland,E07000144,0.0,0.0,169.0,0.0,0.0,0.0,0.0,0.0,0.0,0.0,0.0,0.0,0.0,0.0,0.0,138157.0,0.0,0.0,0.0,0.0,0.0,0.0,0.0,0.0,0.0,1.9036313758984345,2.099061212967855,2.4030631817425103,0.19542983706942074,10.2661596958175,0.09772689080275525,Q1 lowest,Q2
Norfolk,Broadland,290.0,358.0,332.0,263.0,290.0,339.0,broadland,East of England,Broadland,E07000144,158.0,162.0,0.0,136.0,108.0,0.0,0.0,0.0,0.0,6.0,7.0,6.0,9.0,9.0,13.0,138157.0,108.0,0.0,162.0,0.0,6.0,0.7817193482776841,0.0,-0.7817193482776841,0.04342885268209356,1.9036313758984345,2.099061212967855,2.4030631817425103,0.19542983706942074,10.2661596958175,0.09772689080275525,Q3,Q1 biggest fall
Norfolk,Great Yarmouth,353.0,456.0,535.0,432.0,508.0,425.0,great yarmouth,East Of England,Great Yarmouth,E07000145,0.0,0.0,71.0,0.0,0.0,0.0,0.0,0.0,0.0,0.0,0.0,0.0,0.0,0.0,0.0,100529.0,0.0,0.0,0.0,0.0,0.0,0.0,0.0,0.0,0.0,4.297267455162192,5.053268211162948,5.321847427110585,0.7560007560007556,17.59259259259258,0.1620558593343715,Q1 lowest,Q2
Norfolk,Great Yarmouth,353.0,456.0,535.0,432.0,508.0,425.0,great yarmouth,East of England,Great Yarmouth,E07000145,72.0,67.0,0.0,67.0,46.0,0.0,0.0,0.0,0.0,10.0,11.0,13.0,11.0,14.0,12.0,100529.0,46.0,0.0,67.0,0.0,10.0,0.457579404947826,0.0,-0.457579404947826,0.09947378368431001,4.297267455162192,5.053268211162948,5.321847427110585,0.7560007560007556,17.59259259259258,0.1620558593343715,Q2,Q1 biggest fall
Norfolk,North Norfolk,227.0,259.0,299.0,333.0,256.0,314.0,north norfolk,East of England,North Norfolk,E07000147,5.0,5.0,0.0,0.0,0.0,0.0,0.0,0.0,0.0,3.0,1.0,0.0,0.0,3.0,8.0,103217.0,0.0,0.0,5.0,0.0,3.0,0.0,0.0,0.0,0.02906497960607264,3.2262127362740634,2.4802115930515325,2.8968096340719067,-0.7460011432225309,-23.123123123123122,-0.26296504550088134,Q1 lowest,Q2
Norfolk,Norwich,640.0,820.0,792.0,780.0,805.0,873.0,norwich,East Of England,Norwich,E07000148,0.0,0.0,413.0,0.0,0.0,0.0,0.0,0.0,0.0,0.0,0.0,0.0,0.0,0.0,0.0,147182.0,0.0,0.0,0.0,0.0,0.0,0.0,0.0,0.0,0.0,5.299561087632998,5.469418814800723,5.3810927966735065,0.16985772716772463,3.205128205128216,0.03154835773492606,Q1 lowest,Q2
Norfolk,Norwich,640.0,820.0,792.0,780.0,805.0,873.0,norwich,East of England,Norwich,E07000148,386.0,389.0,0.0,416.0,381.0,328.0,257.0,365.0,371.0,355.0,389.0,386.0,351.0,266.0,211.0,147182.0,381.0,371.0,389.0,328.0,355.0,2.5886317620361186,2.520688671169029,-0.0679430908670895,0.18344634534114226,5.299561087632998,5.469418814800723,5.3810927966735065,0.16985772716772463,3.205128205128216,0.03154835773492606,Q4 highest,Q1 biggest fall
Norfolk,South Norfolk,318.0,364.0,345.0,379.0,404.0,438.0,south norfolk,East Of England,South Norfolk,E07000149,0.0,0.0,2.0,0.0,0.0,0.0,0.0,0.0,0.0,0.0,0.0,0.0,0.0,0.0,0.0,148448.0,0.0,0.0,0.0,0.0,0.0,0.0,0.0,0.0,0.0,2.5530825608967453,2.7214917007975856,2.3240461306316016,0.16840913990084028,6.596306068601576,0.06387867287872366,Q1 lowest,Q2
Norfolk,South Norfolk,318.0,364.0,345.0,379.0,404.0,438.0,south norfolk,East of England,South Norfolk,E07000149,2.0,2.0,0.0,95.0,60.0,46.0,52.0,56.0,69.0,37.0,69.0,4.0,13.0,21.0,19.0,148448.0,60.0,69.0,2.0,46.0,37.0,0.40418193576201766,0.4648092261263203,0.060627290364302644,-0.06062729036430265,2.5530825608967453,2.7214917007975856,2.3240461306316016,0.16840913990084028,6.596306068601576,0.06387867287872366,Q2,Q3
North Wales,Conwy,426.0,487.0,488.0,455.0,482.0,501.0,conwy,Wales,Conwy,W06000003,6.0,0.0,7.0,7.0,7.0,8.0,7.0,7.0,17.0,21.0,21.0,17.0,20.0,20.0,22.0,114891.0,7.0,17.0,0.0,8.0,21.0,0.06092731371473832,0.14796633330722164,0.08703901959248332,0.1131507254702283,3.9602753914579902,4.195280744357695,4.247504156113186,0.2350053528997047,5.934065934065935,0.0576466950996499,Q2,Q3
North Wales,Denbighshire,326.0,513.0,515.0,423.0,441.0,437.0,denbighshire,Wales,Denbighshire,W06000004,0.0,0.0,0.0,8.0,7.0,12.0,29.0,38.0,52.0,52.0,51.0,61.0,73.0,62.0,66.0,98202.0,7.0,52.0,0.0,12.0,52.0,0.07128164395837151,0.5295207836907598,0.45823913973238833,0.40732367976212297,4.3074479134844506,4.490743569377406,5.2442923769373335,0.18329565589295527,4.255319148936176,0.04167269640056808,Q2,Q4 biggest rise
North Wales,Flintshire,433.0,467.0,493.0,429.0,403.0,460.0,flintshire,Wales,Flintshire,W06000005,0.0,0.0,0.0,4.0,0.0,22.0,30.0,28.0,34.0,36.0,53.0,48.0,60.0,59.0,78.0,155867.0,0.0,34.0,0.0,22.0,36.0,0.0,0.21813469175643338,0.21813469175643338,0.0898201671938255,2.7523465518679386,2.585537669936549,3.162953030468284,-0.16680888193138976,-6.060606060606055,-0.06252035698133393,Q1 lowest,Q4 biggest rise
North Wales,Gwynedd,330.0,430.0,361.0,372.0,445.0,448.0,gwynedd,Wales,Gwynedd,W06000002,0.0,0.0,16.0,21.0,14.0,23.0,27.0,38.0,40.0,45.0,40.0,44.0,47.0,77.0,91.0,120813.0,14.0,40.0,0.0,23.0,45.0,0.11588156903644475,0.331090197246985,0.21520862821054026,0.18209960848584175,3.079138834396961,3.6833784443727082,2.9880890301540397,0.6042396099757474,19.6236559139785,0.17918042789309369,Q2,Q4 biggest rise
North Wales,Isle of Anglesey,202.0,249.0,234.0,196.0,172.0,220.0,isle of anglesey,Wales,Isle of Anglesey,W06000001,0.0,0.0,0.0,0.0,0.0,5.0,5.0,10.0,16.0,15.0,16.0,20.0,26.0,26.0,26.0,69097.0,0.0,16.0,0.0,5.0,15.0,0.0,0.23155853365558562,0.23155853365558562,0.14472408353474103,2.8365920372809237,2.4892542367975454,3.3865435547129397,-0.34733780048337826,-12.244897959183676,-0.13062018241706422,Q1 lowest,Q4 biggest rise
North Wales,Wrexham,423.0,502.0,516.0,418.0,502.0,511.0,wrexham,Wales,Wrexham,W06000006,143.0,137.0,193.0,195.0,178.0,183.0,163.0,147.0,125.0,109.0,115.0,117.0,128.0,127.0,117.0,138245.0,178.0,125.0,137.0,183.0,109.0,1.2875691706752506,0.9041918333393614,-0.3833773373358892,-0.5352815653369019,3.0236174906868243,3.6312344026908745,3.7325038880248833,0.6076169120040502,20.095693779904302,0.18311868716697283,Q3,Q1 biggest fall
North Yorkshire,City of York,379.0,558.0,620.0,527.0,530.0,629.0,york,Yorkshire And The Humber,York,E06000014,0.0,400.0,415.0,0.0,0.0,0.0,0.0,0.0,0.0,0.0,0.0,0.0,0.0,0.0,0.0,209301.0,0.0,0.0,400.0,0.0,0.0,0.0,0.0,0.0,0.0,2.5179048356195146,2.5322382597312005,2.9622409830817817,0.014333424111685922,0.5692599620493288,0.005676458004805122,Q1 lowest,Q2
North Yorkshire,City of York,379.0,558.0,620.0,527.0,530.0,629.0,york,Yorkshire and The Humber,York,E06000014,357.0,27.0,0.0,419.0,332.0,181.0,241.0,410.0,352.0,386.0,322.0,393.0,272.0,341.0,366.0,209301.0,332.0,352.0,27.0,181.0,386.0,1.586232268359922,1.6817884291044956,0.09555616074457363,0.9794506476318795,2.5179048356195146,2.5322382597312005,2.9622409830817817,0.014333424111685922,0.5692599620493288,0.005676458004805122,Q3,Q3
North Yorkshire,North Yorkshire,1079.0,1507.0,1600.0,1510.0,1515.0,1598.0,north yorkshire,Yorkshire And The Humber,North Yorkshire,E06000065,0.0,0.0,221.0,0.0,0.0,0.0,0.0,0.0,0.0,0.0,0.0,0.0,0.0,0.0,0.0,635270.0,0.0,0.0,0.0,0.0,0.0,0.0,0.0,0.0,0.0,2.376942087616289,2.3848127567805815,2.518614132573551,0.007870669164292465,0.3311258278145601,0.0033057881344994103,Q1 lowest,Q2
North Yorkshire,North Yorkshire,1079.0,1507.0,1600.0,1510.0,1515.0,1598.0,north yorkshire,Yorkshire and The Humber,North Yorkshire,E06000065,0.0,0.0,0.0,313.0,193.0,167.0,266.0,364.0,390.0,288.0,398.0,449.0,473.0,352.0,325.0,635270.0,193.0,390.0,0.0,167.0,288.0,0.3038078297416847,0.6139121948148032,0.3101043650731185,0.19047019377587485,2.376942087616289,2.3848127567805815,2.518614132573551,0.007870669164292465,0.3311258278145601,0.0033057881344994103,Q2,Q4 biggest rise
Northumbria,Gateshead,567.0,688.0,613.0,675.0,708.0,698.0,gateshead,North East,Gateshead,E08000037,863.0,815.0,919.0,888.0,758.0,677.0,712.0,764.0,758.0,744.0,661.0,677.0,643.0,639.0,606.0,202760.0,758.0,758.0,815.0,677.0,744.0,3.7384099427895046,3.7384099427895046,0.0,0.33043992898007496,3.329058985993292,3.4918129808640757,3.023278753205761,0.16275399487078346,4.888888888888898,0.047731402821190025,Q4 highest,Q2
Northumbria,Newcastle upon Tyne,991.0,1450.0,1442.0,1390.0,1402.0,1447.0,newcastle upon tyne,North East,Newcastle upon Tyne,E08000021,1810.0,1815.0,1630.0,1671.0,1456.0,1486.0,1334.0,1319.0,1323.0,1264.0,1190.0,1149.0,1128.0,1005.0,915.0,320605.0,1456.0,1323.0,1815.0,1486.0,1264.0,4.541413889365418,4.126573197548385,-0.41484069181703287,-0.6924408540103866,4.335553094929898,4.37298233028181,4.497746448121521,0.03742923535191256,0.8633093525179936,0.008596041469798038,Q4 highest,Q1 biggest fall
Northumbria,North Tyneside,549.0,607.0,638.0,626.0,764.0,790.0,north tyneside,North East,North Tyneside,E08000022,298.0,273.0,356.0,371.0,341.0,369.0,361.0,443.0,444.0,425.0,466.0,453.0,444.0,447.0,436.0,215025.0,341.0,444.0,273.0,369.0,425.0,1.5858621090570864,2.0648761771886988,0.4790140681316124,0.260434833158935,2.911289384955238,3.5530752238111845,2.967096849203581,0.6417858388559465,22.0447284345048,0.19921741806642204,Q3,Q4 biggest rise
Northumbria,Northumberland,764.0,954.0,979.0,943.0,1095.0,1087.0,northumberland,North East,Northumberland,E06000057,325.0,316.0,450.0,493.0,530.0,574.0,616.0,676.0,703.0,691.0,688.0,661.0,691.0,703.0,678.0,331420.0,530.0,703.0,316.0,574.0,691.0,1.5991792891195462,2.1211755476434733,0.5219962585239271,0.3530263713716734,2.8453322068674187,3.303964757709251,2.953955705751011,0.4586325508418323,16.118769883351014,0.14944335961714375,Q3,Q4 biggest rise
Northumbria,South Tyneside,409.0,408.0,446.0,499.0,566.0,589.0,south tyneside,North East,South Tyneside,E08000023,455.0,484.0,654.0,704.0,636.0,627.0,631.0,653.0,635.0,620.0,587.0,612.0,625.0,631.0,628.0,151393.0,636.0,635.0,484.0,627.0,620.0,4.20098683558685,4.194381510373663,-0.006605325213186575,-0.0462372764923081,3.2960572813802487,3.738614070663769,2.9459750450813447,0.4425567892835205,13.426853707414832,0.1259879824516643,Q4 highest,Q2
Northumbria,Sunderland,840.0,941.0,894.0,861.0,1024.0,1140.0,sunderland,North East,Sunderland,E08000024,487.0,519.0,681.0,771.0,671.0,712.0,682.0,761.0,825.0,835.0,811.0,813.0,831.0,805.0,823.0,288606.0,671.0,825.0,519.0,712.0,835.0,2.32496898886371,2.8585684289307918,0.5335994400670816,0.42618656576786346,2.983305960375044,3.548089783303188,3.097648697532276,0.5647838229281441,18.931475029036005,0.1733773011717223,Q4 highest,Q4 biggest rise
Nottinghamshire,Ashfield,252.0,398.0,398.0,388.0,401.0,454.0,ashfield,East Midlands,Ashfield,E07000170,2.0,2.0,13.0,29.0,38.0,43.0,52.0,60.0,74.0,104.0,111.0,127.0,147.0,157.0,185.0,129572.0,38.0,74.0,2.0,43.0,104.0,0.2932732380452567,0.5711110425091841,0.2778378044639274,0.4707807242305437,2.9944741147778844,3.0948044330565248,3.0716512826845306,0.10033031827864036,3.350515463917536,0.032956087683295845,Q2,Q4 biggest rise
Nottinghamshire,Bassetlaw,236.0,282.0,254.0,278.0,329.0,332.0,bassetlaw,East Midlands,Bassetlaw,E07000171,1.0,1.0,1.0,1.0,0.0,16.0,14.0,52.0,74.0,123.0,170.0,181.0,192.0,203.0,197.0,124937.0,0.0,74.0,1.0,16.0,123.0,0.0,0.5922985184533005,0.5922985184533005,0.8564316415473399,2.225121461216453,2.633327196907241,2.033024644420788,0.408205735690788,18.345323741007192,0.1684366370747348,Q1 lowest,Q4 biggest rise
Nottinghamshire,Mansfield,297.0,407.0,360.0,340.0,415.0,474.0,mansfield,East Midlands,Mansfield,E07000174,41.0,39.0,43.0,61.0,49.0,17.0,46.0,64.0,83.0,137.0,169.0,173.0,170.0,193.0,192.0,113138.0,49.0,83.0,39.0,17.0,137.0,0.4330994007318496,0.7336173522600719,0.30051795152822225,1.0606515936290193,3.0051795152822214,3.668086761300359,3.1819547808870583,0.6629072460181376,22.058823529411775,0.1993329026204913,Q2,Q4 biggest rise
Nottinghamshire,Newark and Sherwood,244.0,256.0,355.0,313.0,357.0,394.0,newark and sherwood,East Midlands,Newark and Sherwood,E07000175,0.0,0.0,0.0,2.0,0.0,0.0,12.0,21.0,26.0,42.0,50.0,56.0,73.0,94.0,110.0,127886.0,0.0,26.0,0.0,0.0,42.0,0.0,0.20330606946812005,0.20330606946812005,0.328417496833117,2.4474922978277527,2.7915487230814944,2.7759097946608695,0.3440564252537417,14.057507987220452,0.1315325912394859,Q1 lowest,Q4 biggest rise
Nottinghamshire,Nottingham,970.0,1380.0,1493.0,1408.0,1540.0,1706.0,nottingham,East Midlands,Nottingham,E06000018,1392.0,1532.0,1577.0,1562.0,1490.0,1396.0,1368.0,1473.0,1535.0,1533.0,1522.0,1585.0,1605.0,1538.0,1352.0,331077.0,1490.0,1535.0,1532.0,1396.0,1533.0,4.500463638368114,4.6363836811376204,0.13592004276950664,0.4138010190982762,4.252787115988124,4.651485908112011,4.509524974552748,0.3986987921238869,9.375,0.08961215868968714,Q4 highest,Q3
South Wales,Bridgend,286.0,404.0,380.0,504.0,493.0,510.0,bridgend,Wales,Bridgend,W06000013,4.0,4.0,0.0,0.0,0.0,11.0,16.0,24.0,19.0,36.0,44.0,54.0,41.0,42.0,41.0,147530.0,0.0,19.0,4.0,11.0,36.0,0.0,0.12878736528163764,0.12878736528163764,0.16945705958110216,3.4162543211550194,3.341693214939334,2.5757473056327527,-0.07456110621568524,-2.182539682539686,-0.022067094028678545,Q1 lowest,Q3
South Wales,Cardiff,837.0,1227.0,1216.0,1144.0,1267.0,1344.0,cardiff,Wales,Cardiff,W06000015,1777.0,1680.0,1696.0,1655.0,1454.0,1624.0,1537.0,1672.0,1621.0,1502.0,1442.0,1463.0,1418.0,1418.0,1313.0,383919.0,1454.0,1621.0,1680.0,1624.0,1502.0,3.7872572079006246,4.222244796428414,0.4349875885277892,-0.3177753640741927,2.979795217220299,3.300175297393461,3.167334776346052,0.320380080173162,10.75174825174825,0.10212100838139583,Q4 highest,Q4 biggest rise
South Wales,Neath Port Talbot,320.0,390.0,363.0,359.0,449.0,499.0,neath port talbot,Wales,Neath Port Talbot,W06000012,2.0,2.0,9.0,12.0,19.0,30.0,39.0,38.0,42.0,46.0,46.0,66.0,66.0,63.0,64.0,143249.0,19.0,42.0,2.0,30.0,46.0,0.13263617896110969,0.2931957640192951,0.1605595850581854,0.1116936243883029,2.506125697212546,3.1344023343967495,2.5340491033096217,0.6282766371842037,25.069637883008355,0.22370049925397542,Q2,Q3
South Wales,Swansea,469.0,648.0,700.0,922.0,869.0,877.0,swansea,Wales,Swansea,W06000011,756.0,718.0,906.0,811.0,698.0,839.0,844.0,807.0,786.0,767.0,730.0,709.0,701.0,677.0,618.0,251304.0,698.0,786.0,718.0,839.0,767.0,2.7775124948269827,3.127685989876803,0.3501734950498201,-0.2865055868589438,3.6688632094992517,3.457963263616974,2.785470983350842,-0.21089994588227778,-5.748373101952275,-0.059202098291201766,Q4 highest,Q4 biggest rise
South Wales,Vale of Glamorgan,249.0,302.0,285.0,262.0,297.0,325.0,vale of glamorgan,Wales,Vale of Glamorgan,W06000014,2.0,2.0,2.0,6.0,5.0,4.0,6.0,7.0,12.0,18.0,21.0,20.0,17.0,17.0,21.0,135743.0,5.0,12.0,2.0,4.0,18.0,0.03683431189821943,0.08840234855572662,0.05156803665750719,0.1031360733150144,1.930117943466698,2.1879581267542343,2.0995557781985075,0.25784018328753633,13.358778625954205,0.1253876350416028,Q2,Q3
South Yorkshire,Barnsley,632.0,675.0,839.0,764.0,900.0,886.0,barnsley,Yorkshire And The Humber,Barnsley,E08000016,0.0,0.0,307.0,0.0,0.0,0.0,0.0,0.0,0.0,0.0,0.0,0.0,0.0,0.0,0.0,251770.0,0.0,0.0,0.0,0.0,0.0,0.0,0.0,0.0,0.0,3.034515629344243,3.574691186400286,3.3324065615442664,0.5401755570560431,17.801047120418858,0.16382697415779032,Q1 lowest,Q2
South Yorkshire,Barnsley,632.0,675.0,839.0,764.0,900.0,886.0,barnsley,Yorkshire and The Humber,Barnsley,E08000016,312.0,307.0,0.0,291.0,262.0,281.0,270.0,290.0,314.0,262.0,253.0,273.0,0.0,0.0,0.0,251770.0,262.0,314.0,307.0,281.0,262.0,1.0406323231520833,1.2471700361440998,0.2065377129920165,-0.07546570282400604,3.034515629344243,3.574691186400286,3.3324065615442664,0.5401755570560431,17.801047120418858,0.16382697415779032,Q3,Q4 biggest rise
South Yorkshire,Doncaster,968.0,1094.0,1146.0,1140.0,1333.0,1345.0,doncaster,Yorkshire And The Humber,Doncaster,E08000017,0.0,166.0,703.0,0.0,0.0,0.0,0.0,0.0,0.0,0.0,0.0,0.0,0.0,0.0,0.0,319765.0,0.0,0.0,166.0,0.0,0.0,0.0,0.0,0.0,0.0,3.565118133629384,4.168686379059622,3.583881913280065,0.603568245430238,16.929824561403507,0.1564037787901675,Q1 lowest,Q2
South Yorkshire,Doncaster,968.0,1094.0,1146.0,1140.0,1333.0,1345.0,doncaster,Yorkshire and The Humber,Doncaster,E08000017,666.0,483.0,0.0,775.0,690.0,668.0,688.0,691.0,676.0,667.0,682.0,665.0,658.0,561.0,538.0,319765.0,690.0,676.0,483.0,668.0,667.0,2.1578346598283114,2.114052507310056,-0.04378215251825557,-0.003127296608446828,3.565118133629384,4.168686379059622,3.583881913280065,0.603568245430238,16.929824561403507,0.1564037787901675,Q4 highest,Q1 biggest fall
South Yorkshire,Rotherham,748.0,816.0,785.0,760.0,936.0,1028.0,rotherham,Yorkshire And The Humber,Rotherham,E08000018,0.0,208.0,712.0,0.0,0.0,0.0,0.0,0.0,0.0,0.0,0.0,0.0,0.0,0.0,0.0,276595.0,0.0,0.0,208.0,0.0,0.0,0.0,0.0,0.0,0.0,2.7476997053453602,3.3840091107937598,2.8380845640738266,0.6363094054483995,23.15789473684211,0.20829704319721531,Q1 lowest,Q2
South Yorkshire,Rotherham,748.0,816.0,785.0,760.0,936.0,1028.0,rotherham,Yorkshire and The Humber,Rotherham,E08000018,823.0,575.0,0.0,707.0,608.0,596.0,674.0,535.0,516.0,465.0,448.0,449.0,445.0,403.0,388.0,276595.0,608.0,516.0,575.0,596.0,465.0,2.1981597642762885,1.8655434841555343,-0.33261628012075417,-0.47361665973716083,2.7476997053453602,3.3840091107937598,2.8380845640738266,0.6363094054483995,23.15789473684211,0.20829704319721531,Q4 highest,Q1 biggest fall
South Yorkshire,Sheffield,1229.0,1546.0,1534.0,1555.0,1957.0,2057.0,sheffield,Yorkshire And The Humber,Sheffield,E08000019,0.0,383.0,1356.0,0.0,0.0,0.0,0.0,0.0,0.0,0.0,0.0,0.0,0.0,0.0,0.0,582493.0,0.0,0.0,383.0,0.0,0.0,0.0,0.0,0.0,0.0,2.6695599775447945,3.3596970264020336,2.6335080421567296,0.6901370488572391,25.85209003215434,0.22993714278274172,Q1 lowest,Q2
South Yorkshire,Sheffield,1229.0,1546.0,1534.0,1555.0,1957.0,2057.0,sheffield,Yorkshire and The Humber,Sheffield,E08000019,1385.0,969.0,0.0,1468.0,1196.0,1245.0,1216.0,1246.0,1240.0,1211.0,1268.0,1311.0,0.0,0.0,0.0,582493.0,1196.0,1240.0,969.0,1245.0,1211.0,2.0532435582916877,2.1287809467238232,0.07553738843213553,-0.058369800152104835,2.6695599775447945,3.3596970264020336,2.6335080421567296,0.6901370488572391,25.85209003215434,0.22993714278274172,Q4 highest,Q3
Staffordshire,Cannock Chase,205.0,251.0,252.0,278.0,371.0,349.0,cannock chase,West Midlands,Cannock Chase,E07000192,288.0,307.0,301.0,247.0,201.0,40.0,21.0,18.0,19.0,21.0,28.0,26.0,31.0,28.0,29.0,104088.0,201.0,19.0,307.0,40.0,21.0,1.9310583352547845,0.18253785258627314,-1.7485204826685115,-0.18253785258627314,2.6708170009991545,3.5642917531319656,2.421028360617939,0.893474752132811,33.453237410071935,0.28858094891679803,Q3,Q1 biggest fall
Staffordshire,East Staffordshire,226.0,263.0,374.0,396.0,408.0,390.0,east staffordshire,West Midlands,East Staffordshire,E07000193,297.0,302.0,319.0,281.0,101.0,21.0,5.0,13.0,26.0,58.0,68.0,134.0,139.0,147.0,149.0,129659.0,101.0,26.0,302.0,21.0,58.0,0.7789663656205894,0.20052599511025074,-0.5784403705103387,0.2853639161184337,3.054165156294588,3.1467156155762424,2.884489314278222,0.09255045928165417,3.0303030303030276,0.02985296314968113,Q3,Q1 biggest fall
Staffordshire,Lichfield,149.0,195.0,282.0,224.0,259.0,291.0,lichfield,West Midlands,Lichfield,E07000194,0.0,0.0,0.0,0.0,3.0,4.0,3.0,3.0,3.0,0.0,3.0,3.0,3.0,3.0,5.0,111932.0,3.0,3.0,0.0,4.0,0.0,0.026801986920630384,0.026801986920630384,0.0,-0.03573598256084051,2.0012150234070685,2.313904870814423,2.519386770539256,0.3126898474073547,15.625,0.1451820098444979,Q2,Q2
Staffordshire,Newcastle-under-Lyme,239.0,337.0,423.0,389.0,375.0,466.0,newcastle-under-lyme,West Midlands,Newcastle-under-Lyme,E07000195,2.0,1.0,5.0,7.0,13.0,25.0,47.0,79.0,92.0,133.0,134.0,150.0,161.0,181.0,192.0,127727.0,13.0,92.0,1.0,25.0,133.0,0.10177957675354467,0.7202862354866237,0.6185066587330791,0.8455534068756019,3.045558104394529,2.935949329429173,3.3117508435961076,-0.1096087749653556,-3.598971722365041,-0.0366533176480355,Q2,Q4 biggest rise
Staffordshire,South Staffordshire,175.0,205.0,192.0,179.0,247.0,295.0,south staffordshire,West Midlands,South Staffordshire,E07000196,182.0,209.0,228.0,209.0,0.0,0.0,5.0,5.0,79.0,73.0,94.0,112.0,81.0,24.0,22.0,114423.0,0.0,79.0,209.0,0.0,73.0,0.0,0.6904206322155511,0.6904206322155511,0.6379836221738636,1.5643707995770082,2.158656913382799,1.6779843213339976,0.5942861138057907,37.98882681564246,0.32200253078722224,Q1 lowest,Q4 biggest rise
Staffordshire,Stafford,230.0,317.0,428.0,376.0,417.0,520.0,stafford,West Midlands,Stafford,E07000197,2.0,69.0,77.0,75.0,0.0,0.0,0.0,0.0,0.0,4.0,2.0,13.0,29.0,53.0,76.0,141556.0,0.0,0.0,69.0,0.0,4.0,0.0,0.0,0.0,0.028257368108734353,2.656192602221029,2.945830625335556,3.0235383876345754,0.28963802311452724,10.904255319148938,0.10349707840890694,Q1 lowest,Q2
Staffordshire,Staffordshire Moorlands,158.0,208.0,239.0,213.0,291.0,254.0,staffordshire moorlands,West Midlands,Staffordshire Moorlands,E07000198,1.0,1.0,1.0,0.0,3.0,3.0,3.0,3.0,3.0,9.0,14.0,26.0,28.0,35.0,36.0,96651.0,3.0,3.0,1.0,3.0,9.0,0.03103951330043145,0.03103951330043145,0.0,0.0620790266008629,2.2038054443306327,3.0108327901418503,2.472814559601039,0.8070273458112176,36.61971830985915,0.31203110146206736,Q2,Q2
Staffordshire,Stoke-on-Trent,781.0,1053.0,1270.0,1055.0,1187.0,1362.0,stoke-on-trent,West Midlands,Stoke-on-Trent,E06000021,1189.0,1174.0,1315.0,1357.0,1277.0,1196.0,1156.0,1281.0,1281.0,1248.0,1265.0,1307.0,1279.0,1189.0,1021.0,270425.0,1277.0,1281.0,1174.0,1196.0,1248.0,4.7221965424794305,4.7369880743274475,0.014791531848016959,0.19228991402422113,3.9012665249144867,4.389387075899048,4.696311361745401,0.4881205509845614,12.511848341232223,0.11788834869950113,Q4 highest,Q3
Staffordshire,Tamworth,166.0,202.0,221.0,212.0,251.0,258.0,tamworth,West Midlands,Tamworth,E07000199,136.0,143.0,141.0,244.0,199.0,186.0,162.0,6.0,228.0,183.0,266.0,261.0,208.0,95.0,133.0,81117.0,199.0,228.0,143.0,186.0,183.0,2.453246545113848,2.810754835607826,0.3575082904939779,-0.0369836162579977,2.613508882231838,3.0942958935858083,2.7244597310058314,0.48078701135397006,18.39622641509433,0.16886666445977136,Q4 highest,Q4 biggest rise
Suffolk,Ipswich,609.0,692.0,707.0,662.0,626.0,658.0,ipswich,East Of England,Ipswich,E07000202,0.0,0.0,259.0,0.0,0.0,0.0,0.0,0.0,0.0,0.0,0.0,0.0,0.0,0.0,0.0,140274.0,0.0,0.0,0.0,0.0,0.0,0.0,0.0,0.0,0.0,4.71933501575488,4.462694440879992,5.04013573434849,-0.2566405748748881,-5.438066465256797,-0.05591518483690967,Q1 lowest,Q2
Suffolk,Ipswich,609.0,692.0,707.0,662.0,626.0,658.0,ipswich,East of England,Ipswich,E07000202,224.0,229.0,0.0,283.0,76.0,77.0,61.0,52.0,47.0,74.0,79.0,103.0,116.0,114.0,113.0,140274.0,76.0,47.0,229.0,77.0,74.0,0.5417967691803185,0.33505852830888117,-0.20673824087143733,-0.02138671457290731,4.71933501575488,4.462694440879992,5.04013573434849,-0.2566405748748881,-5.438066465256797,-0.05591518483690967,Q2,Q1 biggest fall
Surrey,Elmbridge,200.0,226.0,282.0,245.0,271.0,261.0,elmbridge,South East,Elmbridge,E07000207,5.0,5.0,4.0,2.0,0.0,0.0,0.0,0.0,0.0,11.0,25.0,26.0,25.0,22.0,13.0,141926.0,0.0,0.0,5.0,0.0,11.0,0.0,0.0,0.0,0.0775051787551259,1.7262517086368954,1.9094457675126475,1.9869509462677732,0.18319405887575213,10.612244897959178,0.10086061033497386,Q2,Q2
Surrey,Epsom and Ewell,98.0,153.0,172.0,141.0,172.0,167.0,epsom and ewell,South East,Epsom and Ewell,E07000208,55.0,53.0,47.0,50.0,56.0,0.0,0.0,0.0,0.0,4.0,5.0,6.0,8.0,4.0,3.0,83288.0,56.0,0.0,53.0,0.0,4.0,0.6723657669772356,0.0,-0.6723657669772356,0.048026126212659684,1.6929209489962538,2.065123427144367,2.065123427144367,0.372202478148113,21.98581560283688,0.19873458643528474,Q3,Q1 biggest fall
Surrey,Guildford,299.0,437.0,399.0,473.0,518.0,486.0,guildford,South East,Guildford,E07000209,176.0,180.0,152.0,163.0,0.0,0.0,0.0,0.0,0.0,2.0,3.0,2.0,2.0,1.0,1.0,151359.0,0.0,0.0,180.0,0.0,2.0,0.0,0.0,0.0,0.013213617954664077,3.1250206462780543,3.4223270502579957,2.6361167819554834,0.29730640397994135,9.513742071881603,0.09087985376755006,Q2,Q2
Surrey,Mole Valley,139.0,166.0,170.0,178.0,145.0,173.0,mole valley,South East,Mole Valley,E07000210,215.0,236.0,177.0,215.0,0.0,0.0,1.0,0.0,0.0,1.0,0.0,0.0,1.0,1.0,1.0,88709.0,0.0,0.0,236.0,0.0,1.0,0.0,0.0,0.0,0.011272813356029265,2.006560777373209,1.6345579366242433,1.9163782705249748,-0.3720028407489655,-18.53932584269663,-0.20504980787151075,Q2,Q2
Surrey,Reigate and Banstead,260.0,342.0,302.0,334.0,391.0,380.0,reigate and banstead,South East,Reigate and Banstead,E07000211,508.0,473.0,517.0,525.0,316.0,332.0,252.0,367.0,360.0,350.0,346.0,362.0,339.0,288.0,249.0,159134.0,316.0,360.0,473.0,332.0,350.0,1.9857478602938405,2.2622443978031095,0.27649653750926895,0.11311221989015546,2.098860080183996,2.4570487765028215,1.897771689268164,0.35818869631882544,17.06586826347305,0.1575665670086653,Q3,Q4 biggest rise
Surrey,Runnymede,150.0,221.0,229.0,201.0,239.0,247.0,runnymede,South East,Runnymede,E07000212,0.0,0.0,4.0,4.0,4.0,5.0,4.0,9.0,9.0,10.0,11.0,8.0,0.0,15.0,28.0,92118.0,4.0,9.0,0.0,5.0,10.0,0.04342256670791811,0.09770077509281574,0.054278208384897636,0.054278208384897636,2.1819839770728846,2.5944983607981067,2.4859419440283115,0.4125143837252221,18.905472636815922,0.17315864387243493,Q2,Q3
Surrey,Spelthorne,221.0,255.0,232.0,251.0,287.0,303.0,spelthorne,South East,Spelthorne,E07000213,119.0,131.0,113.0,118.0,97.0,95.0,102.0,114.0,125.0,105.0,90.0,70.0,87.0,78.0,70.0,107074.0,97.0,125.0,131.0,95.0,105.0,0.9059155350505258,1.1674169266115022,0.2615013915609764,0.09339335412892019,2.3441731886358967,2.6803892635000093,2.166725815790948,0.33621607486411254,14.342629482071722,0.1340292766278373,Q3,Q4 biggest rise
Surrey,Surrey Heath,169.0,173.0,182.0,183.0,196.0,216.0,surrey heath,South East,Surrey Heath,E07000214,127.0,129.0,136.0,126.0,155.0,113.0,90.0,143.0,141.0,103.0,110.0,128.0,87.0,68.0,37.0,94492.0,155.0,141.0,129.0,113.0,103.0,1.6403505058629302,1.4921898150107946,-0.14816069085213557,-0.1058290648943826,1.9366718875672013,2.074249671929899,1.926088981077763,0.13757778436269752,7.10382513661203,0.06862850638909636,Q3,Q1 biggest fall
Surrey,Tandridge,103.0,156.0,143.0,139.0,174.0,152.0,tandridge,South East,Tandridge,E07000215,2.0,2.0,15.0,14.0,1.0,13.0,12.0,12.0,16.0,18.0,18.0,19.0,19.0,17.0,16.0,90586.0,1.0,16.0,2.0,13.0,18.0,0.01103923343563023,0.1766277349700837,0.16558850153445345,0.05519616717815115,1.534453447552602,1.92082661779966,1.5786103812951229,0.3863731702470581,25.179856115107913,0.22458136608383727,Q2,Q3
Surrey,Waverley,193.0,228.0,255.0,233.0,242.0,191.0,waverley,South East,Waverley,E07000216,3.0,3.0,4.0,5.0,2.0,5.0,2.0,3.0,2.0,4.0,6.0,6.0,6.0,7.0,6.0,134284.0,2.0,2.0,3.0,5.0,4.0,0.014893807154984957,0.014893807154984957,0.0,-0.007446903577492479,1.7351285335557476,1.8021506657531798,1.898960412260582,0.06702213219743225,3.862660944205998,0.03789927259098573,Q2,Q2
Surrey,Woking,233.0,255.0,272.0,241.0,262.0,247.0,woking,South East,Woking,E07000217,30.0,30.0,40.0,40.0,29.0,33.0,18.0,8.0,4.0,2.0,2.0,1.0,1.0,2.0,7.0,105679.0,29.0,4.0,30.0,33.0,2.0,0.27441591990840186,0.03785047171150371,-0.23656544819689815,-0.2933411557641537,2.280490920618098,2.4792058971034927,2.573832076382252,0.1987149764853946,8.713692946058082,0.08354757027044178,Q2,Q1 biggest fall
Sussex,Adur,122.0,150.0,147.0,153.0,186.0,155.0,adur,South East,Adur,E07000223,0.0,0.0,0.0,0.0,0.0,0.0,0.0,0.0,0.0,0.0,1.0,2.0,1.0,1.0,1.0,64889.0,0.0,0.0,0.0,0.0,0.0,0.0,0.0,0.0,0.0,2.3578726748755567,2.866433447887932,2.2654070797823977,0.5085607730123751,21.568627450980383,0.1953087523207657,Q2,Q2
Sussex,Arun,355.0,384.0,435.0,384.0,517.0,494.0,arun,South East,Arun,E07000224,0.0,1.0,0.0,2.0,0.0,0.0,0.0,0.0,0.0,2.0,3.0,1.0,2.0,3.0,3.0,170064.0,0.0,0.0,1.0,0.0,2.0,0.0,0.0,0.0,0.011760278483394487,2.2579734688117417,3.040031987957475,2.5578605701383013,0.7820585191457332,34.63541666666667,0.2974003219207023,Q2,Q2
Sussex,Brighton and Hove,930.0,1234.0,1203.0,1220.0,1285.0,1227.0,brighton and hove,South East,Brighton and Hove,E06000043,240.0,233.0,236.0,250.0,115.0,153.0,134.0,122.0,157.0,170.0,150.0,175.0,101.0,179.0,188.0,283870.0,115.0,157.0,233.0,153.0,170.0,0.4051150174375594,0.5530700672843203,0.1479550498467609,0.05988656779511749,4.297741924120196,4.526719977454468,4.2378553563250785,0.22897805333427268,5.327868852459017,0.051907859602017936,Q2,Q3
Sussex,Chichester,254.0,300.0,281.0,324.0,314.0,371.0,chichester,South East,Chichester,E07000225,20.0,22.0,26.0,135.0,223.0,141.0,174.0,192.0,238.0,194.0,199.0,230.0,179.0,110.0,86.0,128934.0,223.0,238.0,22.0,141.0,194.0,1.7295670653202413,1.8459056571579258,0.11633859183768447,0.4110630244931515,2.5129135836939827,2.43535452246886,2.1794096204259543,-0.07755906122512268,-3.0864197530864224,-0.031350529884076044,Q3,Q3
Sussex,Crawley,338.0,432.0,487.0,436.0,557.0,494.0,crawley,South East,Crawley,E07000226,572.0,587.0,526.0,533.0,604.0,376.0,322.0,465.0,437.0,399.0,279.0,405.0,403.0,304.0,301.0,124008.0,604.0,437.0,587.0,376.0,399.0,4.870653506225405,3.5239661957293076,-1.346687310496097,0.18547190503838462,3.5159021998580737,4.4916457002774015,3.9271659892910136,0.9757435004193278,27.752293577981657,0.24492299657824976,Q4 highest,Q1 biggest fall
Sussex,Eastbourne,321.0,425.0,409.0,477.0,442.0,444.0,eastbourne,South East,Eastbourne,E07000061,375.0,388.0,378.0,375.0,175.0,64.0,42.0,47.0,44.0,50.0,54.0,54.0,39.0,44.0,40.0,104259.0,175.0,44.0,388.0,64.0,50.0,1.6785121668153349,0.4220259162278557,-1.2564862505874792,-0.1342809733452268,4.575144591833799,4.239442158470732,3.9229227212998397,-0.3357024333630667,-7.337526205450729,-0.07620660881064303,Q3,Q1 biggest fall
Sussex,Hastings,316.0,432.0,397.0,421.0,465.0,412.0,hastings,South East,Hastings,E07000062,145.0,120.0,134.0,139.0,116.0,76.0,69.0,65.0,64.0,66.0,57.0,59.0,59.0,61.0,99.0,91219.0,116.0,64.0,120.0,76.0,66.0,1.2716648943750752,0.7016082175862485,-0.5700566767888268,-0.10962628399785133,4.615266556309541,5.097622205900087,4.352163474714697,0.4823556495905459,10.451306413301653,0.0994045719049748,Q3,Q1 biggest fall
Sussex,Horsham,232.0,270.0,325.0,295.0,303.0,299.0,horsham,South East,Horsham,E07000227,1.0,112.0,168.0,165.0,155.0,98.0,145.0,139.0,138.0,113.0,113.0,141.0,93.0,45.0,4.0,151521.0,155.0,138.0,112.0,98.0,113.0,1.0229605137241702,0.9107648444770032,-0.11219566924716695,0.09899617874750034,1.9469248487008401,1.9997228106995069,2.144917206195841,0.05279796199866671,2.7118644067796627,0.026757449169549332,Q3,Q1 biggest fall
Sussex,Lewes,213.0,233.0,299.0,260.0,293.0,274.0,lewes,South East,Lewes,E07000063,1.0,1.0,0.0,0.0,6.0,7.0,6.0,0.0,0.0,3.0,4.0,5.0,4.0,2.0,0.0,102363.0,6.0,0.0,1.0,7.0,3.0,0.05861492922247297,0.0,-0.05861492922247297,-0.03907661948164864,2.539980266307162,2.862362377030763,2.920977306253236,0.3223821107236011,12.692307692307692,0.11949097800153957,Q2,Q1 biggest fall
Sussex,Mid Sussex,195.0,294.0,261.0,287.0,353.0,363.0,mid sussex,South East,Mid Sussex,E07000228,421.0,414.0,388.0,368.0,311.0,195.0,317.0,621.0,533.0,519.0,482.0,588.0,450.0,366.0,326.0,161755.0,311.0,533.0,414.0,195.0,519.0,1.9226608141943062,3.29510679731693,1.3724459831226237,2.003029272665451,1.7742882754783469,2.182312756947235,1.6135513585360575,0.40802448146888826,22.99651567944252,0.20698584117367574,Q3,Q4 biggest rise
Sussex,Rother,218.0,252.0,220.0,270.0,284.0,270.0,rother,South East,Rother,E07000064,0.0,0.0,0.0,1.0,0.0,0.0,0.0,0.0,0.0,0.0,0.0,0.0,1.0,1.0,6.0,96133.0,0.0,0.0,0.0,0.0,0.0,0.0,0.0,0.0,0.0,2.80860890641091,2.95424047933592,2.2884961459644453,0.14563157292500994,5.185185185185182,0.05055227916283125,Q2,Q3
Sussex,Wealden,212.0,280.0,271.0,283.0,325.0,352.0,wealden,South East,Wealden,E07000065,84.0,72.0,91.0,95.0,87.0,55.0,0.0,0.0,0.0,2.0,1.0,0.0,1.0,265.0,419.0,166908.0,87.0,0.0,72.0,55.0,2.0,0.5212452368969732,0.0,-0.5212452368969732,-0.3175402017878112,1.6955448510556714,1.9471804826611068,1.6236489563112613,0.25163563160543534,14.840989399293282,0.13837828468649982,Q2,Q1 biggest fall
Sussex,Worthing,228.0,308.0,332.0,374.0,350.0,383.0,worthing,South East,Worthing,E07000229,1.0,1.0,8.0,6.0,11.0,12.0,13.0,15.0,10.0,17.0,16.0,16.0,15.0,15.0,19.0,113866.0,11.0,10.0,1.0,12.0,17.0,0.0966047810584371,0.08782252823494283,-0.008782252823494277,0.04391126411747141,3.2845625559868616,3.073788488222999,2.915707937400102,-0.21077406776386276,-6.417112299465244,-0.06632264293107261,Q2,Q2
Thames Valley,Bracknell Forest,219.0,307.0,310.0,268.0,327.0,345.0,bracknell forest,South East,Bracknell Forest,E06000036,5.0,5.0,9.0,8.0,5.0,5.0,6.0,6.0,6.0,17.0,17.0,13.0,10.0,12.0,12.0,130806.0,5.0,6.0,5.0,5.0,17.0,0.03822454627463572,0.04586945552956287,0.007644909254927147,0.09173891105912574,2.0488356803204746,2.499885326361176,2.3699218690274146,0.45104964604070164,22.014925373134318,0.19897319038639663,Q2,Q3
Thames Valley,Cherwell,372.0,523.0,457.0,440.0,471.0,530.0,cherwell,South East,Cherwell,E07000177,161.0,164.0,212.0,229.0,194.0,155.0,155.0,133.0,153.0,156.0,176.0,181.0,146.0,80.0,106.0,170426.0,194.0,153.0,164.0,155.0,156.0,1.1383239646532806,0.8977503432574842,-0.2405736213957964,0.005867649302336498,2.5817656930280592,2.763662821400491,2.6815157311677797,0.18189712837243155,7.045454545454555,0.06808336710411099,Q3,Q1 biggest fall
Thames Valley,Milton Keynes,719.0,936.0,904.0,965.0,1159.0,1206.0,milton keynes,South East,Milton Keynes,E06000042,77.0,147.0,198.0,203.0,196.0,140.0,132.0,129.0,422.0,239.0,319.0,334.0,387.0,450.0,443.0,305884.0,196.0,422.0,147.0,140.0,239.0,0.6407657804919512,1.3796079559571601,0.7388421754652089,0.3236521034117509,3.1547907049731267,3.789018059133528,2.955368701860836,0.6342273541604011,20.10362694300518,0.1831847420007658,Q3,Q4 biggest rise
Thames Valley,Oxford,444.0,635.0,598.0,562.0,588.0,652.0,oxford,South East,Oxford,E07000178,226.0,272.0,277.0,293.0,252.0,255.0,223.0,245.0,266.0,246.0,214.0,284.0,277.0,230.0,184.0,166034.0,252.0,266.0,272.0,255.0,246.0,1.517761422359276,1.6020815013792356,0.08432007901995964,-0.05420576508425985,3.3848488863726707,3.5414433188383105,3.6016719467097102,0.15659443246563987,4.62633451957295,0.04522509800493581,Q3,Q3
Thames Valley,Reading,538.0,651.0,638.0,596.0,676.0,738.0,reading,South East,Reading,E06000038,499.0,501.0,651.0,782.0,724.0,619.0,586.0,651.0,704.0,661.0,622.0,685.0,732.0,578.0,523.0,182907.0,724.0,704.0,501.0,619.0,661.0,3.958295745925525,3.848950559573991,-0.10934518635153401,0.22962489133822106,3.2584865532757084,3.695867298681844,3.488111444613929,0.4373807454061356,13.422818791946312,0.12595240897761437,Q4 highest,Q1 biggest fall
Thames Valley,Slough,404.0,474.0,478.0,448.0,497.0,515.0,slough,South East,Slough,E06000039,488.0,521.0,593.0,564.0,503.0,466.0,347.0,338.0,363.0,322.0,315.0,353.0,381.0,289.0,318.0,167359.0,503.0,363.0,521.0,466.0,322.0,3.0055150903148324,2.168990015475714,-0.8365250748391184,-0.860425791263093,2.6768802394851785,2.96966401567887,2.8561356126649895,0.29278377619369156,10.9375,0.10379679368164356,Q4 highest,Q1 biggest fall
Thames Valley,South Oxfordshire,255.0,288.0,273.0,310.0,324.0,305.0,south oxfordshire,South East,South Oxfordshire,E07000179,2.0,2.0,6.0,13.0,15.0,20.0,22.0,21.0,21.0,17.0,20.0,20.0,22.0,24.0,23.0,156470.0,15.0,21.0,2.0,20.0,17.0,0.09586502204895507,0.1342110308685371,0.03834600881958204,-0.019173004409791014,1.981210455678405,2.0706844762574295,1.7447434012909822,0.08947402057902454,4.516129032258065,0.04417121831313746,Q2,Q3
Thames Valley,Vale of White Horse,270.0,290.0,343.0,276.0,315.0,342.0,vale of white horse,South East,Vale of White Horse,E07000180,25.0,24.0,34.0,25.0,59.0,64.0,59.0,83.0,87.0,90.0,82.0,87.0,94.0,92.0,85.0,149347.0,59.0,87.0,24.0,64.0,90.0,0.3950531312982517,0.5825359732703034,0.18748284197205167,0.1740912104026194,1.8480451565816522,2.109181972185581,2.2966648141576327,0.26113681560392865,14.130434782608692,0.13217177310848302,Q2,Q3
Thames Valley,West Berkshire,280.0,354.0,358.0,344.0,373.0,403.0,west berkshire,South East,West Berkshire,E06000037,177.0,177.0,193.0,185.0,27.0,47.0,36.0,40.0,39.0,40.0,39.0,30.0,37.0,46.0,43.0,165112.0,27.0,39.0,177.0,47.0,40.0,0.16352536460099812,0.23620330442366394,0.07267793982266582,-0.04239546489655507,2.0834342749164203,2.259072629487863,2.1682252047095303,0.1756383545714426,8.430232558139528,0.08093676227041713,Q2,Q3
Thames Valley,West Oxfordshire,175.0,271.0,253.0,243.0,233.0,262.0,west oxfordshire,South East,West Oxfordshire,E07000181,186.0,197.0,212.0,209.0,190.0,149.0,158.0,160.0,199.0,162.0,128.0,239.0,123.0,81.0,6.0,120941.0,190.0,199.0,197.0,149.0,162.0,1.5710139654873039,1.6454304164840707,0.07441645099676686,0.10749042921755236,2.0092441769127096,1.926559231360746,2.0919291224646726,-0.0826849455519636,-4.115226337448563,-0.042022989774847926,Q3,Q3
Thames Valley,Windsor and Maidenhead,233.0,373.0,354.0,316.0,347.0,325.0,windsor and maidenhead,South East,Windsor and Maidenhead,E06000040,426.0,436.0,396.0,433.0,428.0,364.0,315.0,381.0,452.0,359.0,263.0,373.0,377.0,302.0,368.0,158943.0,428.0,452.0,436.0,364.0,359.0,2.6927892389095462,2.8437867663250347,0.15099752741548844,-0.031457818211560115,1.9881341109705994,2.183172583882272,2.2272135293784565,0.19503847291167276,9.810126582278489,0.09358256635994715,Q4 highest,Q3
Thames Valley,Wokingham,223.0,255.0,271.0,265.0,303.0,309.0,wokingham,South East,Wokingham,E06000041,149.0,144.0,158.0,168.0,241.0,157.0,27.0,28.0,267.0,234.0,279.0,267.0,219.0,188.0,125.0,187200.0,241.0,267.0,144.0,157.0,234.0,1.2873931623931625,1.4262820512820513,0.13888888888888884,0.41132478632478636,1.4155982905982905,1.6185897435897436,1.4476495726495726,0.20299145299145316,14.33962264150943,0.1340029795231469,Q3,Q3
Warwickshire,North Warwickshire,120.0,151.0,137.0,151.0,161.0,192.0,north warwickshire,West Midlands,North Warwickshire,E07000218,0.0,0.0,0.0,0.0,3.0,11.0,17.0,26.0,26.0,28.0,33.0,54.0,48.0,65.0,67.0,67117.0,3.0,26.0,0.0,11.0,28.0,0.04469806457380396,0.38738322630630095,0.34268516173249697,0.25328903258488905,2.2498025835481323,2.398796132127479,2.041211615537047,0.14899354857934677,6.62251655629138,0.06412452816953856,Q2,Q4 biggest rise
Warwickshire,Nuneaton and Bedworth,390.0,518.0,452.0,438.0,553.0,580.0,nuneaton and bedworth,West Midlands,Nuneaton and Bedworth,E07000219,0.0,0.0,6.0,16.0,29.0,48.0,60.0,98.0,168.0,237.0,282.0,289.0,301.0,310.0,318.0,141565.0,29.0,168.0,0.0,48.0,237.0,0.20485289443012042,1.1867340091124219,0.9818811146823014,1.3350757602514747,3.093985095185957,3.9063327799950547,3.1928795959453256,0.8123476848090978,26.25570776255708,0.23313909114588868,Q2,Q4 biggest rise
Warwickshire,Rugby,235.0,335.0,324.0,322.0,378.0,360.0,rugby,West Midlands,Rugby,E07000220,407.0,411.0,210.0,438.0,331.0,276.0,317.0,421.0,379.0,315.0,377.0,559.0,565.0,506.0,567.0,122378.0,331.0,379.0,411.0,276.0,315.0,2.7047345111049372,3.0969618722319368,0.3922273611269995,0.3186847309156875,2.6311918808936245,3.0887904688751244,2.6475346876072496,0.4575985879814999,17.391304347826097,0.16034265007517948,Q4 highest,Q4 biggest rise
West Mercia,"Herefordshire, County of",475.0,649.0,630.0,572.0,554.0,564.0,herefordshire county of,South West,"Herefordshire, County of",E06000019,0.0,36.0,0.0,0.0,0.0,0.0,0.0,0.0,0.0,0.0,0.0,0.0,0.0,0.0,0.0,191047.0,0.0,0.0,36.0,0.0,0.0,0.0,0.0,0.0,0.0,2.9940276476469143,2.899809994399284,3.297617863667056,-0.0942176532476302,-3.1468531468531458,-0.03197430463251408,Q2,Q3
West Mercia,"Herefordshire, County of",475.0,649.0,630.0,572.0,554.0,564.0,herefordshire county of,West Midlands,"Herefordshire, County of",E06000019,2.0,2.0,99.0,172.0,136.0,0.0,0.0,0.0,0.0,1.0,3.0,12.0,19.0,17.0,25.0,191047.0,136.0,0.0,2.0,0.0,1.0,0.711866713426539,0.0,-0.711866713426539,0.005234314069312787,2.9940276476469143,2.899809994399284,3.297617863667056,-0.0942176532476302,-3.1468531468531458,-0.03197430463251408,Q3,Q1 biggest fall
West Mercia,Shropshire,645.0,810.0,797.0,744.0,753.0,866.0,shropshire,West Midlands,Shropshire,E06000051,66.0,61.0,65.0,95.0,86.0,69.0,0.0,4.0,7.0,7.0,15.0,15.0,26.0,51.0,111.0,332455.0,86.0,7.0,61.0,69.0,7.0,0.2586816260847333,0.021055481192943405,-0.23762614489178988,-0.18649140485178445,2.237896858221413,2.2649681911837694,2.397316930110842,0.027071332962356198,1.2096774193548487,0.012024192966801812,Q2,Q1 biggest fall
West Mercia,Telford and Wrekin,625.0,700.0,763.0,711.0,675.0,764.0,telford and wrekin,West Midlands,Telford and Wrekin,E06000020,5.0,63.0,134.0,248.0,288.0,277.0,218.0,431.0,483.0,590.0,727.0,763.0,710.0,566.0,562.0,195952.0,288.0,483.0,63.0,277.0,590.0,1.4697476933126479,2.4648893606597535,0.9951416673471056,1.5973299583571485,3.6284396178655998,3.4447211562015188,3.893810729158161,-0.183718461664081,-5.063291139240511,-0.051959738930711104,Q3,Q4 biggest rise
West Midlands,Birmingham,3808.0,5107.0,4725.0,4840.0,5473.0,5734.0,birmingham,West Midlands,Birmingham,E08000025,3251.0,3455.0,2986.0,3488.0,3105.0,2806.0,1955.0,2476.0,2402.0,2504.0,2755.0,2832.0,2637.0,2142.0,2136.0,1183618.0,3105.0,2402.0,3455.0,2806.0,2504.0,2.6233125890278792,2.029370962590971,-0.5939416264369082,-0.2551498878861254,4.089157143605453,4.6239580675522,3.9919974180859024,0.5348009239467473,13.078512396694219,0.12291219143324081,Q4 highest,Q1 biggest fall
West Midlands,Coventry,1036.0,1220.0,1214.0,1307.0,1358.0,1428.0,coventry,West Midlands,Coventry,E08000026,1899.0,1941.0,2149.0,2161.0,1868.0,2020.0,1924.0,2017.0,2144.0,2001.0,1733.0,1747.0,1719.0,1712.0,1700.0,369026.0,1868.0,2144.0,1941.0,2020.0,2001.0,5.061973953054799,5.809888734127135,0.7479147810723363,-0.051486887102805766,3.541755865440375,3.6799575097689594,3.289741102252958,0.13820164432858428,3.9020657995409325,0.03827859449441948,Q4 highest,Q4 biggest rise
West Midlands,Dudley,674.0,783.0,791.0,830.0,809.0,928.0,dudley,West Midlands,Dudley,E08000027,449.0,471.0,650.0,645.0,663.0,670.0,646.0,659.0,634.0,676.0,669.0,722.0,713.0,663.0,611.0,331930.0,663.0,634.0,471.0,670.0,676.0,1.9974090922784924,1.9100412737625403,-0.0873678185159521,0.01807610038261079,2.500527219594493,2.437260868255355,2.3830325671075228,-0.06326635133913827,-2.530120481927711,-0.025626783732151923,Q3,Q1 biggest fall
West Midlands,Sandwell,871.0,1019.0,895.0,1029.0,1150.0,1172.0,sandwell,West Midlands,Sandwell,E08000028,1145.0,1121.0,1410.0,1554.0,1437.0,1555.0,1416.0,1631.0,1646.0,1678.0,1671.0,1679.0,1595.0,1500.0,1467.0,353860.0,1437.0,1646.0,1121.0,1555.0,1678.0,4.060928050641496,4.651557112982536,0.5906290623410397,0.3475950941050133,2.907929689707794,3.2498728310631324,2.5292488554795685,0.3419431413553382,11.758989310009715,0.11117448552324612,Q4 highest,Q4 biggest rise
West Midlands,Solihull,431.0,566.0,488.0,445.0,575.0,579.0,solihull,West Midlands,Solihull,E08000029,374.0,421.0,317.0,365.0,276.0,266.0,167.0,303.0,293.0,259.0,303.0,321.0,300.0,207.0,205.0,221242.0,276.0,293.0,421.0,266.0,259.0,1.2475027345621537,1.3243416711112717,0.076838936549118,-0.03163956210846042,2.0113721626092693,2.59896403033782,2.2057294727040975,0.5875918677285505,29.21348314606742,0.25629575863111026,Q3,Q3
West Midlands,Walsall,693.0,861.0,858.0,867.0,974.0,1002.0,walsall,West Midlands,Walsall,E08000030,682.0,690.0,879.0,866.0,812.0,820.0,811.0,895.0,698.0,696.0,697.0,701.0,691.0,650.0,663.0,295678.0,812.0,698.0,690.0,820.0,696.0,2.7462306969067702,2.3606761409371004,-0.3855545559696698,-0.41937513105472846,2.932243859874593,3.294124013284722,2.9018053422980405,0.3618801534101288,12.34140715109573,0.11637232686199322,Q4 highest,Q1 biggest fall
West Midlands,Wolverhampton,832.0,1020.0,1035.0,1023.0,1033.0,993.0,wolverhampton,North West,Wolverhampton,E08000031,0.0,4.0,0.0,0.0,0.0,0.0,0.0,0.0,0.0,0.0,0.0,0.0,0.0,0.0,0.0,281251.0,0.0,0.0,4.0,0.0,0.0,0.0,0.0,0.0,0.0,3.6373204006385755,3.6728758297748274,3.6799869156020777,0.03555542913625187,0.9775171065493637,0.009727703168012056,Q2,Q3
West Midlands,Wolverhampton,832.0,1020.0,1035.0,1023.0,1033.0,993.0,wolverhampton,West Midlands,Wolverhampton,E08000031,1208.0,1180.0,1289.0,1375.0,1230.0,1236.0,1257.0,1184.0,1338.0,1248.0,1323.0,1344.0,1318.0,1094.0,1018.0,281251.0,1230.0,1338.0,1180.0,1236.0,1248.0,4.37331778375899,4.757316418430513,0.3839986346715225,0.04266651496350235,3.6373204006385755,3.6728758297748274,3.6799869156020777,0.03555542913625187,0.9775171065493637,0.009727703168012056,Q4 highest,Q4 biggest rise
West Yorkshire,Bradford,1923.0,2277.0,2402.0,2473.0,2935.0,2697.0,bradford,Yorkshire And The Humber,Bradford,E08000032,0.0,417.0,1801.0,0.0,0.0,0.0,0.0,0.0,0.0,0.0,0.0,0.0,0.0,0.0,0.0,563605.0,0.0,0.0,417.0,0.0,0.0,0.0,0.0,0.0,0.0,4.387824806380355,5.207547839355577,4.2618500545594875,0.8197230329752223,18.681763040841084,0.1712754647407806,Q2,Q3
West Yorkshire,Bradford,1923.0,2277.0,2402.0,2473.0,2935.0,2697.0,bradford,Yorkshire and The Humber,Bradford,E08000032,1775.0,1308.0,0.0,1896.0,1584.0,1518.0,1569.0,1614.0,1527.0,1443.0,1430.0,1455.0,1368.0,1266.0,1097.0,563605.0,1584.0,1527.0,1308.0,1518.0,1443.0,2.8104789702007613,2.7093443102882335,-0.10113465991252779,-0.13307192093753603,4.387824806380355,5.207547839355577,4.2618500545594875,0.8197230329752223,18.681763040841084,0.1712754647407806,Q4 highest,Q1 biggest fall
West Yorkshire,Calderdale,835.0,916.0,859.0,899.0,934.0,911.0,calderdale,Yorkshire And The Humber,Calderdale,E08000033,0.0,167.0,689.0,0.0,0.0,0.0,0.0,0.0,0.0,0.0,0.0,0.0,0.0,0.0,0.0,210929.0,0.0,0.0,167.0,0.0,0.0,0.0,0.0,0.0,0.0,4.262097672676587,4.428030285072229,4.072460401367285,0.1659326123956415,3.8932146829810943,0.03819340375722239,Q2,Q3
West Yorkshire,Calderdale,835.0,916.0,859.0,899.0,934.0,911.0,calderdale,Yorkshire and The Humber,Calderdale,E08000033,636.0,474.0,0.0,742.0,621.0,633.0,604.0,688.0,672.0,584.0,614.0,665.0,608.0,509.0,452.0,210929.0,621.0,672.0,474.0,633.0,584.0,2.944118637076931,3.1859061579962926,0.2417875209193614,-0.23230565735389633,4.262097672676587,4.428030285072229,4.072460401367285,0.1659326123956415,3.8932146829810943,0.03819340375722239,Q4 highest,Q4 biggest rise
West Yorkshire,Kirklees,1278.0,1655.0,1572.0,1578.0,1811.0,1716.0,kirklees,Yorkshire And The Humber,Kirklees,E08000034,0.0,204.0,1067.0,0.0,0.0,0.0,0.0,0.0,0.0,0.0,0.0,0.0,0.0,0.0,0.0,447847.0,0.0,0.0,204.0,0.0,0.0,0.0,0.0,0.0,0.0,3.523524775202245,4.043791741375961,3.5101273425969137,0.520266966173716,14.765525982256023,0.13772095647759386,Q2,Q3
West Yorkshire,Kirklees,1278.0,1655.0,1572.0,1578.0,1811.0,1716.0,kirklees,Yorkshire and The Humber,Kirklees,E08000034,1008.0,786.0,0.0,1072.0,872.0,871.0,867.0,854.0,818.0,772.0,749.0,748.0,722.0,707.0,668.0,447847.0,872.0,818.0,786.0,871.0,772.0,1.9470935386415449,1.8265166451935595,-0.12057689344798539,-0.22105763798797357,3.523524775202245,4.043791741375961,3.5101273425969137,0.520266966173716,14.765525982256023,0.13772095647759386,Q3,Q1 biggest fall
West Yorkshire,Leeds,2478.0,3194.0,3236.0,3147.0,3697.0,3697.0,leeds,Yorkshire And The Humber,Leeds,E08000035,0.0,331.0,1500.0,0.0,0.0,0.0,0.0,0.0,0.0,0.0,0.0,0.0,0.0,0.0,0.0,845189.0,0.0,0.0,331.0,0.0,0.0,0.0,0.0,0.0,0.0,3.7234275410588635,4.374169564440616,3.8287294321151837,0.6507420233817527,17.47696218620909,0.16107206187222506,Q2,Q3
West Yorkshire,Leeds,2478.0,3194.0,3236.0,3147.0,3697.0,3697.0,leeds,Yorkshire and The Humber,Leeds,E08000035,1544.0,1184.0,0.0,1650.0,1451.0,1598.0,1654.0,1701.0,1686.0,1659.0,1659.0,1715.0,1772.0,1416.0,1365.0,845189.0,1451.0,1686.0,1184.0,1598.0,1659.0,1.716775774412587,1.9948200934938811,0.278044319081294,0.07217320622961254,3.7234275410588635,4.374169564440616,3.8287294321151837,0.6507420233817527,17.47696218620909,0.16107206187222506,Q3,Q4 biggest rise
West Yorkshire,Wakefield,1016.0,1331.0,1550.0,1355.0,1548.0,1612.0,wakefield,Yorkshire And The Humber,Wakefield,E08000036,0.0,474.0,639.0,0.0,0.0,0.0,0.0,0.0,0.0,0.0,0.0,0.0,0.0,0.0,0.0,367666.0,0.0,0.0,474.0,0.0,0.0,0.0,0.0,0.0,0.0,3.6854101276702225,4.210343083124357,4.215782802869996,0.5249329554541347,14.243542435424361,0.1331623208358712,Q2,Q3
West Yorkshire,Wakefield,1016.0,1331.0,1550.0,1355.0,1548.0,1612.0,wakefield,Yorkshire and The Humber,Wakefield,E08000036,805.0,409.0,0.0,850.0,571.0,464.0,704.0,814.0,723.0,741.0,734.0,831.0,713.0,648.0,724.0,367666.0,571.0,723.0,409.0,464.0,741.0,1.5530399873798502,1.9664586880483916,0.4134187006685415,0.7534011847709606,3.6854101276702225,4.210343083124357,4.215782802869996,0.5249329554541347,14.243542435424361,0.1331623208358712,Q3,Q4 biggest rise
Wiltshire,Swindon,514.0,695.0,715.0,714.0,816.0,889.0,swindon,South West,Swindon,E06000030,732.0,723.0,805.0,798.0,744.0,578.0,523.0,592.0,560.0,551.0,568.0,540.0,562.0,515.0,511.0,243875.0,744.0,560.0,723.0,578.0,551.0,3.0507432086109687,2.2962583290620198,-0.7544848795489489,-0.11071245515120451,2.9277293695540747,3.345976422347514,2.931829830855971,0.41824705279343943,14.28571428571428,0.13353139262452257,Q4 highest,Q1 biggest fall
Wiltshire,Wiltshire,915.0,1100.0,1191.0,1167.0,1275.0,1429.0,wiltshire,South West,Wiltshire,E06000054,72.0,96.0,102.0,116.0,100.0,78.0,58.0,77.0,112.0,154.0,158.0,193.0,208.0,205.0,196.0,523700.0,100.0,112.0,96.0,78.0,154.0,0.19094901661256444,0.21386289860607216,0.022913881993507718,0.14512125262554898,2.228375023868627,2.4345999618101963,2.274202787855643,0.20622493794156949,9.254498714652959,0.08850982530597055,Q2,Q3
