Indicators_Information_Code,LA_Information_LocalAuthority,LA_Data_LGBF_Year,LA_Data_LA_IndicatorReal,LA_Data_LA_Numerator_real,LA_Data_LA_Den_Real,Scotland_Data_Scotland_Indicator_Real,Scotland_Data_Scotland_Num_Real,Scotland_Data_Scotland_Den_Real,FG_Data_FG_Avg_Indicator_Real,FG_Data_FG_Avg_Num_Real,FG_Data_FG_Avg_Den_Real,FG_Data_FamilyGroup
CHN01,Aberdeen City,2010-11,7180.0328,85442.3234,11900,6989.0223,2553272.6237,365326,7024.275825,116647.722425,16819.375,Urban
CHN01,Aberdeen City,2011-12,6916.4018,82685.5404,11955,6753.6894,2474748.2328,366429,6694.2383375,112499.2786,16944,Urban
CHN01,Aberdeen City,2012-13,6907.0704,84625.4148,12252,6587.1357,2441717.5695,370680,6514.578925,112069.7629625,17237.75,Urban
CHN01,Aberdeen City,2013-14,6641.9522,84007.4894,12648,6428.3648,2425947.9205,377382,6332.440825,109995.2518625,17670,Urban
CHN01,Aberdeen City,2014-15,7019.5633,91563.2073,13044,6241.2162,2404189.8682,385212,6231.056375,110554.441475,18156.875,Urban
CHN01,Aberdeen City,2015-16,6777.6182,90501.6137,13353,6287.2569,2459246.7832,391148,6157.90275,112876.5241875,18512.75,Urban
CHN01,Aberdeen City,2016-17,6495.1801,89009.8862,13704,6288.7568,2494731.0164,396697,6169.600925,114184.6337,18888.75,Urban
CHN01,Aberdeen City,2017-18,6677.6937,92973.552,13923,6446.8123,2580737.0109,400312,6295.76455,119323.4197875,19137.5,Urban
CHN01,Aberdeen City,2018-19,6534.1925,91472.0916,13999,6616.1587,2648288.7642,400276,6462.6869875,124236.625775,19183.875,Urban
CHN01,Aberdeen City,2019-20,6614.2694,92037.6274,13915,6912.8907,2756821.165,398794,6826.3428,130648.9294125,19128.5,Urban
CHN01,Aberdeen City,2020-21,6931.5676,96785.5104,13963,7100.969,2797477.312,393957,6980.3862125,130862.7832375,18873.625,Urban
CHN01,Aberdeen City,2021-22,6902.5267,97215.1307,14084,7403.5578,2889707.025,390313,7329.483,135760.917175,18636.625,Urban
CHN01,Aberdeen City,2022-23,6979.6536,101714.5652,14573,7466.9827,2904060.3296,388920,7352.310325,135125.5794,18649.25,Urban
CHN01,Aberdeen City,2023-24,6845.4154,103605.2899,15135,7480.2687,2877846.6171,384725,7355.2406125,132473.3002125,18557.5,Urban
CHN01,Aberdeen City,2024-25,7243.79,108425,14968,7605.71,2885257,379354,7458.48375,133481.625,18347,Urban
CHN01,Aberdeenshire,2010-11,7014.4836,134067.7888,19113,6989.0223,2553272.6237,365326,9322.1305125,63604.7952375,8106.25,Rural
CHN01,Aberdeenshire,2011-12,6484.2737,123642.115,19068,6753.6894,2474748.2328,366429,9081.6693875,61669.7680375,8109.875,Rural
CHN01,Aberdeenshire,2012-13,6509.7502,125527.629,19283,6587.1357,2441717.5695,370680,8902.84175,60491.1790125,8141.75,Rural
CHN01,Aberdeenshire,2013-14,6587.351,131061.9459,19896,6428.3648,2425947.9205,377382,8776.9645375,61020.1660125,8266.75,Rural
CHN01,Aberdeenshire,2014-15,6484.6204,133051.461,20518,6241.2162,2404189.8682,385212,8294.6684,59509.0872875,8413.125,Rural
CHN01,Aberdeenshire,2015-16,6781.0527,140272.757,20686,6287.2569,2459246.7832,391148,8304.64665,60843.12795,8487.375,Rural
CHN01,Aberdeenshire,2016-17,6764.3321,141286.4903,20887,6288.7568,2494731.0164,396697,8292.30295,60300.627825,8525.625,Rural
CHN01,Aberdeenshire,2017-18,6747.6722,142294.9191,21088,6446.8123,2580737.0109,400312,8444.958025,62004.092125,8581.375,Rural
CHN01,Aberdeenshire,2018-19,6839.441,143778.7214,21022,6616.1587,2648288.7642,400276,8422.9760625,61024.2432875,8528.625,Rural
CHN01,Aberdeenshire,2019-20,7045.903,147844.1121,20983,6912.8907,2756821.165,398794,8749.83515,62977.0133875,8471.5,Rural
CHN01,Aberdeenshire,2020-21,7290.9919,152884.9288,20969,7100.969,2797477.312,393957,8901.713575,63981.4784625,8345.375,Rural
CHN01,Aberdeenshire,2021-22,7258.3029,150979.9912,20801,7403.5578,2889707.025,390313,9154.0163625,64713.7432375,8267.375,Rural
CHN01,Aberdeenshire,2022-23,6848.7196,142898.626,20865,7466.9827,2904060.3296,388920,9366.9913,64591.8983375,8205.75,Rural
CHN01,Aberdeenshire,2023-24,7038.3467,144645.0552,20551,7480.2687,2877846.6171,384725,9579.6784125,65042.4259375,8057.625,Rural
CHN01,Aberdeenshire,2024-25,7131.89,143408,20108,7605.71,2885257,379354,9902.5075,65055.75,7866,Rural
CHN01,Angus,2010-11,6768.7725,57135.2475,8441,6989.0223,2553272.6237,365326,6512.2196875,66397.180575,10327.375,3
CHN01,Angus,2011-12,6614.9283,55704.2861,8421,6753.6894,2474748.2328,366429,6314.49645,64674.65325,10304.75,3
CHN01,Angus,2012-13,6359.3951,54016.6668,8494,6587.1357,2441717.5695,370680,6197.254525,64735.5447,10410,3
CHN01,Angus,2013-14,6193.6247,52862.5704,8535,6428.3648,2425947.9205,377382,6108.301,65307.5052375,10540.25,3
CHN01,Angus,2014-15,6313.9629,54603.1225,8648,6241.2162,2404189.8682,385212,5987.2383625,64693.6051375,10692.5,3
CHN01,Angus,2015-16,6348.6639,54909.5599,8649,6287.2569,2459246.7832,391148,6020.6137875,66198.707725,10851.875,3
CHN01,Angus,2016-17,6559.101,56782.1236,8657,6288.7568,2494731.0164,396697,6227.2922375,68316.299525,10978.25,3
CHN01,Angus,2017-18,6572.6029,57214.4935,8705,6446.8123,2580737.0109,400312,6381.08205,70813.9972625,11103.5,3
CHN01,Angus,2018-19,6400.5925,56434.0368,8817,6616.1587,2648288.7642,400276,6514.5309875,73070.4720375,11123.125,3
CHN01,Angus,2019-20,6753.4806,59011.9407,8738,6912.8907,2756821.165,398794,6756.6262875,75819.4801875,11131.75,3
CHN01,Angus,2020-21,7146.4732,61102.3577,8550,7100.969,2797477.312,393957,7093.3634625,77825.234575,11029.25,3
CHN01,Angus,2021-22,7352.4639,62076.822,8443,7403.5578,2889707.025,390313,7418.3554875,80827.2236,11014.375,3
CHN01,Angus,2022-23,7148.632,60198.6389,8421,7466.9827,2904060.3296,388920,7406.1565875,82332.2333,11042.625,3
CHN01,Angus,2023-24,7116.5458,59045.9934,8297,7480.2687,2877846.6171,384725,7488.328725,82153.4158875,10980.625,3
CHN01,Angus,2024-25,7485.7,60462,8077,7605.71,2885257,379354,7648.08875,82882,10859.625,3
CHN01,Argyll & Bute,2010-11,8465.8653,49169.7209,5808,6989.0223,2553272.6237,365326,9322.1305125,63604.7952375,8106.25,Rural
CHN01,Argyll & Bute,2011-12,7971.7149,46004.7534,5771,6753.6894,2474748.2328,366429,9081.6693875,61669.7680375,8109.875,Rural
CHN01,Argyll & Bute,2012-13,8042.11,45823.9649,5698,6587.1357,2441717.5695,370680,8902.84175,60491.1790125,8141.75,Rural
CHN01,Argyll & Bute,2013-14,7967.5695,45255.7972,5680,6428.3648,2425947.9205,377382,8776.9645375,61020.1660125,8266.75,Rural
CHN01,Argyll & Bute,2014-15,7616.4338,43946.787,5770,6241.2162,2404189.8682,385212,8294.6684,59509.0872875,8413.125,Rural
CHN01,Argyll & Bute,2015-16,7472.9281,43268.2735,5790,6287.2569,2459246.7832,391148,8304.64665,60843.12795,8487.375,Rural
CHN01,Argyll & Bute,2016-17,7566.5478,43802.7162,5789,6288.7568,2494731.0164,396697,8292.30295,60300.627825,8525.625,Rural
CHN01,Argyll & Bute,2017-18,8567.3736,50179.1187,5857,6446.8123,2580737.0109,400312,8444.958025,62004.092125,8581.375,Rural
CHN01,Argyll & Bute,2018-19,8209.4036,48090.679,5858,6616.1587,2648288.7642,400276,8422.9760625,61024.2432875,8528.625,Rural
CHN01,Argyll & Bute,2019-20,8630.3792,49840.4666,5775,6912.8907,2756821.165,398794,8749.83515,62977.0133875,8471.5,Rural
CHN01,Argyll & Bute,2020-21,8927.666,50111.0152,5613,7100.969,2797477.312,393957,8901.713575,63981.4784625,8345.375,Rural
CHN01,Argyll & Bute,2021-22,9296.673,51206.0757,5508,7403.5578,2889707.025,390313,9154.0163625,64713.7432375,8267.375,Rural
CHN01,Argyll & Bute,2022-23,9467.6944,50974.0905,5384,7466.9827,2904060.3296,388920,9366.9913,64591.8983375,8205.75,Rural
CHN01,Argyll & Bute,2023-24,9910.9229,52200.8476,5267,7480.2687,2877846.6171,384725,9579.6784125,65042.4259375,8057.625,Rural
CHN01,Argyll & Bute,2024-25,10286.38,52800,5133,7605.71,2885257,379354,9902.5075,65055.75,7866,Rural
CHN01,Clackmannanshire,2010-11,6401.4434,24351.0911,3804,6989.0223,2553272.6237,365326,6512.2196875,66397.180575,10327.375,3
CHN01,Clackmannanshire,2011-12,6188.1715,23341.8037,3772,6753.6894,2474748.2328,366429,6314.49645,64674.65325,10304.75,3
CHN01,Clackmannanshire,2012-13,5687.7495,21966.0813,3862,6587.1357,2441717.5695,370680,6197.254525,64735.5447,10410,3
CHN01,Clackmannanshire,2013-14,5308.0511,20812.863,3921,6428.3648,2425947.9205,377382,6108.301,65307.5052375,10540.25,3
CHN01,Clackmannanshire,2014-15,5218.5228,20534.8756,3935,6241.2162,2404189.8682,385212,5987.2383625,64693.6051375,10692.5,3
CHN01,Clackmannanshire,2015-16,5363.1838,21543.9305,4017,6287.2569,2459246.7832,391148,6020.6137875,66198.707725,10851.875,3
CHN01,Clackmannanshire,2016-17,5910.9429,23667.4065,4004,6288.7568,2494731.0164,396697,6227.2922375,68316.299525,10978.25,3
CHN01,Clackmannanshire,2017-18,6276.6074,25614.8191,4081,6446.8123,2580737.0109,400312,6381.08205,70813.9972625,11103.5,3
CHN01,Clackmannanshire,2018-19,6209.7932,25255.2276,4067,6616.1587,2648288.7642,400276,6514.5309875,73070.4720375,11123.125,3
CHN01,Clackmannanshire,2019-20,6798.2165,27165.6547,3996,6912.8907,2756821.165,398794,6756.6262875,75819.4801875,11131.75,3
CHN01,Clackmannanshire,2020-21,7299.2021,28912.1401,3961,7100.969,2797477.312,393957,7093.3634625,77825.234575,11029.25,3
CHN01,Clackmannanshire,2021-22,7753.7024,30200.6718,3895,7403.5578,2889707.025,390313,7418.3554875,80827.2236,11014.375,3
CHN01,Clackmannanshire,2022-23,7536.3687,28917.0489,3837,7466.9827,2904060.3296,388920,7406.1565875,82332.2333,11042.625,3
CHN01,Clackmannanshire,2023-24,8113.4525,30668.8665,3780,7480.2687,2877846.6171,384725,7488.328725,82153.4158875,10980.625,3
CHN01,Clackmannanshire,2024-25,8251.59,29879,3621,7605.71,2885257,379354,7648.08875,82882,10859.625,3
CHN01,Dumfries & Galloway,2010-11,8338.8193,85789.7205,10288,6989.0223,2553272.6237,365326,9322.1305125,63604.7952375,8106.25,Rural
CHN01,Dumfries & Galloway,2011-12,8238.3812,85250.7295,10348,6753.6894,2474748.2328,366429,9081.6693875,61669.7680375,8109.875,Rural
CHN01,Dumfries & Galloway,2012-13,7772.8416,80985.2974,10419,6587.1357,2441717.5695,370680,8902.84175,60491.1790125,8141.75,Rural
CHN01,Dumfries & Galloway,2013-14,7688.8183,81032.4687,10539,6428.3648,2425947.9205,377382,8776.9645375,61020.1660125,8266.75,Rural
CHN01,Dumfries & Galloway,2014-15,7480.5484,79892.239,10680,6241.2162,2404189.8682,385212,8294.6684,59509.0872875,8413.125,Rural
CHN01,Dumfries & Galloway,2015-16,7488.7777,80451.9668,10743,6287.2569,2459246.7832,391148,8304.64665,60843.12795,8487.375,Rural
CHN01,Dumfries & Galloway,2016-17,7333.6993,77986.4952,10634,6288.7568,2494731.0164,396697,8292.30295,60300.627825,8525.625,Rural
CHN01,Dumfries & Galloway,2017-18,7310.8903,78211.9436,10698,6446.8123,2580737.0109,400312,8444.958025,62004.092125,8581.375,Rural
CHN01,Dumfries & Galloway,2018-19,6637.3587,69732.0537,10506,6616.1587,2648288.7642,400276,8422.9760625,61024.2432875,8528.625,Rural
CHN01,Dumfries & Galloway,2019-20,6889.6354,70990.8076,10304,6912.8907,2756821.165,398794,8749.83515,62977.0133875,8471.5,Rural
CHN01,Dumfries & Galloway,2020-21,7323.4125,74457.1329,10167,7100.969,2797477.312,393957,8901.713575,63981.4784625,8345.375,Rural
CHN01,Dumfries & Galloway,2021-22,7470.5769,75393.0188,10092,7403.5578,2889707.025,390313,9154.0163625,64713.7432375,8267.375,Rural
CHN01,Dumfries & Galloway,2022-23,7583.8233,75898.9295,10008,7466.9827,2904060.3296,388920,9366.9913,64591.8983375,8205.75,Rural
CHN01,Dumfries & Galloway,2023-24,7929.2423,77730.4106,9803,7480.2687,2877846.6171,384725,9579.6784125,65042.4259375,8057.625,Rural
CHN01,Dumfries & Galloway,2024-25,8311.89,78963,9500,7605.71,2885257,379354,9902.5075,65055.75,7866,Rural
CHN01,Dundee City,2010-11,6849.4989,64659.2903,9440,6989.0223,2553272.6237,365326,7024.275825,116647.722425,16819.375,Urban
CHN01,Dundee City,2011-12,6451.6774,61045.8319,9462,6753.6894,2474748.2328,366429,6694.2383375,112499.2786,16944,Urban
CHN01,Dundee City,2012-13,6100.1429,58604.0784,9607,6587.1357,2441717.5695,370680,6514.578925,112069.7629625,17237.75,Urban
CHN01,Dundee City,2013-14,5913.0584,58456.4282,9886,6428.3648,2425947.9205,377382,6332.440825,109995.2518625,17670,Urban
CHN01,Dundee City,2014-15,5736.4431,58368.2982,10175,6241.2162,2404189.8682,385212,6231.056375,110554.441475,18156.875,Urban
CHN01,Dundee City,2015-16,5586,58088.8298,10399,6287.2569,2459246.7832,391148,6157.90275,112876.5241875,18512.75,Urban
CHN01,Dundee City,2016-17,5822.9943,61764.5286,10607,6288.7568,2494731.0164,396697,6169.600925,114184.6337,18888.75,Urban
CHN01,Dundee City,2017-18,6157.2726,66246.1139,10759,6446.8123,2580737.0109,400312,6295.76455,119323.4197875,19137.5,Urban
CHN01,Dundee City,2018-19,6339.5731,67814.4476,10697,6616.1587,2648288.7642,400276,6462.6869875,124236.625775,19183.875,Urban
CHN01,Dundee City,2019-20,6380.4227,67849.436,10634,6912.8907,2756821.165,398794,6826.3428,130648.9294125,19128.5,Urban
CHN01,Dundee City,2020-21,6897.7186,71253.4753,10330,7100.969,2797477.312,393957,6980.3862125,130862.7832375,18873.625,Urban
CHN01,Dundee City,2021-22,7275.6068,73811.0121,10145,7403.5578,2889707.025,390313,7329.483,135760.917175,18636.625,Urban
CHN01,Dundee City,2022-23,7381.1889,74653.3426,10114,7466.9827,2904060.3296,388920,7352.310325,135125.5794,18649.25,Urban
CHN01,Dundee City,2023-24,7429.7883,74751.1492,10061,7480.2687,2877846.6171,384725,7355.2406125,132473.3002125,18557.5,Urban
CHN01,Dundee City,2024-25,7371.75,73172,9926,7605.71,2885257,379354,7458.48375,133481.625,18347,Urban
CHN01,East Ayrshire,2010-11,6777.6021,59609.0045,8795,6989.0223,2553272.6237,365326,6929.595625,72509.379725,10355,2
CHN01,East Ayrshire,2011-12,6227.6272,54753.3238,8792,6753.6894,2474748.2328,366429,6773.307425,70499.829225,10387.625,2
CHN01,East Ayrshire,2012-13,6347.2753,55532.3376,8749,6587.1357,2441717.5695,370680,6522.3227,67918.2095125,10487.75,2
CHN01,East Ayrshire,2013-14,6228.2196,55119.7651,8850,6428.3648,2425947.9205,377382,6321.5489125,66920.56695,10638.125,2
CHN01,East Ayrshire,2014-15,6128.7857,54803.6268,8942,6241.2162,2404189.8682,385212,6165.757875,65870.727175,10831.375,2
CHN01,East Ayrshire,2015-16,6497.658,58569.9299,9014,6287.2569,2459246.7832,391148,6224.050675,67487.48805,10983.875,2
CHN01,East Ayrshire,2016-17,6716.2374,60943.0803,9074,6288.7568,2494731.0164,396697,6268.5972125,69039.816,11137,2
CHN01,East Ayrshire,2017-18,6722.8453,61366.1151,9128,6446.8123,2580737.0109,400312,6387.5701625,70450.6171875,11158.875,2
CHN01,East Ayrshire,2018-19,6998.4783,63945.0826,9137,6616.1587,2648288.7642,400276,6600.2967375,72704.7544375,11141.25,2
CHN01,East Ayrshire,2019-20,6912.7921,63314.2271,9159,6912.8907,2756821.165,398794,6876.43805,75157.222625,11060,2
CHN01,East Ayrshire,2020-21,7222.7176,65459.5242,9063,7100.969,2797477.312,393957,7093.30495,77015.167725,10938.875,2
CHN01,East Ayrshire,2021-22,7493.5592,67262.1586,8976,7403.5578,2889707.025,390313,7435.03285,79911.4941,10813.25,2
CHN01,East Ayrshire,2022-23,7628.8216,67606.6609,8862,7466.9827,2904060.3296,388920,7653.6528625,80957.830175,10659.625,2
CHN01,East Ayrshire,2023-24,7650.573,66843.0926,8737,7480.2687,2877846.6171,384725,7748.5681875,80061.685125,10437.125,2
CHN01,East Ayrshire,2024-25,7633.64,65573,8590,7605.71,2885257,379354,7779.52,79237.75,10288.875,2
CHN01,East Dunbartonshire,2010-11,6976.2409,57100.5078,8185,6989.0223,2553272.6237,365326,7024.275825,116647.722425,16819.375,Urban
CHN01,East Dunbartonshire,2011-12,6742.8334,55223.8446,8190,6753.6894,2474748.2328,366429,6694.2383375,112499.2786,16944,Urban
CHN01,East Dunbartonshire,2012-13,6537.9043,54029.2045,8264,6587.1357,2441717.5695,370680,6514.578925,112069.7629625,17237.75,Urban
CHN01,East Dunbartonshire,2013-14,6251.7468,52664.6906,8424,6428.3648,2425947.9205,377382,6332.440825,109995.2518625,17670,Urban
CHN01,East Dunbartonshire,2014-15,6213.8857,53638.2794,8632,6241.2162,2404189.8682,385212,6231.056375,110554.441475,18156.875,Urban
CHN01,East Dunbartonshire,2015-16,6027.6766,52941.0586,8783,6287.2569,2459246.7832,391148,6157.90275,112876.5241875,18512.75,Urban
CHN01,East Dunbartonshire,2016-17,6258.1523,55534.8847,8874,6288.7568,2494731.0164,396697,6169.600925,114184.6337,18888.75,Urban
CHN01,East Dunbartonshire,2017-18,6082.0414,54720.1569,8997,6446.8123,2580737.0109,400312,6295.76455,119323.4197875,19137.5,Urban
CHN01,East Dunbartonshire,2018-19,6075.2192,55691.5336,9167,6616.1587,2648288.7642,400276,6462.6869875,124236.625775,19183.875,Urban
CHN01,East Dunbartonshire,2019-20,6327.171,58102.4341,9183,6912.8907,2756821.165,398794,6826.3428,130648.9294125,19128.5,Urban
CHN01,East Dunbartonshire,2020-21,6804.6097,62452.7192,9178,7100.969,2797477.312,393957,6980.3862125,130862.7832375,18873.625,Urban
CHN01,East Dunbartonshire,2021-22,7289.5692,66349.6422,9102,7403.5578,2889707.025,390313,7329.483,135760.917175,18636.625,Urban
CHN01,East Dunbartonshire,2022-23,7168.7295,65299.9779,9109,7466.9827,2904060.3296,388920,7352.310325,135125.5794,18649.25,Urban
CHN01,East Dunbartonshire,2023-24,7513.1205,68159.0281,9072,7480.2687,2877846.6171,384725,7355.2406125,132473.3002125,18557.5,Urban
CHN01,East Dunbartonshire,2024-25,7512.23,66964,8914,7605.71,2885257,379354,7458.48375,133481.625,18347,Urban
CHN01,East Lothian,2010-11,6608.1447,49521.4605,7494,6989.0223,2553272.6237,365326,6929.595625,72509.379725,10355,2
CHN01,East Lothian,2011-12,6765.254,51240.0067,7574,6753.6894,2474748.2328,366429,6773.307425,70499.829225,10387.625,2
CHN01,East Lothian,2012-13,6299.0886,48767.5424,7742,6587.1357,2441717.5695,370680,6522.3227,67918.2095125,10487.75,2
CHN01,East Lothian,2013-14,5711.7532,45197.1156,7913,6428.3648,2425947.9205,377382,6321.5489125,66920.56695,10638.125,2
CHN01,East Lothian,2014-15,5674.6501,46055.4469,8116,6241.2162,2404189.8682,385212,6165.757875,65870.727175,10831.375,2
CHN01,East Lothian,2015-16,5801.0384,47945.6357,8265,6287.2569,2459246.7832,391148,6224.050675,67487.48805,10983.875,2
CHN01,East Lothian,2016-17,5669.5393,48145.7802,8492,6288.7568,2494731.0164,396697,6268.5972125,69039.816,11137,2
CHN01,East Lothian,2017-18,5846.3861,49928.1326,8540,6446.8123,2580737.0109,400312,6387.5701625,70450.6171875,11158.875,2
CHN01,East Lothian,2018-19,5922.2029,51292.1706,8661,6616.1587,2648288.7642,400276,6600.2967375,72704.7544375,11141.25,2
CHN01,East Lothian,2019-20,6162.5355,53158.0705,8626,6912.8907,2756821.165,398794,6876.43805,75157.222625,11060,2
CHN01,East Lothian,2020-21,6332.0912,54183.7055,8557,7100.969,2797477.312,393957,7093.30495,77015.167725,10938.875,2
CHN01,East Lothian,2021-22,6716.1326,57819.1909,8609,7403.5578,2889707.025,390313,7435.03285,79911.4941,10813.25,2
CHN01,East Lothian,2022-23,6997.9171,59468.3167,8498,7466.9827,2904060.3296,388920,7653.6528625,80957.830175,10659.625,2
CHN01,East Lothian,2023-24,6979.9644,58980.6633,8450,7480.2687,2877846.6171,384725,7748.5681875,80061.685125,10437.125,2
CHN01,East Lothian,2024-25,6790.85,56982,8391,7605.71,2885257,379354,7779.52,79237.75,10288.875,2
CHN01,East Renfrewshire,2010-11,6341.9372,52054.5645,8208,6989.0223,2553272.6237,365326,6512.2196875,66397.180575,10327.375,3
CHN01,East Renfrewshire,2011-12,6428.3781,52243.4067,8127,6753.6894,2474748.2328,366429,6314.49645,64674.65325,10304.75,3
CHN01,East Renfrewshire,2012-13,6424.633,52514.9268,8174,6587.1357,2441717.5695,370680,6197.254525,64735.5447,10410,3
CHN01,East Renfrewshire,2013-14,6201.8265,51357.3191,8281,6428.3648,2425947.9205,377382,6108.301,65307.5052375,10540.25,3
CHN01,East Renfrewshire,2014-15,6103.8774,51705.9018,8471,6241.2162,2404189.8682,385212,5987.2383625,64693.6051375,10692.5,3
CHN01,East Renfrewshire,2015-16,5981.7449,52071.0692,8705,6287.2569,2459246.7832,391148,6020.6137875,66198.707725,10851.875,3
CHN01,East Renfrewshire,2016-17,5933.6736,52631.6479,8870,6288.7568,2494731.0164,396697,6227.2922375,68316.299525,10978.25,3
CHN01,East Renfrewshire,2017-18,6031.5208,55097.9299,9135,6446.8123,2580737.0109,400312,6381.08205,70813.9972625,11103.5,3
CHN01,East Renfrewshire,2018-19,6174.1859,57389.0451,9295,6616.1587,2648288.7642,400276,6514.5309875,73070.4720375,11123.125,3
CHN01,East Renfrewshire,2019-20,6486.9262,60471.0948,9322,6912.8907,2756821.165,398794,6756.6262875,75819.4801875,11131.75,3
CHN01,East Renfrewshire,2020-21,6664.2441,62037.408,9309,7100.969,2797477.312,393957,7093.3634625,77825.234575,11029.25,3
CHN01,East Renfrewshire,2021-22,6879.7897,64325.9822,9350,7403.5578,2889707.025,390313,7418.3554875,80827.2236,11014.375,3
CHN01,East Renfrewshire,2022-23,6799.8786,63864.4417,9392,7466.9827,2904060.3296,388920,7406.1565875,82332.2333,11042.625,3
CHN01,East Renfrewshire,2023-24,6980.9184,65208.8024,9341,7480.2687,2877846.6171,384725,7488.328725,82153.4158875,10980.625,3
CHN01,East Renfrewshire,2024-25,6945.19,63361,9123,7605.71,2885257,379354,7648.08875,82882,10859.625,3
CHN01,Edinburgh City,2010-11,6418.1764,158002.7251,24618,6989.0223,2553272.6237,365326,7024.275825,116647.722425,16819.375,Urban
CHN01,Edinburgh City,2011-12,5949.5806,148983.3884,25041,6753.6894,2474748.2328,366429,6694.2383375,112499.2786,16944,Urban
CHN01,Edinburgh City,2012-13,6011.5431,155620.7839,25887,6587.1357,2441717.5695,370680,6514.578925,112069.7629625,17237.75,Urban
CHN01,Edinburgh City,2013-14,5641.5946,151758.8183,26900,6428.3648,2425947.9205,377382,6332.440825,109995.2518625,17670,Urban
CHN01,Edinburgh City,2014-15,5601.4592,156896.7295,28010,6241.2162,2404189.8682,385212,6231.056375,110554.441475,18156.875,Urban
CHN01,Edinburgh City,2015-16,5778.3198,166438.5618,28804,6287.2569,2459246.7832,391148,6157.90275,112876.5241875,18512.75,Urban
CHN01,Edinburgh City,2016-17,5483.7243,163113.51,29745,6288.7568,2494731.0164,396697,6169.600925,114184.6337,18888.75,Urban
CHN01,Edinburgh City,2017-18,5887.8247,179619.7343,30507,6446.8123,2580737.0109,400312,6295.76455,119323.4197875,19137.5,Urban
CHN01,Edinburgh City,2018-19,6196.929,191379.8796,30883,6616.1587,2648288.7642,400276,6462.6869875,124236.625775,19183.875,Urban
CHN01,Edinburgh City,2019-20,6834.1161,211024.0083,30878,6912.8907,2756821.165,398794,6826.3428,130648.9294125,19128.5,Urban
CHN01,Edinburgh City,2020-21,6574.316,200056.357,30430,7100.969,2797477.312,393957,6980.3862125,130862.7832375,18873.625,Urban
CHN01,Edinburgh City,2021-22,6999.5502,211001.6065,30145,7403.5578,2889707.025,390313,7329.483,135760.917175,18636.625,Urban
CHN01,Edinburgh City,2022-23,6969.0208,211690.8324,30376,7466.9827,2904060.3296,388920,7352.310325,135125.5794,18649.25,Urban
CHN01,Edinburgh City,2023-24,6663.5073,200291.8079,30058,7480.2687,2877846.6171,384725,7355.2406125,132473.3002125,18557.5,Urban
CHN01,Edinburgh City,2024-25,6858.96,202497,29523,7605.71,2885257,379354,7458.48375,133481.625,18347,Urban
CHN01,Eilean Siar,2010-11,12182.1172,22780.5666,1870,6989.0223,2553272.6237,365326,9322.1305125,63604.7952375,8106.25,Rural
CHN01,Eilean Siar,2011-12,12415.9121,23242.5974,1872,6753.6894,2474748.2328,366429,9081.6693875,61669.7680375,8109.875,Rural
CHN01,Eilean Siar,2012-13,11862.9377,22017.6252,1856,6587.1357,2441717.5695,370680,8902.84175,60491.1790125,8141.75,Rural
CHN01,Eilean Siar,2013-14,12990.1551,24564.3915,1891,6428.3648,2425947.9205,377382,8776.9645375,61020.1660125,8266.75,Rural
CHN01,Eilean Siar,2014-15,10938.8717,20357.2476,1861,6241.2162,2404189.8682,385212,8294.6684,59509.0872875,8413.125,Rural
CHN01,Eilean Siar,2015-16,10814.0348,20222.2415,1870,6287.2569,2459246.7832,391148,8304.64665,60843.12795,8487.375,Rural
CHN01,Eilean Siar,2016-17,10997.3195,20872.91,1898,6288.7568,2494731.0164,396697,8292.30295,60300.627825,8525.625,Rural
CHN01,Eilean Siar,2017-18,11318.5571,21573.1657,1906,6446.8123,2580737.0109,400312,8444.958025,62004.092125,8581.375,Rural
CHN01,Eilean Siar,2018-19,11577.8256,21708.4151,1875,6616.1587,2648288.7642,400276,8422.9760625,61024.2432875,8528.625,Rural
CHN01,Eilean Siar,2019-20,12237.1643,22418.4741,1832,6912.8907,2756821.165,398794,8749.83515,62977.0133875,8471.5,Rural
CHN01,Eilean Siar,2020-21,11901.8462,21280.497,1788,7100.969,2797477.312,393957,8901.713575,63981.4784625,8345.375,Rural
CHN01,Eilean Siar,2021-22,12084.5567,21534.6867,1782,7403.5578,2889707.025,390313,9154.0163625,64713.7432375,8267.375,Rural
CHN01,Eilean Siar,2022-23,12512.7561,21959.8836,1755,7466.9827,2904060.3296,388920,9366.9913,64591.8983375,8205.75,Rural
CHN01,Eilean Siar,2023-24,12722.151,22136.5441,1740,7480.2687,2877846.6171,384725,9579.6784125,65042.4259375,8057.625,Rural
CHN01,Eilean Siar,2024-25,13166.27,21935,1666,7605.71,2885257,379354,9902.5075,65055.75,7866,Rural
CHN01,Falkirk,2010-11,6692.8517,75977.1992,11352,6989.0223,2553272.6237,365326,7024.275825,116647.722425,16819.375,Urban
CHN01,Falkirk,2011-12,5990.5953,69071.6141,11530,6753.6894,2474748.2328,366429,6694.2383375,112499.2786,16944,Urban
CHN01,Falkirk,2012-13,5781.6431,68026.8697,11766,6587.1357,2441717.5695,370680,6514.578925,112069.7629625,17237.75,Urban
CHN01,Falkirk,2013-14,5926.91,71940.9145,12138,6428.3648,2425947.9205,377382,6332.440825,109995.2518625,17670,Urban
CHN01,Falkirk,2014-15,5781.6979,72259.6168,12498,6241.2162,2404189.8682,385212,6231.056375,110554.441475,18156.875,Urban
CHN01,Falkirk,2015-16,5740.6737,72424.2768,12616,6287.2569,2459246.7832,391148,6157.90275,112876.5241875,18512.75,Urban
CHN01,Falkirk,2016-17,5482.8203,70284.2709,12819,6288.7568,2494731.0164,396697,6169.600925,114184.6337,18888.75,Urban
CHN01,Falkirk,2017-18,5655.766,72761.404,12865,6446.8123,2580737.0109,400312,6295.76455,119323.4197875,19137.5,Urban
CHN01,Falkirk,2018-19,5888.3538,75488.667,12820,6616.1587,2648288.7642,400276,6462.6869875,124236.625775,19183.875,Urban
CHN01,Falkirk,2019-20,6346.5565,80169.676,12632,6912.8907,2756821.165,398794,6826.3428,130648.9294125,19128.5,Urban
CHN01,Falkirk,2020-21,6729.2535,82843.7781,12311,7100.969,2797477.312,393957,6980.3862125,130862.7832375,18873.625,Urban
CHN01,Falkirk,2021-22,7020.0672,83777.4208,11934,7403.5578,2889707.025,390313,7329.483,135760.917175,18636.625,Urban
CHN01,Falkirk,2022-23,7179.6134,84683.5379,11795,7466.9827,2904060.3296,388920,7352.310325,135125.5794,18649.25,Urban
CHN01,Falkirk,2023-24,7328.4125,84950.9454,11592,7480.2687,2877846.6171,384725,7355.2406125,132473.3002125,18557.5,Urban
CHN01,Falkirk,2024-25,7447.23,85092,11426,7605.71,2885257,379354,7458.48375,133481.625,18347,Urban
CHN01,Fife,2010-11,7173.1283,189686.0688,26444,6989.0223,2553272.6237,365326,6929.595625,72509.379725,10355,2
CHN01,Fife,2011-12,6711.9094,179697.8746,26773,6753.6894,2474748.2328,366429,6773.307425,70499.829225,10387.625,2
CHN01,Fife,2012-13,6246.0123,169816.42,27188,6587.1357,2441717.5695,370680,6522.3227,67918.2095125,10487.75,2
CHN01,Fife,2013-14,6143.4861,170057.9174,27681,6428.3648,2425947.9205,377382,6321.5489125,66920.56695,10638.125,2
CHN01,Fife,2014-15,5810.6835,164087.9205,28239,6241.2162,2404189.8682,385212,6165.757875,65870.727175,10831.375,2
CHN01,Fife,2015-16,5853.0774,168363.6582,28765,6287.2569,2459246.7832,391148,6224.050675,67487.48805,10983.875,2
CHN01,Fife,2016-17,5886.1554,171440.3251,29126,6288.7568,2494731.0164,396697,6268.5972125,69039.816,11137,2
CHN01,Fife,2017-18,6007.1466,175685.134,29246,6446.8123,2580737.0109,400312,6387.5701625,70450.6171875,11158.875,2
CHN01,Fife,2018-19,6135.1381,178998.9236,29176,6616.1587,2648288.7642,400276,6600.2967375,72704.7544375,11141.25,2
CHN01,Fife,2019-20,6384.0829,185361.8739,29035,6912.8907,2756821.165,398794,6876.43805,75157.222625,11060,2
CHN01,Fife,2020-21,6757.365,192848.4274,28539,7100.969,2797477.312,393957,7093.30495,77015.167725,10938.875,2
CHN01,Fife,2021-22,7138.6943,199547.8312,27953,7403.5578,2889707.025,390313,7435.03285,79911.4941,10813.25,2
CHN01,Fife,2022-23,7303.4516,199873.5855,27367,7466.9827,2904060.3296,388920,7653.6528625,80957.830175,10659.625,2
CHN01,Fife,2023-24,7338.6061,196586.6563,26788,7480.2687,2877846.6171,384725,7748.5681875,80061.685125,10437.125,2
CHN01,Fife,2024-25,7381.31,194025,26286,7605.71,2885257,379354,7779.52,79237.75,10288.875,2
CHN01,Glasgow City,2010-11,6874.3233,249421.0048,36283,6989.0223,2553272.6237,365326,7024.275825,116647.722425,16819.375,Urban
CHN01,Glasgow City,2011-12,6602.7684,240215.0791,36381,6753.6894,2474748.2328,366429,6694.2383375,112499.2786,16944,Urban
CHN01,Glasgow City,2012-13,6453.1911,237167.646,36752,6587.1357,2441717.5695,370680,6514.578925,112069.7629625,17237.75,Urban
CHN01,Glasgow City,2013-14,6038.7735,226707.4981,37542,6428.3648,2425947.9205,377382,6332.440825,109995.2518625,17670,Urban
CHN01,Glasgow City,2014-15,5824.0594,224202.8943,38496,6241.2162,2404189.8682,385212,6231.056375,110554.441475,18156.875,Urban
CHN01,Glasgow City,2015-16,5859.1312,232080.023,39610,6287.2569,2459246.7832,391148,6157.90275,112876.5241875,18512.75,Urban
CHN01,Glasgow City,2016-17,5813.4173,236495.8875,40681,6288.7568,2494731.0164,396697,6169.600925,114184.6337,18888.75,Urban
CHN01,Glasgow City,2017-18,6095.1859,251560.5776,41272,6446.8123,2580737.0109,400312,6295.76455,119323.4197875,19137.5,Urban
CHN01,Glasgow City,2018-19,6525.5911,270616.48,41470,6616.1587,2648288.7642,400276,6462.6869875,124236.625775,19183.875,Urban
CHN01,Glasgow City,2019-20,6819.6971,284551.8722,41725,6912.8907,2756821.165,398794,6826.3428,130648.9294125,19128.5,Urban
CHN01,Glasgow City,2020-21,7145.1528,294294.7856,41188,7100.969,2797477.312,393957,6980.3862125,130862.7832375,18873.625,Urban
CHN01,Glasgow City,2021-22,7440.666,303303.6366,40763,7403.5578,2889707.025,390313,7329.483,135760.917175,18636.625,Urban
CHN01,Glasgow City,2022-23,7496.9488,304196.1325,40576,7466.9827,2904060.3296,388920,7352.310325,135125.5794,18649.25,Urban
CHN01,Glasgow City,2023-24,7092.6744,286097.2299,40337,7480.2687,2877846.6171,384725,7355.2406125,132473.3002125,18557.5,Urban
CHN01,Glasgow City,2024-25,7438.89,298887,40179,7605.71,2885257,379354,7458.48375,133481.625,18347,Urban
CHN01,Highland,2010-11,7455.1858,122958.3181,16493,6989.0223,2553272.6237,365326,9322.1305125,63604.7952375,8106.25,Rural
CHN01,Highland,2011-12,7442.0671,123039.7916,16533,6753.6894,2474748.2328,366429,9081.6693875,61669.7680375,8109.875,Rural
CHN01,Highland,2012-13,7123.8336,118006.3914,16565,6587.1357,2441717.5695,370680,8902.84175,60491.1790125,8141.75,Rural
CHN01,Highland,2013-14,7151.9499,120267.2606,16816,6428.3648,2425947.9205,377382,8776.9645375,61020.1660125,8266.75,Rural
CHN01,Highland,2014-15,6702.6184,113984.7078,17006,6241.2162,2404189.8682,385212,8294.6684,59509.0872875,8413.125,Rural
CHN01,Highland,2015-16,6699.5998,115648.4495,17262,6287.2569,2459246.7832,391148,8304.64665,60843.12795,8487.375,Rural
CHN01,Highland,2016-17,6398.0605,111204.7123,17381,6288.7568,2494731.0164,396697,8292.30295,60300.627825,8525.625,Rural
CHN01,Highland,2017-18,6694.2536,116620.5879,17421,6446.8123,2580737.0109,400312,8444.958025,62004.092125,8581.375,Rural
CHN01,Highland,2018-19,6694.3556,116140.4001,17349,6616.1587,2648288.7642,400276,8422.9760625,61024.2432875,8528.625,Rural
CHN01,Highland,2019-20,6986.2674,120869.4784,17301,6912.8907,2756821.165,398794,8749.83515,62977.0133875,8471.5,Rural
CHN01,Highland,2020-21,7257.683,122183.1096,16835,7100.969,2797477.312,393957,8901.713575,63981.4784625,8345.375,Rural
CHN01,Highland,2021-22,7504.5305,125430.6996,16714,7403.5578,2889707.025,390313,9154.0163625,64713.7432375,8267.375,Rural
CHN01,Highland,2022-23,7874.8278,130501.7063,16572,7466.9827,2904060.3296,388920,9366.9913,64591.8983375,8205.75,Rural
CHN01,Highland,2023-24,7963.3384,128902.5679,16187,7480.2687,2877846.6171,384725,9579.6784125,65042.4259375,8057.625,Rural
CHN01,Highland,2024-25,7947.35,126339,15897,7605.71,2885257,379354,9902.5075,65055.75,7866,Rural
CHN01,Inverclyde,2010-11,6858.3141,37967.611,5536,6989.0223,2553272.6237,365326,6512.2196875,66397.180575,10327.375,3
CHN01,Inverclyde,2011-12,6071.4908,33259.5901,5478,6753.6894,2474748.2328,366429,6314.49645,64674.65325,10304.75,3
CHN01,Inverclyde,2012-13,5961.6569,32401.6416,5435,6587.1357,2441717.5695,370680,6197.254525,64735.5447,10410,3
CHN01,Inverclyde,2013-14,5838.7375,32124.7653,5502,6428.3648,2425947.9205,377382,6108.301,65307.5052375,10540.25,3
CHN01,Inverclyde,2014-15,5992.8868,32840.9987,5480,6241.2162,2404189.8682,385212,5987.2383625,64693.6051375,10692.5,3
CHN01,Inverclyde,2015-16,6145.6798,33647.6075,5475,6287.2569,2459246.7832,391148,6020.6137875,66198.707725,10851.875,3
CHN01,Inverclyde,2016-17,6607.0385,36054.6374,5457,6288.7568,2494731.0164,396697,6227.2922375,68316.299525,10978.25,3
CHN01,Inverclyde,2017-18,6475.404,35044.9123,5412,6446.8123,2580737.0109,400312,6381.08205,70813.9972625,11103.5,3
CHN01,Inverclyde,2018-19,6746.1917,36044.9246,5343,6616.1587,2648288.7642,400276,6514.5309875,73070.4720375,11123.125,3
CHN01,Inverclyde,2019-20,6690.1356,35778.8543,5348,6912.8907,2756821.165,398794,6756.6262875,75819.4801875,11131.75,3
CHN01,Inverclyde,2020-21,7373.3699,38511.1098,5223,7100.969,2797477.312,393957,7093.3634625,77825.234575,11029.25,3
CHN01,Inverclyde,2021-22,8026.0085,41622.9005,5186,7403.5578,2889707.025,390313,7418.3554875,80827.2236,11014.375,3
CHN01,Inverclyde,2022-23,7376.1018,37632.8826,5102,7466.9827,2904060.3296,388920,7406.1565875,82332.2333,11042.625,3
CHN01,Inverclyde,2023-24,7373.4488,37715.1876,5115,7480.2687,2877846.6171,384725,7488.328725,82153.4158875,10980.625,3
CHN01,Inverclyde,2024-25,7495.39,37417,4992,7605.71,2885257,379354,7648.08875,82882,10859.625,3
CHN01,Midlothian,2010-11,6773.3031,42373.7646,6256,6989.0223,2553272.6237,365326,6512.2196875,66397.180575,10327.375,3
CHN01,Midlothian,2011-12,6792.3515,42560.8807,6266,6753.6894,2474748.2328,366429,6314.49645,64674.65325,10304.75,3
CHN01,Midlothian,2012-13,6639.432,42817.6988,6449,6587.1357,2441717.5695,370680,6197.254525,64735.5447,10410,3
CHN01,Midlothian,2013-14,6463.642,42608.3017,6592,6428.3648,2425947.9205,377382,6108.301,65307.5052375,10540.25,3
CHN01,Midlothian,2014-15,6329.2766,43070.7579,6805,6241.2162,2404189.8682,385212,5987.2383625,64693.6051375,10692.5,3
CHN01,Midlothian,2015-16,6187.6959,43734.6733,7068,6287.2569,2459246.7832,391148,6020.6137875,66198.707725,10851.875,3
CHN01,Midlothian,2016-17,6381.7887,46402.004,7271,6288.7568,2494731.0164,396697,6227.2922375,68316.299525,10978.25,3
CHN01,Midlothian,2017-18,6624.4432,49915.1951,7535,6446.8123,2580737.0109,400312,6381.08205,70813.9972625,11103.5,3
CHN01,Midlothian,2018-19,6905.8362,52746.8191,7638,6616.1587,2648288.7642,400276,6514.5309875,73070.4720375,11123.125,3
CHN01,Midlothian,2019-20,6756.2288,52583.775,7783,6912.8907,2756821.165,398794,6756.6262875,75819.4801875,11131.75,3
CHN01,Midlothian,2020-21,7020.5835,55764.5287,7943,7100.969,2797477.312,393957,7093.3634625,77825.234575,11029.25,3
CHN01,Midlothian,2021-22,7366.6014,59654.7393,8098,7403.5578,2889707.025,390313,7418.3554875,80827.2236,11014.375,3
CHN01,Midlothian,2022-23,7692.149,62667.9796,8147,7466.9827,2904060.3296,388920,7406.1565875,82332.2333,11042.625,3
CHN01,Midlothian,2023-24,7807.0024,63720.7272,8162,7480.2687,2877846.6171,384725,7488.328725,82153.4158875,10980.625,3
CHN01,Midlothian,2024-25,8096.08,65894,8139,7605.71,2885257,379354,7648.08875,82882,10859.625,3
CHN01,Moray,2010-11,6430.6393,40796.0026,6344,6989.0223,2553272.6237,365326,6929.595625,72509.379725,10355,2
CHN01,Moray,2011-12,6285.181,39012.1329,6207,6753.6894,2474748.2328,366429,6773.307425,70499.829225,10387.625,2
CHN01,Moray,2012-13,6126.6672,38983.9434,6363,6587.1357,2441717.5695,370680,6522.3227,67918.2095125,10487.75,2
CHN01,Moray,2013-14,5814.6644,38504.6836,6622,6428.3648,2425947.9205,377382,6321.5489125,66920.56695,10638.125,2
CHN01,Moray,2014-15,5728.8535,38858.8207,6783,6241.2162,2404189.8682,385212,6165.757875,65870.727175,10831.375,2
CHN01,Moray,2015-16,5880.6604,40594.1586,6903,6287.2569,2459246.7832,391148,6224.050675,67487.48805,10983.875,2
CHN01,Moray,2016-17,5660.6174,39771.4618,7026,6288.7568,2494731.0164,396697,6268.5972125,69039.816,11137,2
CHN01,Moray,2017-18,5893.142,41540.7962,7049,6446.8123,2580737.0109,400312,6387.5701625,70450.6171875,11158.875,2
CHN01,Moray,2018-19,6021.4478,42668.0024,7086,6616.1587,2648288.7642,400276,6600.2967375,72704.7544375,11141.25,2
CHN01,Moray,2019-20,6269.7414,43806.667,6987,6912.8907,2756821.165,398794,6876.43805,75157.222625,11060,2
CHN01,Moray,2020-21,6357.742,44141.8172,6943,7100.969,2797477.312,393957,7093.30495,77015.167725,10938.875,2
CHN01,Moray,2021-22,6875.5367,47365.5616,6889,7403.5578,2889707.025,390313,7435.03285,79911.4941,10813.25,2
CHN01,Moray,2022-23,7163.4786,48883.5567,6824,7466.9827,2904060.3296,388920,7653.6528625,80957.830175,10659.625,2
CHN01,Moray,2023-24,7178.4332,47916.0207,6675,7480.2687,2877846.6171,384725,7748.5681875,80061.685125,10437.125,2
CHN01,Moray,2024-25,7252.49,48026,6622,7605.71,2885257,379354,7779.52,79237.75,10288.875,2
CHN01,North Ayrshire,2010-11,7691.9224,77219.1439,10039,6989.0223,2553272.6237,365326,6929.595625,72509.379725,10355,2
CHN01,North Ayrshire,2011-12,7664.0764,77207.9405,10074,6753.6894,2474748.2328,366429,6773.307425,70499.829225,10387.625,2
CHN01,North Ayrshire,2012-13,7046.7963,71278.3178,10115,6587.1357,2441717.5695,370680,6522.3227,67918.2095125,10487.75,2
CHN01,North Ayrshire,2013-14,6568.2044,66549.0305,10132,6428.3648,2425947.9205,377382,6321.5489125,66920.56695,10638.125,2
CHN01,North Ayrshire,2014-15,6199.9176,63487.2148,10240,6241.2162,2404189.8682,385212,6165.757875,65870.727175,10831.375,2
CHN01,North Ayrshire,2015-16,6379.1871,65635.4197,10289,6287.2569,2459246.7832,391148,6224.050675,67487.48805,10983.875,2
CHN01,North Ayrshire,2016-17,6397.3661,66826.8513,10446,6288.7568,2494731.0164,396697,6268.5972125,69039.816,11137,2
CHN01,North Ayrshire,2017-18,6571.8137,68445.4771,10415,6446.8123,2580737.0109,400312,6387.5701625,70450.6171875,11158.875,2
CHN01,North Ayrshire,2018-19,7301.3488,74685.4481,10229,6616.1587,2648288.7642,400276,6600.2967375,72704.7544375,11141.25,2
CHN01,North Ayrshire,2019-20,7705.7266,77011.0509,9994,6912.8907,2756821.165,398794,6876.43805,75157.222625,11060,2
CHN01,North Ayrshire,2020-21,8054.6483,79298.0289,9845,7100.969,2797477.312,393957,7093.30495,77015.167725,10938.875,2
CHN01,North Ayrshire,2021-22,8386.505,80845.9179,9640,7403.5578,2889707.025,390313,7435.03285,79911.4941,10813.25,2
CHN01,North Ayrshire,2022-23,8411.238,79688.0902,9474,7466.9827,2904060.3296,388920,7653.6528625,80957.830175,10659.625,2
CHN01,North Ayrshire,2023-24,8682.4157,79383.3665,9143,7480.2687,2877846.6171,384725,7748.5681875,80061.685125,10437.125,2
CHN01,North Ayrshire,2024-25,8667.63,77584,8951,7605.71,2885257,379354,7779.52,79237.75,10288.875,2
CHN01,North Lanarkshire,2010-11,7266.4478,190395.3379,26202,6989.0223,2553272.6237,365326,7024.275825,116647.722425,16819.375,Urban
CHN01,North Lanarkshire,2011-12,7296.8576,192542.2441,26387,6753.6894,2474748.2328,366429,6694.2383375,112499.2786,16944,Urban
CHN01,North Lanarkshire,2012-13,7134.3375,189730.4948,26594,6587.1357,2441717.5695,370680,6514.578925,112069.7629625,17237.75,Urban
CHN01,North Lanarkshire,2013-14,6798.5911,182916.0116,26905,6428.3648,2425947.9205,377382,6332.440825,109995.2518625,17670,Urban
CHN01,North Lanarkshire,2014-15,6460.506,176908.0883,27383,6241.2162,2404189.8682,385212,6231.056375,110554.441475,18156.875,Urban
CHN01,North Lanarkshire,2015-16,6625.4302,182040.2654,27476,6287.2569,2459246.7832,391148,6157.90275,112876.5241875,18512.75,Urban
CHN01,North Lanarkshire,2016-17,6729.7317,185040.7318,27496,6288.7568,2494731.0164,396697,6169.600925,114184.6337,18888.75,Urban
CHN01,North Lanarkshire,2017-18,6735.6663,185379.1508,27522,6446.8123,2580737.0109,400312,6295.76455,119323.4197875,19137.5,Urban
CHN01,North Lanarkshire,2018-19,6968.7908,190122.5573,27282,6616.1587,2648288.7642,400276,6462.6869875,124236.625775,19183.875,Urban
CHN01,North Lanarkshire,2019-20,7200.7163,194995.4956,27080,6912.8907,2756821.165,398794,6826.3428,130648.9294125,19128.5,Urban
CHN01,North Lanarkshire,2020-21,6945.3473,185947.78,26773,7100.969,2797477.312,393957,6980.3862125,130862.7832375,18873.625,Urban
CHN01,North Lanarkshire,2021-22,7449.7911,195646.5605,26262,7403.5578,2889707.025,390313,7329.483,135760.917175,18636.625,Urban
CHN01,North Lanarkshire,2022-23,6969.2828,181717.0542,26074,7466.9827,2904060.3296,388920,7352.310325,135125.5794,18649.25,Urban
CHN01,North Lanarkshire,2023-24,7199.3077,185655.7849,25788,7480.2687,2877846.6171,384725,7355.2406125,132473.3002125,18557.5,Urban
CHN01,North Lanarkshire,2024-25,6936.45,177698,25618,7605.71,2885257,379354,7458.48375,133481.625,18347,Urban
CHN01,Orkney Islands,2010-11,12421.0974,16992.062,1368,6989.0223,2553272.6237,365326,9322.1305125,63604.7952375,8106.25,Rural
CHN01,Orkney Islands,2011-12,11610.9529,15907.0069,1370,6753.6894,2474748.2328,366429,9081.6693875,61669.7680375,8109.875,Rural
CHN01,Orkney Islands,2012-13,11329.2767,16155.5457,1426,6587.1357,2441717.5695,370680,8902.84175,60491.1790125,8141.75,Rural
CHN01,Orkney Islands,2013-14,11334.8836,16492.2595,1455,6428.3648,2425947.9205,377382,8776.9645375,61020.1660125,8266.75,Rural
CHN01,Orkney Islands,2014-15,10815.1108,16374.0738,1514,6241.2162,2404189.8682,385212,8294.6684,59509.0872875,8413.125,Rural
CHN01,Orkney Islands,2015-16,11060.1576,17021.5894,1539,6287.2569,2459246.7832,391148,8304.64665,60843.12795,8487.375,Rural
CHN01,Orkney Islands,2016-17,10829.0339,17120.7123,1581,6288.7568,2494731.0164,396697,8292.30295,60300.627825,8525.625,Rural
CHN01,Orkney Islands,2017-18,10757.2537,17050.2399,1585,6446.8123,2580737.0109,400312,8444.958025,62004.092125,8581.375,Rural
CHN01,Orkney Islands,2018-19,10809.0249,17067.4539,1579,6616.1587,2648288.7642,400276,8422.9760625,61024.2432875,8528.625,Rural
CHN01,Orkney Islands,2019-20,10915.2618,17169.7092,1573,6912.8907,2756821.165,398794,8749.83515,62977.0133875,8471.5,Rural
CHN01,Orkney Islands,2020-21,11064.13,17182.5999,1553,7100.969,2797477.312,393957,8901.713575,63981.4784625,8345.375,Rural
CHN01,Orkney Islands,2021-22,11839.7897,18020.1548,1522,7403.5578,2889707.025,390313,9154.0163625,64713.7432375,8267.375,Rural
CHN01,Orkney Islands,2022-23,11836.493,17825.7576,1506,7466.9827,2904060.3296,388920,9366.9913,64591.8983375,8205.75,Rural
CHN01,Orkney Islands,2023-24,12061.3523,18116.1487,1502,7480.2687,2877846.6171,384725,9579.6784125,65042.4259375,8057.625,Rural
CHN01,Orkney Islands,2024-25,12193.53,18083,1483,7605.71,2885257,379354,9902.5075,65055.75,7866,Rural
CHN01,Perth & Kinross,2010-11,6667.8102,65504.6233,9824,6989.0223,2553272.6237,365326,6929.595625,72509.379725,10355,2
CHN01,Perth & Kinross,2011-12,6832.8134,66585.79,9745,6753.6894,2474748.2328,366429,6773.307425,70499.829225,10387.625,2
CHN01,Perth & Kinross,2012-13,6619.3855,65187.7732,9848,6587.1357,2441717.5695,370680,6522.3227,67918.2095125,10487.75,2
CHN01,Perth & Kinross,2013-14,6616.8692,65831.2044,9949,6428.3648,2425947.9205,377382,6321.5489125,66920.56695,10638.125,2
CHN01,Perth & Kinross,2014-15,6409.7609,64764.2526,10104,6241.2162,2404189.8682,385212,6165.757875,65870.727175,10831.375,2
CHN01,Perth & Kinross,2015-16,6508.2689,66807.433,10265,6287.2569,2459246.7832,391148,6224.050675,67487.48805,10983.875,2
CHN01,Perth & Kinross,2016-17,6864.3208,71814.4968,10462,6288.7568,2494731.0164,396697,6268.5972125,69039.816,11137,2
CHN01,Perth & Kinross,2017-18,6806.5246,71060.1319,10440,6446.8123,2580737.0109,400312,6387.5701625,70450.6171875,11158.875,2
CHN01,Perth & Kinross,2018-19,7076.1312,74051.7273,10465,6616.1587,2648288.7642,400276,6600.2967375,72704.7544375,11141.25,2
CHN01,Perth & Kinross,2019-20,7529.0013,78218.7967,10389,6912.8907,2756821.165,398794,6876.43805,75157.222625,11060,2
CHN01,Perth & Kinross,2020-21,7282.5536,75024.8849,10302,7100.969,2797477.312,393957,7093.30495,77015.167725,10938.875,2
CHN01,Perth & Kinross,2021-22,7692.3266,78746.3123,10237,7403.5578,2889707.025,390313,7435.03285,79911.4941,10813.25,2
CHN01,Perth & Kinross,2022-23,8051.6444,81764.4323,10155,7466.9827,2904060.3296,388920,7653.6528625,80957.830175,10659.625,2
CHN01,Perth & Kinross,2023-24,8069.9095,79875.935,9898,7480.2687,2877846.6171,384725,7748.5681875,80061.685125,10437.125,2
CHN01,Perth & Kinross,2024-25,8200.37,80626,9832,7605.71,2885257,379354,7779.52,79237.75,10288.875,2
CHN01,Renfrewshire,2010-11,6101.8713,76596.724,12553,6989.0223,2553272.6237,365326,6512.2196875,66397.180575,10327.375,3
CHN01,Renfrewshire,2011-12,5826.2106,72501.3145,12444,6753.6894,2474748.2328,366429,6314.49645,64674.65325,10304.75,3
CHN01,Renfrewshire,2012-13,5893.786,73354.0066,12446,6587.1357,2441717.5695,370680,6197.254525,64735.5447,10410,3
CHN01,Renfrewshire,2013-14,6200.5983,78077.9182,12592,6428.3648,2425947.9205,377382,6108.301,65307.5052375,10540.25,3
CHN01,Renfrewshire,2014-15,5475.6259,69994.8596,12783,6241.2162,2404189.8682,385212,5987.2383625,64693.6051375,10692.5,3
CHN01,Renfrewshire,2015-16,5423.8826,70054.8588,12916,6287.2569,2459246.7832,391148,6020.6137875,66198.707725,10851.875,3
CHN01,Renfrewshire,2016-17,5773.2619,75387.2074,13058,6288.7568,2494731.0164,396697,6227.2922375,68316.299525,10978.25,3
CHN01,Renfrewshire,2017-18,5793.1098,76689.208,13238,6446.8123,2580737.0109,400312,6381.08205,70813.9972625,11103.5,3
CHN01,Renfrewshire,2018-19,6012.6314,79607.2196,13240,6616.1587,2648288.7642,400276,6514.5309875,73070.4720375,11123.125,3
CHN01,Renfrewshire,2019-20,6639.6444,87570.2002,13189,6912.8907,2756821.165,398794,6756.6262875,75819.4801875,11131.75,3
CHN01,Renfrewshire,2020-21,6970.5901,91252.0291,13091,7100.969,2797477.312,393957,7093.3634625,77825.234575,11029.25,3
CHN01,Renfrewshire,2021-22,7085.0299,92254.1259,13021,7403.5578,2889707.025,390313,7418.3554875,80827.2236,11014.375,3
CHN01,Renfrewshire,2022-23,7305.5585,95775.921,13110,7466.9827,2904060.3296,388920,7406.1565875,82332.2333,11042.625,3
CHN01,Renfrewshire,2023-24,7165.7197,93777.7718,13087,7480.2687,2877846.6171,384725,7488.328725,82153.4158875,10980.625,3
CHN01,Renfrewshire,2024-25,7299.13,94823,12991,7605.71,2885257,379354,7648.08875,82882,10859.625,3
CHN01,Scottish Borders,2010-11,6877.392,55741.3165,8105,6989.0223,2553272.6237,365326,9322.1305125,63604.7952375,8106.25,Rural
CHN01,Scottish Borders,2011-12,6814.5312,55395.3297,8129,6753.6894,2474748.2328,366429,9081.6693875,61669.7680375,8109.875,Rural
CHN01,Scottish Borders,2012-13,6702.9425,54434.5907,8121,6587.1357,2441717.5695,370680,8902.84175,60491.1790125,8141.75,Rural
CHN01,Scottish Borders,2013-14,6364.4837,51323.2019,8064,6428.3648,2425947.9205,377382,8776.9645375,61020.1660125,8266.75,Rural
CHN01,Scottish Borders,2014-15,6133.7916,49867.721,8130,6241.2162,2404189.8682,385212,8294.6684,59509.0872875,8413.125,Rural
CHN01,Scottish Borders,2015-16,6341.0465,51679.5071,8150,6287.2569,2459246.7832,391148,8304.64665,60843.12795,8487.375,Rural
CHN01,Scottish Borders,2016-17,6258.0081,51134.1751,8171,6288.7568,2494731.0164,396697,8292.30295,60300.627825,8525.625,Rural
CHN01,Scottish Borders,2017-18,6258.3786,51312.4377,8199,6446.8123,2580737.0109,400312,8444.958025,62004.092125,8581.375,Rural
CHN01,Scottish Borders,2018-19,6445.0162,52655.7454,8170,6616.1587,2648288.7642,400276,8422.9760625,61024.2432875,8528.625,Rural
CHN01,Scottish Borders,2019-20,6746.419,54726.9077,8112,6912.8907,2756821.165,398794,8749.83515,62977.0133875,8471.5,Rural
CHN01,Scottish Borders,2020-21,6744.6296,53747.9889,7969,7100.969,2797477.312,393957,8901.713575,63981.4784625,8345.375,Rural
CHN01,Scottish Borders,2021-22,7014.3771,55147.0717,7862,7403.5578,2889707.025,390313,9154.0163625,64713.7432375,8267.375,Rural
CHN01,Scottish Borders,2022-23,7190.0825,55780.6806,7758,7466.9827,2904060.3296,388920,9366.9913,64591.8983375,8205.75,Rural
CHN01,Scottish Borders,2023-24,7325.6334,56063.0631,7653,7480.2687,2877846.6171,384725,9579.6784125,65042.4259375,8057.625,Rural
CHN01,Scottish Borders,2024-25,7778.02,57954,7451,7605.71,2885257,379354,9902.5075,65055.75,7866,Rural
CHN01,Shetland Islands,2010-11,11822.0835,21338.8685,1805,6989.0223,2553272.6237,365326,9322.1305125,63604.7952375,8106.25,Rural
CHN01,Shetland Islands,2011-12,11675.522,20875.8208,1788,6753.6894,2474748.2328,366429,9081.6693875,61669.7680375,8109.875,Rural
CHN01,Shetland Islands,2012-13,11879.0417,20978.3878,1766,6587.1357,2441717.5695,370680,8902.84175,60491.1790125,8141.75,Rural
CHN01,Shetland Islands,2013-14,10130.5052,18164.0028,1793,6428.3648,2425947.9205,377382,8776.9645375,61020.1660125,8266.75,Rural
CHN01,Shetland Islands,2014-15,10185.3521,18598.4611,1826,6241.2162,2404189.8682,385212,8294.6684,59509.0872875,8413.125,Rural
CHN01,Shetland Islands,2015-16,9779.576,18180.2388,1859,6287.2569,2459246.7832,391148,8304.64665,60843.12795,8487.375,Rural
CHN01,Shetland Islands,2016-17,10191.4224,18996.8112,1864,6288.7568,2494731.0164,396697,8292.30295,60300.627825,8525.625,Rural
CHN01,Shetland Islands,2017-18,9905.2851,18790.3244,1897,6446.8123,2580737.0109,400312,8444.958025,62004.092125,8581.375,Rural
CHN01,Shetland Islands,2018-19,10171.3829,19020.4777,1870,6616.1587,2648288.7642,400276,8422.9760625,61024.2432875,8528.625,Rural
CHN01,Shetland Islands,2019-20,10547.6511,19956.1514,1892,6912.8907,2756821.165,398794,8749.83515,62977.0133875,8471.5,Rural
CHN01,Shetland Islands,2020-21,10703.3494,20004.5554,1869,7100.969,2797477.312,393957,8901.713575,63981.4784625,8345.375,Rural
CHN01,Shetland Islands,2021-22,10763.3241,19998.2474,1858,7403.5578,2889707.025,390313,9154.0163625,64713.7432375,8267.375,Rural
CHN01,Shetland Islands,2022-23,11621.5337,20895.5126,1798,7466.9827,2904060.3296,388920,9366.9913,64591.8983375,8205.75,Rural
CHN01,Shetland Islands,2023-24,11686.4403,20544.7703,1758,7480.2687,2877846.6171,384725,9579.6784125,65042.4259375,8057.625,Rural
CHN01,Shetland Islands,2024-25,12404.73,20964,1690,7605.71,2885257,379354,9902.5075,65055.75,7866,Rural
CHN01,South Ayrshire,2010-11,6883.2109,51472.6743,7478,6989.0223,2553272.6237,365326,6929.595625,72509.379725,10355,2
CHN01,South Ayrshire,2011-12,6891.5719,51548.9632,7480,6753.6894,2474748.2328,366429,6773.307425,70499.829225,10387.625,2
CHN01,South Ayrshire,2012-13,6766.8152,50507.4989,7464,6587.1357,2441717.5695,370680,6522.3227,67918.2095125,10487.75,2
CHN01,South Ayrshire,2013-14,6711.1009,50460.7188,7519,6428.3648,2425947.9205,377382,6321.5489125,66920.56695,10638.125,2
CHN01,South Ayrshire,2014-15,6475.4698,49485.5516,7642,6241.2162,2404189.8682,385212,6165.757875,65870.727175,10831.375,2
CHN01,South Ayrshire,2015-16,6013.0699,46793.6682,7782,6287.2569,2459246.7832,391148,6224.050675,67487.48805,10983.875,2
CHN01,South Ayrshire,2016-17,6191.6634,48585.9822,7847,6288.7568,2494731.0164,396697,6268.5972125,69039.816,11137,2
CHN01,South Ayrshire,2017-18,6465.5716,50573.7104,7822,6446.8123,2580737.0109,400312,6387.5701625,70450.6171875,11158.875,2
CHN01,South Ayrshire,2018-19,6719.6791,52252.2386,7776,6616.1587,2648288.7642,400276,6600.2967375,72704.7544375,11141.25,2
CHN01,South Ayrshire,2019-20,7037.2885,54672.6824,7769,6912.8907,2756821.165,398794,6876.43805,75157.222625,11060,2
CHN01,South Ayrshire,2020-21,7416.9776,57503.7943,7753,7100.969,2797477.312,393957,7093.30495,77015.167725,10938.875,2
CHN01,South Ayrshire,2021-22,7531.1699,58087.9217,7713,7403.5578,2889707.025,390313,7435.03285,79911.4941,10813.25,2
CHN01,South Ayrshire,2022-23,7756.6881,59098.2431,7619,7466.9827,2904060.3296,388920,7653.6528625,80957.830175,10659.625,2
CHN01,South Ayrshire,2023-24,7904.4583,58864.5209,7447,7480.2687,2877846.6171,384725,7748.5681875,80061.685125,10437.125,2
CHN01,South Ayrshire,2024-25,8019.9,58826,7335,7605.71,2885257,379354,7779.52,79237.75,10288.875,2
CHN01,South Lanarkshire,2010-11,6168.1518,144643.1363,23450,6989.0223,2553272.6237,365326,6512.2196875,66397.180575,10327.375,3
CHN01,South Lanarkshire,2011-12,6178.2367,144892.0849,23452,6753.6894,2474748.2328,366429,6314.49645,64674.65325,10304.75,3
CHN01,South Lanarkshire,2012-13,6144.0667,145614.4457,23700,6587.1357,2441717.5695,370680,6197.254525,64735.5447,10410,3
CHN01,South Lanarkshire,2013-14,6151.4013,147424.56,23966,6428.3648,2425947.9205,377382,6108.301,65307.5052375,10540.25,3
CHN01,South Lanarkshire,2014-15,6136.9001,148414.9391,24184,6241.2162,2404189.8682,385212,5987.2383625,64693.6051375,10692.5,3
CHN01,South Lanarkshire,2015-16,6295.9968,154654.9777,24564,6287.2569,2459246.7832,391148,6020.6137875,66198.707725,10851.875,3
CHN01,South Lanarkshire,2016-17,6254.5101,155687.3832,24892,6288.7568,2494731.0164,396697,6227.2922375,68316.299525,10978.25,3
CHN01,South Lanarkshire,2017-18,6281.873,157549.4436,25080,6446.8123,2580737.0109,400312,6381.08205,70813.9972625,11103.5,3
CHN01,South Lanarkshire,2018-19,6806.7556,170093.945,24989,6616.1587,2648288.7642,400276,6514.5309875,73070.4720375,11123.125,3
CHN01,South Lanarkshire,2019-20,7035.5262,176873.146,25140,6912.8907,2756821.165,398794,6756.6262875,75819.4801875,11131.75,3
CHN01,South Lanarkshire,2020-21,6974.4671,173385.2169,24860,7100.969,2797477.312,393957,7093.3634625,77825.234575,11029.25,3
CHN01,South Lanarkshire,2021-22,7223.4847,179518.0371,24852,7403.5578,2889707.025,390313,7418.3554875,80827.2236,11014.375,3
CHN01,South Lanarkshire,2022-23,7616.2784,190467.8211,25008,7466.9827,2904060.3296,388920,7406.1565875,82332.2333,11042.625,3
CHN01,South Lanarkshire,2023-24,7635.1012,189938.5378,24877,7480.2687,2877846.6171,384725,7488.328725,82153.4158875,10980.625,3
CHN01,South Lanarkshire,2024-25,7754.97,192773,24858,7605.71,2885257,379354,7648.08875,82882,10859.625,3
CHN01,Stirling,2010-11,7204.3071,46266.0599,6422,6989.0223,2553272.6237,365326,6929.595625,72509.379725,10355,2
CHN01,Stirling,2011-12,6808.0261,43952.6021,6456,6753.6894,2474748.2328,366429,6773.307425,70499.829225,10387.625,2
CHN01,Stirling,2012-13,6726.5412,43271.8428,6433,6587.1357,2441717.5695,370680,6522.3227,67918.2095125,10487.75,2
CHN01,Stirling,2013-14,6778.0935,43644.1002,6439,6428.3648,2425947.9205,377382,6321.5489125,66920.56695,10638.125,2
CHN01,Stirling,2014-15,6897.9419,45422.9835,6585,6241.2162,2404189.8682,385212,6165.757875,65870.727175,10831.375,2
CHN01,Stirling,2015-16,6859.4453,45190.0011,6588,6287.2569,2459246.7832,391148,6224.050675,67487.48805,10983.875,2
CHN01,Stirling,2016-17,6762.8779,44790.5503,6623,6288.7568,2494731.0164,396697,6268.5972125,69039.816,11137,2
CHN01,Stirling,2017-18,6787.1314,45005.4402,6631,6446.8123,2580737.0109,400312,6387.5701625,70450.6171875,11158.875,2
CHN01,Stirling,2018-19,6627.9477,43744.4423,6600,6616.1587,2648288.7642,400276,6600.2967375,72704.7544375,11141.25,2
CHN01,Stirling,2019-20,7010.3361,45714.4125,6521,6912.8907,2756821.165,398794,6876.43805,75157.222625,11060,2
CHN01,Stirling,2020-21,7322.3443,47661.1594,6509,7100.969,2797477.312,393957,7093.30495,77015.167725,10938.875,2
CHN01,Stirling,2021-22,7646.3385,49617.0586,6489,7403.5578,2889707.025,390313,7435.03285,79911.4941,10813.25,2
CHN01,Stirling,2022-23,7915.9835,51279.756,6478,7466.9827,2904060.3296,388920,7653.6528625,80957.830175,10659.625,2
CHN01,Stirling,2023-24,8184.1853,52043.2257,6359,7480.2687,2877846.6171,384725,7748.5681875,80061.685125,10437.125,2
CHN01,Stirling,2024-25,8289.97,52260,6304,7605.71,2885257,379354,7779.52,79237.75,10288.875,2
CHN01,West Dunbartonshire,2010-11,7936.6348,52183.3909,6575,6989.0223,2553272.6237,365326,7024.275825,116647.722425,16819.375,Urban
CHN01,West Dunbartonshire,2011-12,7603.1922,50226.6862,6606,6753.6894,2474748.2328,366429,6694.2383375,112499.2786,16944,Urban
CHN01,West Dunbartonshire,2012-13,7190.799,48753.6116,6780,6587.1357,2441717.5695,370680,6514.578925,112069.7629625,17237.75,Urban
CHN01,West Dunbartonshire,2013-14,7446.9,51510.1642,6917,6428.3648,2425947.9205,377382,6332.440825,109995.2518625,17670,Urban
CHN01,West Dunbartonshire,2014-15,7210.8364,50598.418,7017,6241.2162,2404189.8682,385212,6231.056375,110554.441475,18156.875,Urban
CHN01,West Dunbartonshire,2015-16,6868.3723,48497.5644,7061,6287.2569,2459246.7832,391148,6157.90275,112876.5241875,18512.75,Urban
CHN01,West Dunbartonshire,2016-17,7270.7871,52233.3699,7184,6288.7568,2494731.0164,396697,6169.600925,114184.6337,18888.75,Urban
CHN01,West Dunbartonshire,2017-18,7074.6658,51326.6688,7255,6446.8123,2580737.0109,400312,6295.76455,119323.4197875,19137.5,Urban
CHN01,West Dunbartonshire,2018-19,7172.8464,51307.3495,7153,6616.1587,2648288.7642,400276,6462.6869875,124236.625775,19183.875,Urban
CHN01,West Dunbartonshire,2019-20,8087.7933,56460.8857,6981,6912.8907,2756821.165,398794,6826.3428,130648.9294125,19128.5,Urban
CHN01,West Dunbartonshire,2020-21,7815.1242,53267.8603,6816,7100.969,2797477.312,393957,6980.3862125,130862.7832375,18873.625,Urban
CHN01,West Dunbartonshire,2021-22,8258.0868,54982.328,6658,7403.5578,2889707.025,390313,7329.483,135760.917175,18636.625,Urban
CHN01,West Dunbartonshire,2022-23,8674.0448,57049.1925,6577,7466.9827,2904060.3296,388920,7352.310325,135125.5794,18649.25,Urban
CHN01,West Dunbartonshire,2023-24,8769.6988,56275.1664,6417,7480.2687,2877846.6171,384725,7355.2406125,132473.3002125,18557.5,Urban
CHN01,West Dunbartonshire,2024-25,8858.57,55118,6222,7605.71,2885257,379354,7458.48375,133481.625,18347,Urban
CHN01,West Lothian,2010-11,6683.9641,96055.3056,14371,6989.0223,2553272.6237,365326,6512.2196875,66397.180575,10327.375,3
CHN01,West Lothian,2011-12,6416.2041,92893.8593,14478,6753.6894,2474748.2328,366429,6314.49645,64674.65325,10304.75,3
CHN01,West Lothian,2012-13,6467.317,95198.89,14720,6587.1357,2441717.5695,370680,6197.254525,64735.5447,10410,3
CHN01,West Lothian,2013-14,6508.5266,97191.7442,14933,6428.3648,2425947.9205,377382,6108.301,65307.5052375,10540.25,3
CHN01,West Lothian,2014-15,6326.8544,96383.3859,15234,6241.2162,2404189.8682,385212,5987.2383625,64693.6051375,10692.5,3
CHN01,West Lothian,2015-16,6418.0626,98972.9849,15421,6287.2569,2459246.7832,391148,6020.6137875,66198.707725,10851.875,3
CHN01,West Lothian,2016-17,6398.0212,99917.9862,15617,6288.7568,2494731.0164,396697,6227.2922375,68316.299525,10978.25,3
CHN01,West Lothian,2017-18,6993.0953,109385.9766,15642,6446.8123,2580737.0109,400312,6381.08205,70813.9972625,11103.5,3
CHN01,West Lothian,2018-19,6860.2614,106992.5585,15596,6616.1587,2648288.7642,400276,6514.5309875,73070.4720375,11123.125,3
CHN01,West Lothian,2019-20,6892.852,107101.1758,15538,6912.8907,2756821.165,398794,6756.6262875,75819.4801875,11131.75,3
CHN01,West Lothian,2020-21,7297.9777,111637.0863,15297,7100.969,2797477.312,393957,7093.3634625,77825.234575,11029.25,3
CHN01,West Lothian,2021-22,7659.7634,116964.51,15270,7403.5578,2889707.025,390313,7418.3554875,80827.2236,11014.375,3
CHN01,West Lothian,2022-23,7774.2857,119133.1326,15324,7466.9827,2904060.3296,388920,7406.1565875,82332.2333,11042.625,3
CHN01,West Lothian,2023-24,7714.441,117151.4404,15186,7480.2687,2877846.6171,384725,7488.328725,82153.4158875,10980.625,3
CHN01,West Lothian,2024-25,7856.66,118447,15076,7605.71,2885257,379354,7648.08875,82882,10859.625,3
CORP06b,Aberdeen City,2010-11,15.91,73603,4627,10.79,1731251,160403,11.52625,80418,7297.875,Urban
CORP06b,Aberdeen City,2011-12,13.05,58006,4445,10.38,1542024,148549,11.555,72936.75,6792.375,Urban
CORP06b,Aberdeen City,2012-13,13.37,60978,4561,10.9,1483040,136067,11.82375,73252.375,6607.875,Urban
CORP06b,Aberdeen City,2013-14,12.69,52454,4134,10.34,1509872,146092,11.30875,69465.875,6527.25,Urban
CORP06b,Aberdeen City,2014-15,11.24,49152,4373,10.8,1570110,145398,11.605,72849,6582,Urban
CORP06b,Aberdeen City,2015-16,11.97,54354,4542,10.63,1529113,143794,11.09625,69647.375,6512.5,Urban
CORP06b,Aberdeen City,2016-17,11.6,54563,4702,10.92,1564271,143295,11.30875,72498.75,6542,Urban
CORP06b,Aberdeen City,2017-18,11.65,59668,5122,11.41,1641333,143890,11.6425,75196.375,6562.75,Urban
CORP06b,Aberdeen City,2018-19,11.87,58310,4913,11.49,1714874,149272,11.86,82865.75,7278.5,Urban
CORP06b,Aberdeen City,2019-20,11.3,54417,4816,11.9,1826070,153472,11.9975,92936.5,7605.875,Urban
CORP06b,Aberdeen City,2020-21,10.322,50010,4845,9.5833,1459147,152259,9.607025,72000.25,7406.875,Urban
CORP06b,Aberdeen City,2021-22,13.8537,68479,4943,12.1651,1915168,157431,12.6159875,94290.25,7668.5,Urban
CORP06b,Aberdeen City,2022-23,13.6299,69376,5090,13.2777,2127716,160248,13.562275,102348.25,7800.75,Urban
CORP06b,Aberdeen City,2023-24,14.6449,74850,5111,13.8878,2227627,160402,14.20835,103331,7712.875,Urban
CORP06b,Aberdeen City,2024-25,14.0906,72003,5110,14.5245,2317794,159578,14.738875,109770.125,7645.125,Urban
CORP06b,Aberdeenshire,2010-11,9.79,71343,7288,10.79,1731251,160403,10.9175,40807.125,3846.875,Rural
CORP06b,Aberdeenshire,2011-12,9.82,67803,6907,10.38,1542024,148549,10.7225,36851,3605.75,Rural
CORP06b,Aberdeenshire,2012-13,10.04,62631,6237,10.9,1483040,136067,10.66,36196.25,3430.125,Rural
CORP06b,Aberdeenshire,2013-14,9.57,65925,6889,10.34,1509872,146092,10.215,33687.125,3342.125,Rural
CORP06b,Aberdeenshire,2014-15,9.84,69959,7112,10.8,1570110,145398,11.025,36086.125,3363.625,Rural
CORP06b,Aberdeenshire,2015-16,8.76,63196,7215,10.63,1529113,143794,10.90375,34779.5,3361.125,Rural
CORP06b,Aberdeenshire,2016-17,8.97,65498,7301,10.92,1564271,143295,10.51875,33838.375,3295.75,Rural
CORP06b,Aberdeenshire,2017-18,9.43,72196,7660,11.41,1641333,143890,10.825,35538.75,3327.375,Rural
CORP06b,Aberdeenshire,2018-19,10.14,76222,7518,11.49,1714874,149272,11.5175,36616.75,3289.25,Rural
CORP06b,Aberdeenshire,2019-20,9.85,73537,7463,11.9,1826070,153472,11.39,35717.375,3287,Rural
CORP06b,Aberdeenshire,2020-21,7.6234,55361,7262,9.5833,1459147,152259,9.15955,28431,3322.75,Rural
CORP06b,Aberdeenshire,2021-22,9.7093,73082,7527,12.1651,1915168,157431,11.6794375,36549,3433.375,Rural
CORP06b,Aberdeenshire,2022-23,10.3801,79273,7637,13.2777,2127716,160248,12.2977125,39223.875,3452.875,Rural
CORP06b,Aberdeenshire,2023-24,10.7974,84749,7849,13.8878,2227627,160402,13.2739125,44588,3530.375,Rural
CORP06b,Aberdeenshire,2024-25,11.3175,87394,7722,14.5245,2317794,159578,13.8169,48107.75,3558.125,Rural
CORP06b,Angus,2010-11,9.79,41729,4263,10.79,1731251,160403,10.14875,44484,4364.375,3
CORP06b,Angus,2011-12,10.34,42939,4152,10.38,1542024,148549,9.81,40368.5,4090.875,3
CORP06b,Angus,2012-13,10.78,43977,4078,10.9,1483040,136067,11.97875,45698.125,4107.625,3
CORP06b,Angus,2013-14,9.74,39451,4049,10.34,1509872,146092,10.31125,42402.5,4140.875,3
CORP06b,Angus,2014-15,10,38845,3884,10.8,1570110,145398,11.315,44641.375,4019.75,3
CORP06b,Angus,2015-16,10.63,37407,3520,10.63,1529113,143794,11.13375,42906.5,3927.5,3
CORP06b,Angus,2016-17,10.82,35705,3299,10.92,1564271,143295,11.92625,45133.875,3855.25,3
CORP06b,Angus,2017-18,12.14,38559,3176,11.41,1641333,143890,12.0825,45979.25,3856.625,3
CORP06b,Angus,2018-19,14.03,35539,2533,11.49,1714874,149272,12.45,46362.625,3772.875,3
CORP06b,Angus,2019-20,13.46,34939,2596,11.9,1826070,153472,12.67625,48185.25,3783.875,3
CORP06b,Angus,2020-21,10.5316,29299,2782,9.5833,1459147,152259,10.108675,40175.625,3900.125,3
CORP06b,Angus,2021-22,10.2224,29093,2846,12.1651,1915168,157431,12.1278125,49944.875,4032.625,3
CORP06b,Angus,2022-23,12.567,36130,2875,13.2777,2127716,160248,14.0037375,56579.5,4040,3
CORP06b,Angus,2023-24,13.9748,40443,2894,13.8878,2227627,160402,15.068125,59235.25,3987.375,3
CORP06b,Angus,2024-25,13.3107,38947,2926,14.5245,2317794,159578,14.8046375,59751.5,3974,3
CORP06b,Argyll & Bute,2010-11,10.03,32128,3202,10.79,1731251,160403,10.9175,40807.125,3846.875,Rural
CORP06b,Argyll & Bute,2011-12,9.11,26731,2934,10.38,1542024,148549,10.7225,36851,3605.75,Rural
CORP06b,Argyll & Bute,2012-13,10.93,29588,2708,10.9,1483040,136067,10.66,36196.25,3430.125,Rural
CORP06b,Argyll & Bute,2013-14,11.03,28634,2596,10.34,1509872,146092,10.215,33687.125,3342.125,Rural
CORP06b,Argyll & Bute,2014-15,11.32,29138,2574,10.8,1570110,145398,11.025,36086.125,3363.625,Rural
CORP06b,Argyll & Bute,2015-16,11.05,33124,2998,10.63,1529113,143794,10.90375,34779.5,3361.125,Rural
CORP06b,Argyll & Bute,2016-17,11.56,33469,2894,10.92,1564271,143295,10.51875,33838.375,3295.75,Rural
CORP06b,Argyll & Bute,2017-18,12.82,35314,2755,11.41,1641333,143890,10.825,35538.75,3327.375,Rural
CORP06b,Argyll & Bute,2018-19,14.01,36950,2638,11.49,1714874,149272,11.5175,36616.75,3289.25,Rural
CORP06b,Argyll & Bute,2019-20,12.31,32570,2645,11.9,1826070,153472,11.39,35717.375,3287,Rural
CORP06b,Argyll & Bute,2020-21,9.964,26554,2665,9.5833,1459147,152259,9.15955,28431,3322.75,Rural
CORP06b,Argyll & Bute,2021-22,13.4006,36396,2716,12.1651,1915168,157431,11.6794375,36549,3433.375,Rural
CORP06b,Argyll & Bute,2022-23,14.3272,38354,2677,13.2777,2127716,160248,12.2977125,39223.875,3452.875,Rural
CORP06b,Argyll & Bute,2023-24,14.4299,41890,2903,13.8878,2227627,160402,13.2739125,44588,3530.375,Rural
CORP06b,Argyll & Bute,2024-25,16.4322,49198,2994,14.5245,2317794,159578,13.8169,48107.75,3558.125,Rural
CORP06b,Clackmannanshire,2010-11,8.97,13150,1466,10.79,1731251,160403,10.14875,44484,4364.375,3
CORP06b,Clackmannanshire,2011-12,7.86,11924,1517,10.38,1542024,148549,9.81,40368.5,4090.875,3
CORP06b,Clackmannanshire,2012-13,21.06,34372,1632,10.9,1483040,136067,11.97875,45698.125,4107.625,3
CORP06b,Clackmannanshire,2013-14,7.92,18535,2339,10.34,1509872,146092,10.31125,42402.5,4140.875,3
CORP06b,Clackmannanshire,2014-15,12.78,20443,1599,10.8,1570110,145398,11.315,44641.375,4019.75,3
CORP06b,Clackmannanshire,2015-16,13.43,20971,1562,10.63,1529113,143794,11.13375,42906.5,3927.5,3
CORP06b,Clackmannanshire,2016-17,16.5,24873,1507,10.92,1564271,143295,11.92625,45133.875,3855.25,3
CORP06b,Clackmannanshire,2017-18,16.78,24381,1453,11.41,1641333,143890,12.0825,45979.25,3856.625,3
CORP06b,Clackmannanshire,2018-19,15.02,21101,1405,11.49,1714874,149272,12.45,46362.625,3772.875,3
CORP06b,Clackmannanshire,2019-20,13.55,18947,1398,11.9,1826070,153472,12.67625,48185.25,3783.875,3
CORP06b,Clackmannanshire,2020-21,10.1101,14781,1462,9.5833,1459147,152259,10.108675,40175.625,3900.125,3
CORP06b,Clackmannanshire,2021-22,14.9322,22906,1534,12.1651,1915168,157431,12.1278125,49944.875,4032.625,3
CORP06b,Clackmannanshire,2022-23,16.745,25084,1498,13.2777,2127716,160248,14.0037375,56579.5,4040,3
CORP06b,Clackmannanshire,2023-24,19.5949,29160,1488,13.8878,2227627,160402,15.068125,59235.25,3987.375,3
CORP06b,Clackmannanshire,2024-25,17.1362,25156,1468,14.5245,2317794,159578,14.8046375,59751.5,3974,3
CORP06b,Dumfries & Galloway,2010-11,10.33,46174,4471,10.79,1731251,160403,10.9175,40807.125,3846.875,Rural
CORP06b,Dumfries & Galloway,2011-12,10.71,41922,3913,10.38,1542024,148549,10.7225,36851,3605.75,Rural
CORP06b,Dumfries & Galloway,2012-13,11.09,43032,3880,10.9,1483040,136067,10.66,36196.25,3430.125,Rural
CORP06b,Dumfries & Galloway,2013-14,11.05,42168,3817,10.34,1509872,146092,10.215,33687.125,3342.125,Rural
CORP06b,Dumfries & Galloway,2014-15,12.66,48179,3805,10.8,1570110,145398,11.025,36086.125,3363.625,Rural
CORP06b,Dumfries & Galloway,2015-16,12.66,48987,3869,10.63,1529113,143794,10.90375,34779.5,3361.125,Rural
CORP06b,Dumfries & Galloway,2016-17,11.73,44722,3813,10.92,1564271,143295,10.51875,33838.375,3295.75,Rural
CORP06b,Dumfries & Galloway,2017-18,12.03,43771,3639,11.41,1641333,143890,10.825,35538.75,3327.375,Rural
CORP06b,Dumfries & Galloway,2018-19,11.44,41067,3590,11.49,1714874,149272,11.5175,36616.75,3289.25,Rural
CORP06b,Dumfries & Galloway,2019-20,11.58,40531,3501,11.9,1826070,153472,11.39,35717.375,3287,Rural
CORP06b,Dumfries & Galloway,2020-21,9.9219,35580,3586,9.5833,1459147,152259,9.15955,28431,3322.75,Rural
CORP06b,Dumfries & Galloway,2021-22,11.299,43117,3816,12.1651,1915168,157431,11.6794375,36549,3433.375,Rural
CORP06b,Dumfries & Galloway,2022-23,11.7646,45223,3844,13.2777,2127716,160248,12.2977125,39223.875,3452.875,Rural
CORP06b,Dumfries & Galloway,2023-24,13.1358,50862,3872,13.8878,2227627,160402,13.2739125,44588,3530.375,Rural
CORP06b,Dumfries & Galloway,2024-25,13.6912,53286,3892,14.5245,2317794,159578,13.8169,48107.75,3558.125,Rural
CORP06b,Dundee City,2010-11,10.98,57650,5252,10.79,1731251,160403,11.52625,80418,7297.875,Urban
CORP06b,Dundee City,2011-12,11.01,53894,4896,10.38,1542024,148549,11.555,72936.75,6792.375,Urban
CORP06b,Dundee City,2012-13,11.78,56678,4812,10.9,1483040,136067,11.82375,73252.375,6607.875,Urban
CORP06b,Dundee City,2013-14,11.73,56466,4812,10.34,1509872,146092,11.30875,69465.875,6527.25,Urban
CORP06b,Dundee City,2014-15,11.97,56635,4732,10.8,1570110,145398,11.605,72849,6582,Urban
CORP06b,Dundee City,2015-16,10.53,50171,4766,10.63,1529113,143794,11.09625,69647.375,6512.5,Urban
CORP06b,Dundee City,2016-17,11.86,55520,4683,10.92,1564271,143295,11.30875,72498.75,6542,Urban
CORP06b,Dundee City,2017-18,12.56,57930,4614,11.41,1641333,143890,11.6425,75196.375,6562.75,Urban
CORP06b,Dundee City,2018-19,12.94,59701,4615,11.49,1714874,149272,11.86,82865.75,7278.5,Urban
CORP06b,Dundee City,2019-20,13.21,60444,4575,11.9,1826070,153472,11.9975,92936.5,7605.875,Urban
CORP06b,Dundee City,2020-21,12.2866,54872,4466,9.5833,1459147,152259,9.607025,72000.25,7406.875,Urban
CORP06b,Dundee City,2021-22,14.6626,65234,4449,12.1651,1915168,157431,12.6159875,94290.25,7668.5,Urban
CORP06b,Dundee City,2022-23,16.1806,72461,4478,13.2777,2127716,160248,13.562275,102348.25,7800.75,Urban
CORP06b,Dundee City,2023-24,17.5469,78347,4465,13.8878,2227627,160402,14.20835,103331,7712.875,Urban
CORP06b,Dundee City,2024-25,17.8689,78248,4379,14.5245,2317794,159578,14.738875,109770.125,7645.125,Urban
CORP06b,East Ayrshire,2010-11,10.95,46214,4221,10.79,1731251,160403,10.69375,50697.5,4541.25,2
CORP06b,East Ayrshire,2011-12,10.76,42973,3995,10.38,1542024,148549,10.5075,47422.125,4380.25,2
CORP06b,East Ayrshire,2012-13,11.14,42476,3813,10.9,1483040,136067,10.77125,47847.5,4302.5,2
CORP06b,East Ayrshire,2013-14,8.76,33756,3855,10.34,1509872,146092,10.0625,43178.375,4251.375,2
CORP06b,East Ayrshire,2014-15,9.07,35148,3876,10.8,1570110,145398,10.0025,42687.375,4209.625,2
CORP06b,East Ayrshire,2015-16,9.2,34402,3741,10.63,1529113,143794,10.29125,43805.75,4173.125,2
CORP06b,East Ayrshire,2016-17,8.84,33827,3829,10.92,1564271,143295,10.18375,44063,4218.875,2
CORP06b,East Ayrshire,2017-18,8.36,33279,3983,11.41,1641333,143890,10.94625,48452.125,4239.625,2
CORP06b,East Ayrshire,2018-19,9.02,36292,4025,11.49,1714874,149272,10.7975,48514,4318.375,2
CORP06b,East Ayrshire,2019-20,9.77,40143,4110,11.9,1826070,153472,10.94,51419.75,4507.375,2
CORP06b,East Ayrshire,2020-21,7.067,29427,4164,9.5833,1459147,152259,8.8249125,41786.75,4402.625,2
CORP06b,East Ayrshire,2021-22,13.3458,56546,4237,12.1651,1915168,157431,12.1320375,58611.75,4544.5,2
CORP06b,East Ayrshire,2022-23,15.4574,67163,4345,13.2777,2127716,160248,14.0496125,67812.875,4737.25,2
CORP06b,East Ayrshire,2023-24,15.7553,71026,4508,13.8878,2227627,160402,14.515,71299.125,4819.625,2
CORP06b,East Ayrshire,2024-25,16.3751,73000,4458,14.5245,2317794,159578,14.935025,72094.75,4770.125,2
CORP06b,East Dunbartonshire,2010-11,11.93,29908,2507,10.79,1731251,160403,11.52625,80418,7297.875,Urban
CORP06b,East Dunbartonshire,2011-12,16.05,38603,2405,10.38,1542024,148549,11.555,72936.75,6792.375,Urban
CORP06b,East Dunbartonshire,2012-13,13.78,32346,2347,10.9,1483040,136067,11.82375,73252.375,6607.875,Urban
CORP06b,East Dunbartonshire,2013-14,13.07,30934,2367,10.34,1509872,146092,11.30875,69465.875,6527.25,Urban
CORP06b,East Dunbartonshire,2014-15,12.68,30921,2439,10.8,1570110,145398,11.605,72849,6582,Urban
CORP06b,East Dunbartonshire,2015-16,11.65,28306,2429,10.63,1529113,143794,11.09625,69647.375,6512.5,Urban
CORP06b,East Dunbartonshire,2016-17,11.81,29522,2499,10.92,1564271,143295,11.30875,72498.75,6542,Urban
CORP06b,East Dunbartonshire,2017-18,11.77,29962,2546,11.41,1641333,143890,11.6425,75196.375,6562.75,Urban
CORP06b,East Dunbartonshire,2018-19,13.62,35041,2573,11.49,1714874,149272,11.86,82865.75,7278.5,Urban
CORP06b,East Dunbartonshire,2019-20,11.48,30319,2641,11.9,1826070,153472,11.9975,92936.5,7605.875,Urban
CORP06b,East Dunbartonshire,2020-21,8.5793,23799,2774,9.5833,1459147,152259,9.607025,72000.25,7406.875,Urban
CORP06b,East Dunbartonshire,2021-22,12.0206,35673,2968,12.1651,1915168,157431,12.6159875,94290.25,7668.5,Urban
CORP06b,East Dunbartonshire,2022-23,13.43,40599,3023,13.2777,2127716,160248,13.562275,102348.25,7800.75,Urban
CORP06b,East Dunbartonshire,2023-24,15.3922,47454,3083,13.8878,2227627,160402,14.20835,103331,7712.875,Urban
CORP06b,East Dunbartonshire,2024-25,14.2782,42774,2996,14.5245,2317794,159578,14.738875,109770.125,7645.125,Urban
CORP06b,East Lothian,2010-11,11.33,30116,2659,10.79,1731251,160403,10.69375,50697.5,4541.25,2
CORP06b,East Lothian,2011-12,10.98,31178,2840,10.38,1542024,148549,10.5075,47422.125,4380.25,2
CORP06b,East Lothian,2012-13,10.52,29435,2797,10.9,1483040,136067,10.77125,47847.5,4302.5,2
CORP06b,East Lothian,2013-14,9.76,25914,2654,10.34,1509872,146092,10.0625,43178.375,4251.375,2
CORP06b,East Lothian,2014-15,11.11,28730,2586,10.8,1570110,145398,10.0025,42687.375,4209.625,2
CORP06b,East Lothian,2015-16,10.79,28299,2622,10.63,1529113,143794,10.29125,43805.75,4173.125,2
CORP06b,East Lothian,2016-17,10.75,28525,2653,10.92,1564271,143295,10.18375,44063,4218.875,2
CORP06b,East Lothian,2017-18,12.11,32088,2650,11.41,1641333,143890,10.94625,48452.125,4239.625,2
CORP06b,East Lothian,2018-19,11.72,31474,2685,11.49,1714874,149272,10.7975,48514,4318.375,2
CORP06b,East Lothian,2019-20,9.43,27878,2956,11.9,1826070,153472,10.94,51419.75,4507.375,2
CORP06b,East Lothian,2020-21,7.168,20730,2892,9.5833,1459147,152259,8.8249125,41786.75,4402.625,2
CORP06b,East Lothian,2021-22,9.4628,30110,3182,12.1651,1915168,157431,12.1320375,58611.75,4544.5,2
CORP06b,East Lothian,2022-23,10.9177,37116,3400,13.2777,2127716,160248,14.0496125,67812.875,4737.25,2
CORP06b,East Lothian,2023-24,13.7255,41547,3027,13.8878,2227627,160402,14.515,71299.125,4819.625,2
CORP06b,East Lothian,2024-25,14.5737,44129,3028,14.5245,2317794,159578,14.935025,72094.75,4770.125,2
CORP06b,East Renfrewshire,2010-11,10.83,28547,2635,10.79,1731251,160403,10.14875,44484,4364.375,3
CORP06b,East Renfrewshire,2011-12,10.71,27491,2567,10.38,1542024,148549,9.81,40368.5,4090.875,3
CORP06b,East Renfrewshire,2012-13,11.32,28505,2517,10.9,1483040,136067,11.97875,45698.125,4107.625,3
CORP06b,East Renfrewshire,2013-14,12.19,30486,2501,10.34,1509872,146092,10.31125,42402.5,4140.875,3
CORP06b,East Renfrewshire,2014-15,13.37,32664,2444,10.8,1570110,145398,11.315,44641.375,4019.75,3
CORP06b,East Renfrewshire,2015-16,11.85,27160,2293,10.63,1529113,143794,11.13375,42906.5,3927.5,3
CORP06b,East Renfrewshire,2016-17,11.54,25990,2251,10.92,1564271,143295,11.92625,45133.875,3855.25,3
CORP06b,East Renfrewshire,2017-18,10.52,24454,2324,11.41,1641333,143890,12.0825,45979.25,3856.625,3
CORP06b,East Renfrewshire,2018-19,12.35,28588,2315,11.49,1714874,149272,12.45,46362.625,3772.875,3
CORP06b,East Renfrewshire,2019-20,12.97,30244,2331,11.9,1826070,153472,12.67625,48185.25,3783.875,3
CORP06b,East Renfrewshire,2020-21,10.3695,25126,2423,9.5833,1459147,152259,10.108675,40175.625,3900.125,3
CORP06b,East Renfrewshire,2021-22,11.1904,29222,2611,12.1651,1915168,157431,12.1278125,49944.875,4032.625,3
CORP06b,East Renfrewshire,2022-23,14.2123,37300,2624,13.2777,2127716,160248,14.0037375,56579.5,4040,3
CORP06b,East Renfrewshire,2023-24,13.8781,35561,2562,13.8878,2227627,160402,15.068125,59235.25,3987.375,3
CORP06b,East Renfrewshire,2024-25,12.8714,32127,2496,14.5245,2317794,159578,14.8046375,59751.5,3974,3
CORP06b,Edinburgh City,2010-11,10.91,133270,12215,10.79,1731251,160403,11.52625,80418,7297.875,Urban
CORP06b,Edinburgh City,2011-12,10.33,121512,11768,10.38,1542024,148549,11.555,72936.75,6792.375,Urban
CORP06b,Edinburgh City,2012-13,9.71,114160,11760,10.9,1483040,136067,11.82375,73252.375,6607.875,Urban
CORP06b,Edinburgh City,2013-14,9.9,116763,11794,10.34,1509872,146092,11.30875,69465.875,6527.25,Urban
CORP06b,Edinburgh City,2014-15,10.74,129419,12045,10.8,1570110,145398,11.605,72849,6582,Urban
CORP06b,Edinburgh City,2015-16,10.73,127911,11919,10.63,1529113,143794,11.09625,69647.375,6512.5,Urban
CORP06b,Edinburgh City,2016-17,11.64,132024,11341,10.92,1564271,143295,11.30875,72498.75,6542,Urban
CORP06b,Edinburgh City,2017-18,12.34,136351,11050,11.41,1641333,143890,11.6425,75196.375,6562.75,Urban
CORP06b,Edinburgh City,2018-19,11.62,129238,11121,11.49,1714874,149272,11.86,82865.75,7278.5,Urban
CORP06b,Edinburgh City,2019-20,11.98,133922,11176,11.9,1826070,153472,11.9975,92936.5,7605.875,Urban
CORP06b,Edinburgh City,2020-21,8.8197,98737,11195,9.5833,1459147,152259,9.607025,72000.25,7406.875,Urban
CORP06b,Edinburgh City,2021-22,11.5904,131180,11318,12.1651,1915168,157431,12.6159875,94290.25,7668.5,Urban
CORP06b,Edinburgh City,2022-23,12.7054,144588,11380,13.2777,2127716,160248,13.562275,102348.25,7800.75,Urban
CORP06b,Edinburgh City,2023-24,13.1546,149726,11382,13.8878,2227627,160402,14.20835,103331,7712.875,Urban
CORP06b,Edinburgh City,2024-25,15.9594,184954,11589,14.5245,2317794,159578,14.738875,109770.125,7645.125,Urban
CORP06b,Eilean Siar,2010-11,13.02,18622,1430,10.79,1731251,160403,10.9175,40807.125,3846.875,Rural
CORP06b,Eilean Siar,2011-12,13.81,18714,1355,10.38,1542024,148549,10.7225,36851,3605.75,Rural
CORP06b,Eilean Siar,2012-13,10.39,13521,1301,10.9,1483040,136067,10.66,36196.25,3430.125,Rural
CORP06b,Eilean Siar,2013-14,10.54,13419,1273,10.34,1509872,146092,10.215,33687.125,3342.125,Rural
CORP06b,Eilean Siar,2014-15,12.58,15551,1236,10.8,1570110,145398,11.025,36086.125,3363.625,Rural
CORP06b,Eilean Siar,2015-16,14.76,18110,1227,10.63,1529113,143794,10.90375,34779.5,3361.125,Rural
CORP06b,Eilean Siar,2016-17,12.86,15861,1233,10.92,1564271,143295,10.51875,33838.375,3295.75,Rural
CORP06b,Eilean Siar,2017-18,11.22,14603,1302,11.41,1641333,143890,10.825,35538.75,3327.375,Rural
CORP06b,Eilean Siar,2018-19,12.92,16737,1295,11.49,1714874,149272,11.5175,36616.75,3289.25,Rural
CORP06b,Eilean Siar,2019-20,13.66,17824,1305,11.9,1826070,153472,11.39,35717.375,3287,Rural
CORP06b,Eilean Siar,2020-21,10.898,13786,1265,9.5833,1459147,152259,9.15955,28431,3322.75,Rural
CORP06b,Eilean Siar,2021-22,16.5335,20877,1263,12.1651,1915168,157431,11.6794375,36549,3433.375,Rural
CORP06b,Eilean Siar,2022-23,14.3992,17222,1196,13.2777,2127716,160248,12.2977125,39223.875,3452.875,Rural
CORP06b,Eilean Siar,2023-24,15.2092,19243,1265,13.8878,2227627,160402,13.2739125,44588,3530.375,Rural
CORP06b,Eilean Siar,2024-25,13.0878,16747,1280,14.5245,2317794,159578,13.8169,48107.75,3558.125,Rural
CORP06b,Falkirk,2010-11,10.71,51155,4778,10.79,1731251,160403,11.52625,80418,7297.875,Urban
CORP06b,Falkirk,2011-12,10.22,48421,4739,10.38,1542024,148549,11.555,72936.75,6792.375,Urban
CORP06b,Falkirk,2012-13,11.47,54568,4759,10.9,1483040,136067,11.82375,73252.375,6607.875,Urban
CORP06b,Falkirk,2013-14,10.66,51551,4837,10.34,1509872,146092,11.30875,69465.875,6527.25,Urban
CORP06b,Falkirk,2014-15,11.48,55707,4853,10.8,1570110,145398,11.605,72849,6582,Urban
CORP06b,Falkirk,2015-16,11.18,48499,4339,10.63,1529113,143794,11.09625,69647.375,6512.5,Urban
CORP06b,Falkirk,2016-17,11.45,48671,4250,10.92,1564271,143295,11.30875,72498.75,6542,Urban
CORP06b,Falkirk,2017-18,11.24,47182,4198,11.41,1641333,143890,11.6425,75196.375,6562.75,Urban
CORP06b,Falkirk,2018-19,10.43,44228,4242,11.49,1714874,149272,11.86,82865.75,7278.5,Urban
CORP06b,Falkirk,2019-20,11.64,50982,4379,11.9,1826070,153472,11.9975,92936.5,7605.875,Urban
CORP06b,Falkirk,2020-21,9.6708,44118,4562,9.5833,1459147,152259,9.607025,72000.25,7406.875,Urban
CORP06b,Falkirk,2021-22,12.5533,58720,4678,12.1651,1915168,157431,12.6159875,94290.25,7668.5,Urban
CORP06b,Falkirk,2022-23,12.9839,62938,4847,13.2777,2127716,160248,13.562275,102348.25,7800.75,Urban
CORP06b,Falkirk,2023-24,12.9923,62805,4834,13.8878,2227627,160402,14.20835,103331,7712.875,Urban
CORP06b,Falkirk,2024-25,13.4244,63387,4722,14.5245,2317794,159578,14.738875,109770.125,7645.125,Urban
CORP06b,Fife,2010-11,12.87,163342,12692,10.79,1731251,160403,10.69375,50697.5,4541.25,2
CORP06b,Fife,2011-12,11.77,140556,11945,10.38,1542024,148549,10.5075,47422.125,4380.25,2
CORP06b,Fife,2012-13,12.23,140913,11519,10.9,1483040,136067,10.77125,47847.5,4302.5,2
CORP06b,Fife,2013-14,10.6,120115,11330,10.34,1509872,146092,10.0625,43178.375,4251.375,2
CORP06b,Fife,2014-15,10.95,122795,11219,10.8,1570110,145398,10.0025,42687.375,4209.625,2
CORP06b,Fife,2015-16,11.43,125561,10987,10.63,1529113,143794,10.29125,43805.75,4173.125,2
CORP06b,Fife,2016-17,11.27,127423,11310,10.92,1564271,143295,10.18375,44063,4218.875,2
CORP06b,Fife,2017-18,13.44,148732,11070,11.41,1641333,143890,10.94625,48452.125,4239.625,2
CORP06b,Fife,2018-19,13.1,147407,11249,11.49,1714874,149272,10.7975,48514,4318.375,2
CORP06b,Fife,2019-20,13.86,157616,11376,11.9,1826070,153472,10.94,51419.75,4507.375,2
CORP06b,Fife,2020-21,11.8265,134124,11341,9.5833,1459147,152259,8.8249125,41786.75,4402.625,2
CORP06b,Fife,2021-22,15.2899,176764,11561,12.1651,1915168,157431,12.1320375,58611.75,4544.5,2
CORP06b,Fife,2022-23,15.8454,186849,11792,13.2777,2127716,160248,14.0496125,67812.875,4737.25,2
CORP06b,Fife,2023-24,16.6571,200135,12015,13.8878,2227627,160402,14.515,71299.125,4819.625,2
CORP06b,Fife,2024-25,16.6534,201340,12090,14.5245,2317794,159578,14.935025,72094.75,4770.125,2
CORP06b,Glasgow City,2010-11,9.35,136298,14578,10.79,1731251,160403,11.52625,80418,7297.875,Urban
CORP06b,Glasgow City,2011-12,9.24,115565,12505,10.38,1542024,148549,11.555,72936.75,6792.375,Urban
CORP06b,Glasgow City,2012-13,9.73,114522,11769,10.9,1483040,136067,11.82375,73252.375,6607.875,Urban
CORP06b,Glasgow City,2013-14,9.61,114009,11864,10.34,1509872,146092,11.30875,69465.875,6527.25,Urban
CORP06b,Glasgow City,2014-15,10.15,119861,11808,10.8,1570110,145398,11.605,72849,6582,Urban
CORP06b,Glasgow City,2015-16,9.72,113304,11656,10.63,1529113,143794,11.09625,69647.375,6512.5,Urban
CORP06b,Glasgow City,2016-17,10.2,120789,11844,10.92,1564271,143295,11.30875,72498.75,6542,Urban
CORP06b,Glasgow City,2017-18,9.89,128348,12977,11.41,1641333,143890,11.6425,75196.375,6562.75,Urban
CORP06b,Glasgow City,2018-19,10.43,187138,17950,11.49,1714874,149272,11.86,82865.75,7278.5,Urban
CORP06b,Glasgow City,2019-20,12.76,241014,18886,11.9,1826070,153472,11.9975,92936.5,7605.875,Urban
CORP06b,Glasgow City,2020-21,10.7519,200265,18626,9.5833,1459147,152259,9.607025,72000.25,7406.875,Urban
CORP06b,Glasgow City,2021-22,12.3957,241332,19469,12.1651,1915168,157431,12.6159875,94290.25,7668.5,Urban
CORP06b,Glasgow City,2022-23,13.0553,257137,19696,13.2777,2127716,160248,13.562275,102348.25,7800.75,Urban
CORP06b,Glasgow City,2023-24,11.9446,232765,19487,13.8878,2227627,160402,14.20835,103331,7712.875,Urban
CORP06b,Glasgow City,2024-25,13.1339,252158,19199,14.5245,2317794,159578,14.738875,109770.125,7645.125,Urban
CORP06b,Highland,2010-11,10.45,74842,7161,10.79,1731251,160403,10.9175,40807.125,3846.875,Rural
CORP06b,Highland,2011-12,9.26,63186,6824,10.38,1542024,148549,10.7225,36851,3605.75,Rural
CORP06b,Highland,2012-13,9.86,64918,6587,10.9,1483040,136067,10.66,36196.25,3430.125,Rural
CORP06b,Highland,2013-14,9.16,51944,5674,10.34,1509872,146092,10.215,33687.125,3342.125,Rural
CORP06b,Highland,2014-15,9.77,57184,5851,10.8,1570110,145398,11.025,36086.125,3363.625,Rural
CORP06b,Highland,2015-16,9.61,53908,5612,10.63,1529113,143794,10.90375,34779.5,3361.125,Rural
CORP06b,Highland,2016-17,10.41,54866,5270,10.92,1564271,143295,10.51875,33838.375,3295.75,Rural
CORP06b,Highland,2017-18,10.75,59861,5568,11.41,1641333,143890,10.825,35538.75,3327.375,Rural
CORP06b,Highland,2018-19,10.5,58320,5555,11.49,1714874,149272,11.5175,36616.75,3289.25,Rural
CORP06b,Highland,2019-20,9.7,53522,5517,11.9,1826070,153472,11.39,35717.375,3287,Rural
CORP06b,Highland,2020-21,6.4371,35861,5571,9.5833,1459147,152259,9.15955,28431,3322.75,Rural
CORP06b,Highland,2021-22,8.1739,48046,5878,12.1651,1915168,157431,11.6794375,36549,3433.375,Rural
CORP06b,Highland,2022-23,9.2407,55398,5995,13.2777,2127716,160248,12.2977125,39223.875,3452.875,Rural
CORP06b,Highland,2023-24,12.7134,76128,5988,13.8878,2227627,160402,13.2739125,44588,3530.375,Rural
CORP06b,Highland,2024-25,14.4758,88638,6123,14.5245,2317794,159578,13.8169,48107.75,3558.125,Rural
CORP06b,Inverclyde,2010-11,10.93,37452,3427,10.79,1731251,160403,10.14875,44484,4364.375,3
CORP06b,Inverclyde,2011-12,10.92,35464,3248,10.38,1542024,148549,9.81,40368.5,4090.875,3
CORP06b,Inverclyde,2012-13,10.68,35820,3353,10.9,1483040,136067,11.97875,45698.125,4107.625,3
CORP06b,Inverclyde,2013-14,11.89,31114,2617,10.34,1509872,146092,10.31125,42402.5,4140.875,3
CORP06b,Inverclyde,2014-15,11.11,30708,2763,10.8,1570110,145398,11.315,44641.375,4019.75,3
CORP06b,Inverclyde,2015-16,9.48,26848,2833,10.63,1529113,143794,11.13375,42906.5,3927.5,3
CORP06b,Inverclyde,2016-17,10.86,29538,2721,10.92,1564271,143295,11.92625,45133.875,3855.25,3
CORP06b,Inverclyde,2017-18,10.58,30241,2858,11.41,1641333,143890,12.0825,45979.25,3856.625,3
CORP06b,Inverclyde,2018-19,10.36,29428,2840,11.49,1714874,149272,12.45,46362.625,3772.875,3
CORP06b,Inverclyde,2019-20,10.48,29489,2815,11.9,1826070,153472,12.67625,48185.25,3783.875,3
CORP06b,Inverclyde,2020-21,7.962,23018,2891,9.5833,1459147,152259,10.108675,40175.625,3900.125,3
CORP06b,Inverclyde,2021-22,8.8,26803,3046,12.1651,1915168,157431,12.1278125,49944.875,4032.625,3
CORP06b,Inverclyde,2022-23,11.3196,34004,3004,13.2777,2127716,160248,14.0037375,56579.5,4040,3
CORP06b,Inverclyde,2023-24,13.1924,35184,2667,13.8878,2227627,160402,15.068125,59235.25,3987.375,3
CORP06b,Inverclyde,2024-25,14.3565,37212,2592,14.5245,2317794,159578,14.8046375,59751.5,3974,3
CORP06b,Midlothian,2010-11,9.63,26983,2801,10.79,1731251,160403,10.14875,44484,4364.375,3
CORP06b,Midlothian,2011-12,9.97,25867,2594,10.38,1542024,148549,9.81,40368.5,4090.875,3
CORP06b,Midlothian,2012-13,10.47,26275,2510,10.9,1483040,136067,11.97875,45698.125,4107.625,3
CORP06b,Midlothian,2013-14,10.04,25474,2536,10.34,1509872,146092,10.31125,42402.5,4140.875,3
CORP06b,Midlothian,2014-15,10.11,25434,2517,10.8,1570110,145398,11.315,44641.375,4019.75,3
CORP06b,Midlothian,2015-16,9.9,25387,2564,10.63,1529113,143794,11.13375,42906.5,3927.5,3
CORP06b,Midlothian,2016-17,9.64,26989,2800,10.92,1564271,143295,11.92625,45133.875,3855.25,3
CORP06b,Midlothian,2017-18,8.59,25337,2949,11.41,1641333,143890,12.0825,45979.25,3856.625,3
CORP06b,Midlothian,2018-19,9.86,29076,2949,11.49,1714874,149272,12.45,46362.625,3772.875,3
CORP06b,Midlothian,2019-20,11.19,32743,2927,11.9,1826070,153472,12.67625,48185.25,3783.875,3
CORP06b,Midlothian,2020-21,8.7598,24965,2850,9.5833,1459147,152259,10.108675,40175.625,3900.125,3
CORP06b,Midlothian,2021-22,11.2175,34707,3094,12.1651,1915168,157431,12.1278125,49944.875,4032.625,3
CORP06b,Midlothian,2022-23,13.2041,41593,3150,13.2777,2127716,160248,14.0037375,56579.5,4040,3
CORP06b,Midlothian,2023-24,13.7884,43264,3138,13.8878,2227627,160402,15.068125,59235.25,3987.375,3
CORP06b,Midlothian,2024-25,12.5642,39350,3132,14.5245,2317794,159578,14.8046375,59751.5,3974,3
CORP06b,Moray,2010-11,9.91,25120,2535,10.79,1731251,160403,10.69375,50697.5,4541.25,2
CORP06b,Moray,2011-12,9.89,25247,2553,10.38,1542024,148549,10.5075,47422.125,4380.25,2
CORP06b,Moray,2012-13,10.8,28206,2612,10.9,1483040,136067,10.77125,47847.5,4302.5,2
CORP06b,Moray,2013-14,10.24,25908,2530,10.34,1509872,146092,10.0625,43178.375,4251.375,2
CORP06b,Moray,2014-15,11.88,29612,2492,10.8,1570110,145398,10.0025,42687.375,4209.625,2
CORP06b,Moray,2015-16,11.89,29928,2518,10.63,1529113,143794,10.29125,43805.75,4173.125,2
CORP06b,Moray,2016-17,10.98,29100,2650,10.92,1564271,143295,10.18375,44063,4218.875,2
CORP06b,Moray,2017-18,11.54,31040,2690,11.41,1641333,143890,10.94625,48452.125,4239.625,2
CORP06b,Moray,2018-19,12.45,32672,2624,11.49,1714874,149272,10.7975,48514,4318.375,2
CORP06b,Moray,2019-20,12.69,32834,2588,11.9,1826070,153472,10.94,51419.75,4507.375,2
CORP06b,Moray,2020-21,8.6673,22795,2630,9.5833,1459147,152259,8.8249125,41786.75,4402.625,2
CORP06b,Moray,2021-22,11.0797,30447,2748,12.1651,1915168,157431,12.1320375,58611.75,4544.5,2
CORP06b,Moray,2022-23,12.8315,35710,2783,13.2777,2127716,160248,14.0496125,67812.875,4737.25,2
CORP06b,Moray,2023-24,13.9728,39082,2797,13.8878,2227627,160402,14.515,71299.125,4819.625,2
CORP06b,Moray,2024-25,15.6764,43408,2769,14.5245,2317794,159578,14.935025,72094.75,4770.125,2
CORP06b,North Ayrshire,2010-11,8.01,37443,4673,10.79,1731251,160403,10.69375,50697.5,4541.25,2
CORP06b,North Ayrshire,2011-12,9.77,42890,4392,10.38,1542024,148549,10.5075,47422.125,4380.25,2
CORP06b,North Ayrshire,2012-13,10.26,44644,4353,10.9,1483040,136067,10.77125,47847.5,4302.5,2
CORP06b,North Ayrshire,2013-14,10.09,45068,4466,10.34,1509872,146092,10.0625,43178.375,4251.375,2
CORP06b,North Ayrshire,2014-15,9.48,41038,4329,10.8,1570110,145398,10.0025,42687.375,4209.625,2
CORP06b,North Ayrshire,2015-16,9.87,42604,4315,10.63,1529113,143794,10.29125,43805.75,4173.125,2
CORP06b,North Ayrshire,2016-17,10.88,47074,4326,10.92,1564271,143295,10.18375,44063,4218.875,2
CORP06b,North Ayrshire,2017-18,10.81,45161,4178,11.41,1641333,143890,10.94625,48452.125,4239.625,2
CORP06b,North Ayrshire,2018-19,11,48873,4442,11.49,1714874,149272,10.7975,48514,4318.375,2
CORP06b,North Ayrshire,2019-20,8.94,46104,5158,11.9,1826070,153472,10.94,51419.75,4507.375,2
CORP06b,North Ayrshire,2020-21,9.2436,42468,4594,9.5833,1459147,152259,8.8249125,41786.75,4402.625,2
CORP06b,North Ayrshire,2021-22,12.8573,60828,4731,12.1651,1915168,157431,12.1320375,58611.75,4544.5,2
CORP06b,North Ayrshire,2022-23,14.319,68550,4787,13.2777,2127716,160248,14.0496125,67812.875,4737.25,2
CORP06b,North Ayrshire,2023-24,13.8346,70476,5094,13.8878,2227627,160402,14.515,71299.125,4819.625,2
CORP06b,North Ayrshire,2024-25,13.7128,69236,5049,14.5245,2317794,159578,14.935025,72094.75,4770.125,2
CORP06b,North Lanarkshire,2010-11,11.16,111519,9992,10.79,1731251,160403,11.52625,80418,7297.875,Urban
CORP06b,North Lanarkshire,2011-12,10.32,100017,9696,10.38,1542024,148549,11.555,72936.75,6792.375,Urban
CORP06b,North Lanarkshire,2012-13,11.3,105688,9356,10.9,1483040,136067,11.82375,73252.375,6607.875,Urban
CORP06b,North Lanarkshire,2013-14,9.91,87754,8859,10.34,1509872,146092,11.30875,69465.875,6527.25,Urban
CORP06b,North Lanarkshire,2014-15,10.12,89273,8821,10.8,1570110,145398,11.605,72849,6582,Urban
CORP06b,North Lanarkshire,2015-16,9.93,88561,8922,10.63,1529113,143794,11.09625,69647.375,6512.5,Urban
CORP06b,North Lanarkshire,2016-17,10.31,96957,9400,10.92,1564271,143295,11.30875,72498.75,6542,Urban
CORP06b,North Lanarkshire,2017-18,11.86,97915,8258,11.41,1641333,143890,11.6425,75196.375,6562.75,Urban
CORP06b,North Lanarkshire,2018-19,11.2,102565,9158,11.49,1714874,149272,11.86,82865.75,7278.5,Urban
CORP06b,North Lanarkshire,2019-20,12.21,128445,10518,11.9,1826070,153472,11.9975,92936.5,7605.875,Urban
CORP06b,North Lanarkshire,2020-21,8.0466,71329,8864,9.5833,1459147,152259,9.607025,72000.25,7406.875,Urban
CORP06b,North Lanarkshire,2021-22,10.5696,100961,9552,12.1651,1915168,157431,12.6159875,94290.25,7668.5,Urban
CORP06b,North Lanarkshire,2022-23,11.1934,111588,9969,13.2777,2127716,160248,13.562275,102348.25,7800.75,Urban
CORP06b,North Lanarkshire,2023-24,12.93,122730,9492,13.8878,2227627,160402,14.20835,103331,7712.875,Urban
CORP06b,North Lanarkshire,2024-25,13.29,125125,9415,14.5245,2317794,159578,14.738875,109770.125,7645.125,Urban
CORP06b,Orkney Islands,2010-11,9.56,14014,1466,10.79,1731251,160403,10.9175,40807.125,3846.875,Rural
CORP06b,Orkney Islands,2011-12,9.74,13873,1425,10.38,1542024,148549,10.7225,36851,3605.75,Rural
CORP06b,Orkney Islands,2012-13,9.2,12997,1413,10.9,1483040,136067,10.66,36196.25,3430.125,Rural
CORP06b,Orkney Islands,2013-14,8.95,12717,1421,10.34,1509872,146092,10.215,33687.125,3342.125,Rural
CORP06b,Orkney Islands,2014-15,8.8,12645,1437,10.8,1570110,145398,11.025,36086.125,3363.625,Rural
CORP06b,Orkney Islands,2015-16,9.27,13713,1479,10.63,1529113,143794,10.90375,34779.5,3361.125,Rural
CORP06b,Orkney Islands,2016-17,9.49,13882,1462,10.92,1564271,143295,10.51875,33838.375,3295.75,Rural
CORP06b,Orkney Islands,2017-18,8.98,13081,1457,11.41,1641333,143890,10.825,35538.75,3327.375,Rural
CORP06b,Orkney Islands,2018-19,10.17,14847,1460,11.49,1714874,149272,11.5175,36616.75,3289.25,Rural
CORP06b,Orkney Islands,2019-20,10.48,14039,1339,11.9,1826070,153472,11.39,35717.375,3287,Rural
CORP06b,Orkney Islands,2020-21,9.2397,12566,1360,9.5833,1459147,152259,9.15955,28431,3322.75,Rural
CORP06b,Orkney Islands,2021-22,12.6175,17349,1375,12.1651,1915168,157431,11.6794375,36549,3433.375,Rural
CORP06b,Orkney Islands,2022-23,13.8,19054,1380,13.2777,2127716,160248,12.2977125,39223.875,3452.875,Rural
CORP06b,Orkney Islands,2023-24,14.1314,19996,1415,13.8878,2227627,160402,13.2739125,44588,3530.375,Rural
CORP06b,Orkney Islands,2024-25,13.4706,19465,1445,14.5245,2317794,159578,13.8169,48107.75,3558.125,Rural
CORP06b,Perth & Kinross,2010-11,10.31,37241,3613,10.79,1731251,160403,10.69375,50697.5,4541.25,2
CORP06b,Perth & Kinross,2011-12,10.24,35255,3443,10.38,1542024,148549,10.5075,47422.125,4380.25,2
CORP06b,Perth & Kinross,2012-13,9.68,33644,3476,10.9,1483040,136067,10.77125,47847.5,4302.5,2
CORP06b,Perth & Kinross,2013-14,9.62,33402,3473,10.34,1509872,146092,10.0625,43178.375,4251.375,2
CORP06b,Perth & Kinross,2014-15,9.09,31816,3501,10.8,1570110,145398,10.0025,42687.375,4209.625,2
CORP06b,Perth & Kinross,2015-16,9.68,33690,3479,10.63,1529113,143794,10.29125,43805.75,4173.125,2
CORP06b,Perth & Kinross,2016-17,9.63,32746,3399,10.92,1564271,143295,10.18375,44063,4218.875,2
CORP06b,Perth & Kinross,2017-18,10.74,35143,3273,11.41,1641333,143890,10.94625,48452.125,4239.625,2
CORP06b,Perth & Kinross,2018-19,8.84,28717,3249,11.49,1714874,149272,10.7975,48514,4318.375,2
CORP06b,Perth & Kinross,2019-20,10.73,35768,3335,11.9,1826070,153472,10.94,51419.75,4507.375,2
CORP06b,Perth & Kinross,2020-21,8.3183,28590,3437,9.5833,1459147,152259,8.8249125,41786.75,4402.625,2
CORP06b,Perth & Kinross,2021-22,10.8842,38726,3558,12.1651,1915168,157431,12.1320375,58611.75,4544.5,2
CORP06b,Perth & Kinross,2022-23,13,46698,3600,13.2777,2127716,160248,14.0496125,67812.875,4737.25,2
CORP06b,Perth & Kinross,2023-24,13.0966,47593,3634,13.8878,2227627,160402,14.515,71299.125,4819.625,2
CORP06b,Perth & Kinross,2024-25,12.6247,45853,3632,14.5245,2317794,159578,14.935025,72094.75,4770.125,2
CORP06b,Renfrewshire,2010-11,10.54,58657,5565,10.79,1731251,160403,10.14875,44484,4364.375,3
CORP06b,Renfrewshire,2011-12,9.64,46234,4798,10.38,1542024,148549,9.81,40368.5,4090.875,3
CORP06b,Renfrewshire,2012-13,10.23,50934,4978,10.9,1483040,136067,11.97875,45698.125,4107.625,3
CORP06b,Renfrewshire,2013-14,9.81,50221,5122,10.34,1509872,146092,10.31125,42402.5,4140.875,3
CORP06b,Renfrewshire,2014-15,9.92,50085,5051,10.8,1570110,145398,11.315,44641.375,4019.75,3
CORP06b,Renfrewshire,2015-16,10.37,50451,4865,10.63,1529113,143794,11.13375,42906.5,3927.5,3
CORP06b,Renfrewshire,2016-17,11.68,53714,4597,10.92,1564271,143295,11.92625,45133.875,3855.25,3
CORP06b,Renfrewshire,2017-18,12.77,59995,4697,11.41,1641333,143890,12.0825,45979.25,3856.625,3
CORP06b,Renfrewshire,2018-19,13.24,64323,4860,11.49,1714874,149272,12.45,46362.625,3772.875,3
CORP06b,Renfrewshire,2019-20,14.14,65346,4622,11.9,1826070,153472,12.67625,48185.25,3783.875,3
CORP06b,Renfrewshire,2020-21,11.8921,62108,5223,9.5833,1459147,152259,10.108675,40175.625,3900.125,3
CORP06b,Renfrewshire,2021-22,13.1889,70046,5311,12.1651,1915168,157431,12.1278125,49944.875,4032.625,3
CORP06b,Renfrewshire,2022-23,15.2365,80536,5286,13.2777,2127716,160248,14.0037375,56579.5,4040,3
CORP06b,Renfrewshire,2023-24,14.6913,77623,5284,13.8878,2227627,160402,15.068125,59235.25,3987.375,3
CORP06b,Renfrewshire,2024-25,15.1314,79792,5273,14.5245,2317794,159578,14.8046375,59751.5,3974,3
CORP06b,Scottish Borders,2010-11,11.93,41864,3510,10.79,1731251,160403,10.9175,40807.125,3846.875,Rural
CORP06b,Scottish Borders,2011-12,10.36,34115,3293,10.38,1542024,148549,10.7225,36851,3605.75,Rural
CORP06b,Scottish Borders,2012-13,11.62,37440,3221,10.9,1483040,136067,10.66,36196.25,3430.125,Rural
CORP06b,Scottish Borders,2013-14,11.04,34712,3143,10.34,1509872,146092,10.215,33687.125,3342.125,Rural
CORP06b,Scottish Borders,2014-15,11.01,34296,3115,10.8,1570110,145398,11.025,36086.125,3363.625,Rural
CORP06b,Scottish Borders,2015-16,10.33,28037,2713,10.63,1529113,143794,10.90375,34779.5,3361.125,Rural
CORP06b,Scottish Borders,2016-17,10.12,25784,2547,10.92,1564271,143295,10.51875,33838.375,3295.75,Rural
CORP06b,Scottish Borders,2017-18,11.08,26388,2382,11.41,1641333,143890,10.825,35538.75,3327.375,Rural
CORP06b,Scottish Borders,2018-19,11.27,26848,2382,11.49,1714874,149272,11.5175,36616.75,3289.25,Rural
CORP06b,Scottish Borders,2019-20,12.41,32530,2622,11.9,1826070,153472,11.39,35717.375,3287,Rural
CORP06b,Scottish Borders,2020-21,10.6292,30931,2910,9.5833,1459147,152259,9.15955,28431,3322.75,Rural
CORP06b,Scottish Borders,2021-22,11.3166,33101,2925,12.1651,1915168,157431,11.6794375,36549,3433.375,Rural
CORP06b,Scottish Borders,2022-23,11.6596,34699,2976,13.2777,2127716,160248,12.2977125,39223.875,3452.875,Rural
CORP06b,Scottish Borders,2023-24,12.9173,39204,3035,13.8878,2227627,160402,13.2739125,44588,3530.375,Rural
CORP06b,Scottish Borders,2024-25,13.907,42639,3066,14.5245,2317794,159578,13.8169,48107.75,3558.125,Rural
CORP06b,Shetland Islands,2010-11,12.23,27470,2247,10.79,1731251,160403,10.9175,40807.125,3846.875,Rural
CORP06b,Shetland Islands,2011-12,12.97,28464,2195,10.38,1542024,148549,10.7225,36851,3605.75,Rural
CORP06b,Shetland Islands,2012-13,12.15,25443,2094,10.9,1483040,136067,10.66,36196.25,3430.125,Rural
CORP06b,Shetland Islands,2013-14,10.38,19978,1924,10.34,1509872,146092,10.215,33687.125,3342.125,Rural
CORP06b,Shetland Islands,2014-15,12.22,21737,1779,10.8,1570110,145398,11.025,36086.125,3363.625,Rural
CORP06b,Shetland Islands,2015-16,10.79,19161,1776,10.63,1529113,143794,10.90375,34779.5,3361.125,Rural
CORP06b,Shetland Islands,2016-17,9.01,16625,1846,10.92,1564271,143295,10.51875,33838.375,3295.75,Rural
CORP06b,Shetland Islands,2017-18,10.29,19096,1856,11.41,1641333,143890,10.825,35538.75,3327.375,Rural
CORP06b,Shetland Islands,2018-19,11.69,21943,1876,11.49,1714874,149272,11.5175,36616.75,3289.25,Rural
CORP06b,Shetland Islands,2019-20,11.13,21186,1904,11.9,1826070,153472,11.39,35717.375,3287,Rural
CORP06b,Shetland Islands,2020-21,8.5631,16809,1963,9.5833,1459147,152259,9.15955,28431,3322.75,Rural
CORP06b,Shetland Islands,2021-22,10.3851,20424,1967,12.1651,1915168,157431,11.6794375,36549,3433.375,Rural
CORP06b,Shetland Islands,2022-23,12.8103,24568,1918,13.2777,2127716,160248,12.2977125,39223.875,3452.875,Rural
CORP06b,Shetland Islands,2023-24,12.8569,24632,1916,13.8878,2227627,160402,13.2739125,44588,3530.375,Rural
CORP06b,Shetland Islands,2024-25,14.1531,27495,1943,14.5245,2317794,159578,13.8169,48107.75,3558.125,Rural
CORP06b,South Ayrshire,2010-11,11.71,37473,3199,10.79,1731251,160403,10.69375,50697.5,4541.25,2
CORP06b,South Ayrshire,2011-12,11.25,36937,3284,10.38,1542024,148549,10.5075,47422.125,4380.25,2
CORP06b,South Ayrshire,2012-13,11.63,37050,3185,10.9,1483040,136067,10.77125,47847.5,4302.5,2
CORP06b,South Ayrshire,2013-14,10.98,34177,3112,10.34,1509872,146092,10.0625,43178.375,4251.375,2
CORP06b,South Ayrshire,2014-15,9.31,28482,3060,10.8,1570110,145398,10.0025,42687.375,4209.625,2
CORP06b,South Ayrshire,2015-16,10.23,31906,3120,10.63,1529113,143794,10.29125,43805.75,4173.125,2
CORP06b,South Ayrshire,2016-17,10.23,31964,3126,10.92,1564271,143295,10.18375,44063,4218.875,2
CORP06b,South Ayrshire,2017-18,10.07,36827,3658,11.41,1641333,143890,10.94625,48452.125,4239.625,2
CORP06b,South Ayrshire,2018-19,9.34,34166,3659,11.49,1714874,149272,10.7975,48514,4318.375,2
CORP06b,South Ayrshire,2019-20,10.15,39877,3930,11.9,1826070,153472,10.94,51419.75,4507.375,2
CORP06b,South Ayrshire,2020-21,8.8194,30577,3467,9.5833,1459147,152259,8.8249125,41786.75,4402.625,2
CORP06b,South Ayrshire,2021-22,10.7654,38368,3564,12.1651,1915168,157431,12.1320375,58611.75,4544.5,2
CORP06b,South Ayrshire,2022-23,10.2127,44742,4381,13.2777,2127716,160248,14.0496125,67812.875,4737.25,2
CORP06b,South Ayrshire,2023-24,10.2568,48248,4704,13.8878,2227627,160402,14.515,71299.125,4819.625,2
CORP06b,South Ayrshire,2024-25,11.2591,50497,4485,14.5245,2317794,159578,14.935025,72094.75,4770.125,2
CORP06b,South Lanarkshire,2010-11,9.86,96227,9764,10.79,1731251,160403,10.14875,44484,4364.375,3
CORP06b,South Lanarkshire,2011-12,9.76,90170,9234,10.38,1542024,148549,9.81,40368.5,4090.875,3
CORP06b,South Lanarkshire,2012-13,10.4,96596,9284,10.9,1483040,136067,11.97875,45698.125,4107.625,3
CORP06b,South Lanarkshire,2013-14,10.03,93419,9314,10.34,1509872,146092,10.31125,42402.5,4140.875,3
CORP06b,South Lanarkshire,2014-15,11.07,101902,9208,10.8,1570110,145398,11.315,44641.375,4019.75,3
CORP06b,South Lanarkshire,2015-16,10.29,93763,9115,10.63,1529113,143794,11.13375,42906.5,3927.5,3
CORP06b,South Lanarkshire,2016-17,11.64,103485,8894,10.92,1564271,143295,11.92625,45133.875,3855.25,3
CORP06b,South Lanarkshire,2017-18,11.5,99322,8639,11.41,1641333,143890,12.0825,45979.25,3856.625,3
CORP06b,South Lanarkshire,2018-19,11.98,102525,8555,11.49,1714874,149272,12.45,46362.625,3772.875,3
CORP06b,South Lanarkshire,2019-20,12.76,111667,8753,11.9,1826070,153472,12.67625,48185.25,3783.875,3
CORP06b,South Lanarkshire,2020-21,10.1144,88885,8788,9.5833,1459147,152259,10.108675,40175.625,3900.125,3
CORP06b,South Lanarkshire,2021-22,12.9845,115952,8930,12.1651,1915168,157431,12.1278125,49944.875,4032.625,3
CORP06b,South Lanarkshire,2022-23,13.9,124534,8935,13.2777,2127716,160248,14.0037375,56579.5,4040,3
CORP06b,South Lanarkshire,2023-24,14.4323,129501,8973,13.8878,2227627,160402,15.068125,59235.25,3987.375,3
CORP06b,South Lanarkshire,2024-25,15.5078,141602,9131,14.5245,2317794,159578,14.8046375,59751.5,3974,3
CORP06b,Stirling,2010-11,10.46,28631,2738,10.79,1731251,160403,10.69375,50697.5,4541.25,2
CORP06b,Stirling,2011-12,9.4,24341,2590,10.38,1542024,148549,10.5075,47422.125,4380.25,2
CORP06b,Stirling,2012-13,9.91,26412,2665,10.9,1483040,136067,10.77125,47847.5,4302.5,2
CORP06b,Stirling,2013-14,10.45,27087,2591,10.34,1509872,146092,10.0625,43178.375,4251.375,2
CORP06b,Stirling,2014-15,9.13,23878,2614,10.8,1570110,145398,10.0025,42687.375,4209.625,2
CORP06b,Stirling,2015-16,9.24,24056,2603,10.63,1529113,143794,10.29125,43805.75,4173.125,2
CORP06b,Stirling,2016-17,8.89,21845,2458,10.92,1564271,143295,10.18375,44063,4218.875,2
CORP06b,Stirling,2017-18,10.5,25347,2415,11.41,1641333,143890,10.94625,48452.125,4239.625,2
CORP06b,Stirling,2018-19,10.91,28511,2614,11.49,1714874,149272,10.7975,48514,4318.375,2
CORP06b,Stirling,2019-20,11.95,31138,2606,11.9,1826070,153472,10.94,51419.75,4507.375,2
CORP06b,Stirling,2020-21,9.4892,25583,2696,9.5833,1459147,152259,8.8249125,41786.75,4402.625,2
CORP06b,Stirling,2021-22,13.3712,37105,2775,12.1651,1915168,157431,12.1320375,58611.75,4544.5,2
CORP06b,Stirling,2022-23,19.8132,55675,2810,13.2777,2127716,160248,14.0496125,67812.875,4737.25,2
CORP06b,Stirling,2023-24,18.8213,52286,2778,13.8878,2227627,160402,14.515,71299.125,4819.625,2
CORP06b,Stirling,2024-25,18.605,49295,2650,14.5245,2317794,159578,14.935025,72094.75,4770.125,2
CORP06b,West Dunbartonshire,2010-11,11.26,49941,4434,10.79,1731251,160403,11.52625,80418,7297.875,Urban
CORP06b,West Dunbartonshire,2011-12,12.22,47476,3885,10.38,1542024,148549,11.555,72936.75,6792.375,Urban
CORP06b,West Dunbartonshire,2012-13,13.45,47079,3499,10.9,1483040,136067,11.82375,73252.375,6607.875,Urban
CORP06b,West Dunbartonshire,2013-14,12.9,45796,3551,10.34,1509872,146092,11.30875,69465.875,6527.25,Urban
CORP06b,West Dunbartonshire,2014-15,14.46,51824,3585,10.8,1570110,145398,11.605,72849,6582,Urban
CORP06b,West Dunbartonshire,2015-16,13.06,46073,3527,10.63,1529113,143794,11.09625,69647.375,6512.5,Urban
CORP06b,West Dunbartonshire,2016-17,11.6,41944,3617,10.92,1564271,143295,11.30875,72498.75,6542,Urban
CORP06b,West Dunbartonshire,2017-18,11.83,44215,3737,11.41,1641333,143890,11.6425,75196.375,6562.75,Urban
CORP06b,West Dunbartonshire,2018-19,12.77,46705,3656,11.49,1714874,149272,11.86,82865.75,7278.5,Urban
CORP06b,West Dunbartonshire,2019-20,11.4,43949,3856,11.9,1826070,153472,11.9975,92936.5,7605.875,Urban
CORP06b,West Dunbartonshire,2020-21,8.3793,32872,3923,9.5833,1459147,152259,9.607025,72000.25,7406.875,Urban
CORP06b,West Dunbartonshire,2021-22,13.282,52743,3971,12.1651,1915168,157431,12.6159875,94290.25,7668.5,Urban
CORP06b,West Dunbartonshire,2022-23,15.3197,60099,3923,13.2777,2127716,160248,13.562275,102348.25,7800.75,Urban
CORP06b,West Dunbartonshire,2023-24,15.0613,57971,3849,13.8878,2227627,160402,14.20835,103331,7712.875,Urban
CORP06b,West Dunbartonshire,2024-25,15.8656,59512,3751,14.5245,2317794,159578,14.738875,109770.125,7645.125,Urban
CORP06b,West Lothian,2010-11,10.64,53127,4994,10.79,1731251,160403,10.14875,44484,4364.375,3
CORP06b,West Lothian,2011-12,9.28,42859,4617,10.38,1542024,148549,9.81,40368.5,4090.875,3
CORP06b,West Lothian,2012-13,10.89,49106,4509,10.9,1483040,136067,11.97875,45698.125,4107.625,3
CORP06b,West Lothian,2013-14,10.87,50520,4649,10.34,1509872,146092,10.31125,42402.5,4140.875,3
CORP06b,West Lothian,2014-15,12.16,57050,4692,10.8,1570110,145398,11.315,44641.375,4019.75,3
CORP06b,West Lothian,2015-16,13.12,61265,4668,10.63,1529113,143794,11.13375,42906.5,3927.5,3
CORP06b,West Lothian,2016-17,12.73,60777,4773,10.92,1564271,143295,11.92625,45133.875,3855.25,3
CORP06b,West Lothian,2017-18,13.78,65545,4757,11.41,1641333,143890,12.0825,45979.25,3856.625,3
CORP06b,West Lothian,2018-19,12.76,60321,4726,11.49,1714874,149272,12.45,46362.625,3772.875,3
CORP06b,West Lothian,2019-20,12.86,62107,4829,11.9,1826070,153472,12.67625,48185.25,3783.875,3
CORP06b,West Lothian,2020-21,11.1299,53223,4782,9.5833,1459147,152259,10.108675,40175.625,3900.125,3
CORP06b,West Lothian,2021-22,14.4866,70830,4889,12.1651,1915168,157431,12.1278125,49944.875,4032.625,3
CORP06b,West Lothian,2022-23,14.8454,73455,4948,13.2777,2127716,160248,14.0037375,56579.5,4040,3
CORP06b,West Lothian,2023-24,16.9928,83146,4893,13.8878,2227627,160402,15.068125,59235.25,3987.375,3
CORP06b,West Lothian,2024-25,17.5589,83826,4774,14.5245,2317794,159578,14.8046375,59751.5,3974,3
CORP07,Aberdeen City,2010-11,0.9334,135577236.5138,145252868.9213,0.9474,2697852615.3214,2847707660.9751,0.959975,100908872.48645,106033026.429675,Least Deprived
CORP07,Aberdeen City,2011-12,0.9369,134336786.6542,143380618.7916,0.9508,2671014112.7918,2809125855.8307,0.962625,100044521.797713,104753814.1244,Least Deprived
CORP07,Aberdeen City,2012-13,0.9419,135014798.686,143345788.8593,0.9516,2655318913.565,2790252552.8186,0.9638375,99763937.7627625,104411351.022675,Least Deprived
CORP07,Aberdeen City,2013-14,0.9367,134222366.4243,143296740.5782,0.9523,2643451530.3616,2775820916.0334,0.9643125,99545352.00775,104106269.992687,Least Deprived
CORP07,Aberdeen City,2014-15,0.945,135956835.0455,143873352.5674,0.9546,2662477908.1878,2789118183.1883,0.9672875,100449599.899613,104575455.4073,Least Deprived
CORP07,Aberdeen City,2015-16,0.9455,135877884.7632,143704516.3273,0.9566,2694597248.3746,2816907869.3279,0.9683875,101334698.1765,105227512.912862,Least Deprived
CORP07,Aberdeen City,2016-17,0.9515,132378725.6677,139121664.7495,0.9583,2686792304.5883,2803783822.8397,0.969,100526378.873712,104209740.844175,Least Deprived
CORP07,Aberdeen City,2017-18,0.9496,138614562.8895,145970234.8532,0.96,2941269494.444,3063803966.875,0.9693,116312796.024588,120466648.920825,Least Deprived
CORP07,Aberdeen City,2018-19,0.9459,140152678.6403,148171470.169,0.9601,2949319511.6429,3071776926.4922,0.9692125,112087945.83395,115975895.684,Least Deprived
CORP07,Aberdeen City,2019-20,0.9358,144228389.6681,154126529.8627,0.9576,3014041812.654,3147402082.0059,0.966325,114319207.37985,118642626.927312,Least Deprived
CORP07,Aberdeen City,2020-21,0.9186,143313334.7792,156012650.51,0.9477,3036932402.9246,3204509140.9418,0.9576625,115282299.7474,120822300.959825,Least Deprived
CORP07,Aberdeen City,2021-22,0.9279,143051382.5383,154160960.8412,0.9573,3038890856.819,3174287681.3904,0.9608875,114886796.995775,119415686.338537,Least Deprived
CORP07,Aberdeen City,2022-23,0.9423,140513589.2118,149111417.9823,0.9624,2975296517.4328,3091497216.8631,0.9729375,112754585.143675,116393952.579813,Least Deprived
CORP07,Aberdeen City,2023-24,0.928,140870802.928,151795054.1981,0.9549,2978989842.7203,3119843079.1023,0.9651,112551647.874725,117241544.025762,Least Deprived
CORP07,Aberdeen City,2024-25,0.9317,138229341,148361990,0.9547,2934867303,3074211414,0.9630875,110932539.125,115506685.75,Least Deprived
CORP07,Aberdeenshire,2010-11,0.9581,152605068.8136,159275462.7619,0.9474,2697852615.3214,2847707660.9751,0.959975,100908872.48645,106033026.429675,Least Deprived
CORP07,Aberdeenshire,2011-12,0.962,152108627.964,158115052.2746,0.9508,2671014112.7918,2809125855.8307,0.962625,100044521.797713,104753814.1244,Least Deprived
CORP07,Aberdeenshire,2012-13,0.9625,152139104.5841,158066860.862,0.9516,2655318913.565,2790252552.8186,0.9638375,99763937.7627625,104411351.022675,Least Deprived
CORP07,Aberdeenshire,2013-14,0.9619,151733251.1791,157740257.4894,0.9523,2643451530.3616,2775820916.0334,0.9643125,99545352.00775,104106269.992687,Least Deprived
CORP07,Aberdeenshire,2014-15,0.9637,153048470.9188,158806303.3725,0.9546,2662477908.1878,2789118183.1883,0.9672875,100449599.899613,104575455.4073,Least Deprived
CORP07,Aberdeenshire,2015-16,0.9609,153882544.7523,160143565.6201,0.9566,2694597248.3746,2816907869.3279,0.9683875,101334698.1765,105227512.912862,Least Deprived
CORP07,Aberdeenshire,2016-17,0.961,152643963.0754,158843474.1368,0.9583,2686792304.5883,2803783822.8397,0.969,100526378.873712,104209740.844175,Least Deprived
CORP07,Aberdeenshire,2017-18,0.9608,214479313.6952,223231485.5664,0.96,2941269494.444,3063803966.875,0.9693,116312796.024588,120466648.920825,Least Deprived
CORP07,Aberdeenshire,2018-19,0.9641,169159495.2496,175461057.7951,0.9601,2949319511.6429,3071776926.4922,0.9692125,112087945.83395,115975895.684,Least Deprived
CORP07,Aberdeenshire,2019-20,0.9634,171531951.6557,178054423.7389,0.9576,3014041812.654,3147402082.0059,0.966325,114319207.37985,118642626.927312,Least Deprived
CORP07,Aberdeenshire,2020-21,0.9547,173840138.7027,182087546.6144,0.9477,3036932402.9246,3204509140.9418,0.9576625,115282299.7474,120822300.959825,Least Deprived
CORP07,Aberdeenshire,2021-22,0.9655,173283481.8169,179479480.0643,0.9573,3038890856.819,3174287681.3904,0.9608875,114886796.995775,119415686.338537,Least Deprived
CORP07,Aberdeenshire,2022-23,0.9692,168802686.3632,174160566.0925,0.9624,2975296517.4328,3091497216.8631,0.9729375,112754585.143675,116393952.579813,Least Deprived
CORP07,Aberdeenshire,2023-24,0.9624,167234762.2657,173771923.1842,0.9549,2978989842.7203,3119843079.1023,0.9651,112551647.874725,117241544.025762,Least Deprived
CORP07,Aberdeenshire,2024-25,0.9615,164475000,171054000,0.9547,2934867303,3074211414,0.9630875,110932539.125,115506685.75,Least Deprived
CORP07,Angus,2010-11,0.9745,56935719.9516,58425652.6724,0.9474,2697852615.3214,2847707660.9751,0.9601,64203287.390075,66901502.9630125,2
CORP07,Angus,2011-12,0.9793,56430158.1205,57622022.928,0.9508,2671014112.7918,2809125855.8307,0.962475,63601826.138275,66134840.370125,2
CORP07,Angus,2012-13,0.9772,56356121.3317,57670730.2803,0.9516,2655318913.565,2790252552.8186,0.9622375,63246500.235425,65754009.283475,2
CORP07,Angus,2013-14,0.9762,55948528.0471,57312568.2344,0.9523,2643451530.3616,2775820916.0334,0.9608875,62844158.041825,65417389.439775,2
CORP07,Angus,2014-15,0.9759,56126917.9116,57512980.3021,0.9546,2662477908.1878,2789118183.1883,0.9592,63100135.945975,65784405.168175,2
CORP07,Angus,2015-16,0.9782,56631990.4849,57894081.8004,0.9566,2694597248.3746,2816907869.3279,0.9629875,63930553.6994625,66429959.173325,2
CORP07,Angus,2016-17,0.9789,55899674.565,57104574.1701,0.9583,2686792304.5883,2803783822.8397,0.965125,63846099.6271375,66175468.7954375,2
CORP07,Angus,2017-18,0.9783,59627332.1336,60949946.3743,0.96,2941269494.444,3063803966.875,0.96625,69243762.541225,71699863.898225,2
CORP07,Angus,2018-19,0.9756,60496487.9726,62006659.7602,0.9601,2949319511.6429,3071776926.4922,0.9668375,70686887.8617625,73149126.135725,2
CORP07,Angus,2019-20,0.974,61310831.8781,62947465.5207,0.9576,3014041812.654,3147402082.0059,0.966725,72667314.854425,75209647.8866125,2
CORP07,Angus,2020-21,0.9689,61274348.1414,63240927.0137,0.9477,3036932402.9246,3204509140.9418,0.9591,73576827.5792375,76735523.2209,2
CORP07,Angus,2021-22,0.9719,60738041.1859,62496508.2518,0.9573,3038890856.819,3174287681.3904,0.9658625,73616100.037975,76215049.90215,2
CORP07,Angus,2022-23,0.9752,59097355.5567,60599747.3893,0.9624,2975296517.4328,3091497216.8631,0.9676125,71962979.859375,74366960.0230375,2
CORP07,Angus,2023-24,0.9688,59310776.4641,61223435.2656,0.9549,2978989842.7203,3119843079.1023,0.9619375,72543481.4788875,75439233.257575,2
CORP07,Angus,2024-25,0.9678,57800683,59724693,0.9547,2934867303,3074211414,0.9607625,72526397.625,75532936.375,2
CORP07,Argyll & Bute,2010-11,0.9615,57104913.9324,59393195.6483,0.9474,2697852615.3214,2847707660.9751,0.9601,64203287.390075,66901502.9630125,2
CORP07,Argyll & Bute,2011-12,0.9612,56168752.5953,58433188.1616,0.9508,2671014112.7918,2809125855.8307,0.962475,63601826.138275,66134840.370125,2
CORP07,Argyll & Bute,2012-13,0.9628,55635783.482,57785361.2395,0.9516,2655318913.565,2790252552.8186,0.9622375,63246500.235425,65754009.283475,2
CORP07,Argyll & Bute,2013-14,0.963,55062579.1519,57180998.6244,0.9523,2643451530.3616,2775820916.0334,0.9608875,62844158.041825,65417389.439775,2
CORP07,Argyll & Bute,2014-15,0.9551,55415225.6818,58022459.1792,0.9546,2662477908.1878,2789118183.1883,0.9592,63100135.945975,65784405.168175,2
CORP07,Argyll & Bute,2015-16,0.9597,55882673.0457,58230286.5887,0.9566,2694597248.3746,2816907869.3279,0.9629875,63930553.6994625,66429959.173325,2
CORP07,Argyll & Bute,2016-17,0.9579,55481328.0998,57918561.3256,0.9583,2686792304.5883,2803783822.8397,0.965125,63846099.6271375,66175468.7954375,2
CORP07,Argyll & Bute,2017-18,0.958,60241276.6139,62882314.6616,0.96,2941269494.444,3063803966.875,0.96625,69243762.541225,71699863.898225,2
CORP07,Argyll & Bute,2018-19,0.9611,61058879.1111,63527241.7714,0.9601,2949319511.6429,3071776926.4922,0.9668375,70686887.8617625,73149126.135725,2
CORP07,Argyll & Bute,2019-20,0.964,62895707.4495,65241858.499,0.9576,3014041812.654,3147402082.0059,0.966725,72667314.854425,75209647.8866125,2
CORP07,Argyll & Bute,2020-21,0.9612,63443944.5635,66004444.8344,0.9477,3036932402.9246,3204509140.9418,0.9591,73576827.5792375,76735523.2209,2
CORP07,Argyll & Bute,2021-22,0.9628,63196210.8953,65638256.7548,0.9573,3038890856.819,3174287681.3904,0.9658625,73616100.037975,76215049.90215,2
CORP07,Argyll & Bute,2022-23,0.9665,61998788.2546,64146770.7531,0.9624,2975296517.4328,3091497216.8631,0.9676125,71962979.859375,74366960.0230375,2
CORP07,Argyll & Bute,2023-24,0.9634,61817893.8188,64164938.8748,0.9549,2978989842.7203,3119843079.1023,0.9619375,72543481.4788875,75439233.257575,2
CORP07,Argyll & Bute,2024-25,0.9554,64253366,67252800,0.9547,2934867303,3074211414,0.9607625,72526397.625,75532936.375,2
CORP07,Clackmannanshire,2010-11,0.933,24620800.1135,26388514.472,0.9474,2697852615.3214,2847707660.9751,0.9474875,90722030.00785,95811245.5707,3
CORP07,Clackmannanshire,2011-12,0.9517,24539381.3217,25785140.6106,0.9508,2671014112.7918,2809125855.8307,0.9528375,89964008.164675,94385950.0624375,3
CORP07,Clackmannanshire,2012-13,0.9532,24479993.9819,25682666.1874,0.9516,2655318913.565,2790252552.8186,0.954175,89320343.9096,93561666.5900375,3
CORP07,Clackmannanshire,2013-14,0.9473,24042185.2483,25378957.5964,0.9523,2643451530.3616,2775820916.0334,0.953425,88608747.2433375,92836476.8930875,3
CORP07,Clackmannanshire,2014-15,0.9444,24090727.5482,25509953.8975,0.9546,2662477908.1878,2789118183.1883,0.953675,88995376.6252375,93197548.430575,3
CORP07,Clackmannanshire,2015-16,0.9577,24624573.5248,25711548.4074,0.9566,2694597248.3746,2816907869.3279,0.9565375,90121378.71935,94178879.5378875,3
CORP07,Clackmannanshire,2016-17,0.9585,24405467.9373,25461315.9419,0.9583,2686792304.5883,2803783822.8397,0.9581625,89889389.5931625,93794344.7803125,3
CORP07,Clackmannanshire,2017-18,0.9614,26429745.2232,27491403.7242,0.96,2941269494.444,3063803966.875,0.961625,96081927.2502375,99969180.1291375,3
CORP07,Clackmannanshire,2018-19,0.9591,26840288.4505,27985544.5888,0.9601,2949319511.6429,3071776926.4922,0.96095,98013136.1083125,102027275.765938,3
CORP07,Clackmannanshire,2019-20,0.9574,27418295.3777,28637662.6914,0.9576,3014041812.654,3147402082.0059,0.958525,100450355.792075,104846888.637212,3
CORP07,Clackmannanshire,2020-21,0.9482,27094731.1241,28575864.0379,0.9477,3036932402.9246,3204509140.9418,0.9512125,101292747.705712,106634441.420288,3
CORP07,Clackmannanshire,2021-22,0.962,27201798.1598,28275246.9695,0.9573,3038890856.819,3174287681.3904,0.95955,101267013.72865,105618853.990063,3
CORP07,Clackmannanshire,2022-23,0.9692,26468154.0205,27310285.4261,0.9624,2975296517.4328,3091497216.8631,0.96475,99071970.0892625,102774732.131925,3
CORP07,Clackmannanshire,2023-24,0.9588,26186787.1368,27310667.5806,0.9549,2978989842.7203,3119843079.1023,0.95845,99506839.3127625,103885943.963338,3
CORP07,Clackmannanshire,2024-25,0.9642,25458489,26404268,0.9547,2934867303,3074211414,0.960725,97741908.25,101872191.5,3
CORP07,Dumfries & Galloway,2010-11,0.9553,74688423.8592,78185507.1709,0.9474,2697852615.3214,2847707660.9751,0.9474875,90722030.00785,95811245.5707,3
CORP07,Dumfries & Galloway,2011-12,0.9571,73684283.3273,76985328.819,0.9508,2671014112.7918,2809125855.8307,0.9528375,89964008.164675,94385950.0624375,3
CORP07,Dumfries & Galloway,2012-13,0.9578,72934323.2558,76145971.0741,0.9516,2655318913.565,2790252552.8186,0.954175,89320343.9096,93561666.5900375,3
CORP07,Dumfries & Galloway,2013-14,0.9604,72597580.6804,75588063.3434,0.9523,2643451530.3616,2775820916.0334,0.953425,88608747.2433375,92836476.8930875,3
CORP07,Dumfries & Galloway,2014-15,0.9596,72534590.3656,75587683.6499,0.9546,2662477908.1878,2789118183.1883,0.953675,88995376.6252375,93197548.430575,3
CORP07,Dumfries & Galloway,2015-16,0.9606,73155009.1209,76152171.9666,0.9566,2694597248.3746,2816907869.3279,0.9565375,90121378.71935,94178879.5378875,3
CORP07,Dumfries & Galloway,2016-17,0.9591,72512401.6424,75606527.5663,0.9583,2686792304.5883,2803783822.8397,0.9581625,89889389.5931625,93794344.7803125,3
CORP07,Dumfries & Galloway,2017-18,0.9621,77802911.1807,80866872.5443,0.96,2941269494.444,3063803966.875,0.961625,96081927.2502375,99969180.1291375,3
CORP07,Dumfries & Galloway,2018-19,0.9606,78542972.2137,81761851.2742,0.9601,2949319511.6429,3071776926.4922,0.96095,98013136.1083125,102027275.765938,3
CORP07,Dumfries & Galloway,2019-20,0.9592,80574504.9783,84003380.456,0.9576,3014041812.654,3147402082.0059,0.958525,100450355.792075,104846888.637212,3
CORP07,Dumfries & Galloway,2020-21,0.9586,81915005.4469,85449294.0104,0.9477,3036932402.9246,3204509140.9418,0.9512125,101292747.705712,106634441.420288,3
CORP07,Dumfries & Galloway,2021-22,0.9609,80986471.1553,84284095.2242,0.9573,3038890856.819,3174287681.3904,0.95955,101267013.72865,105618853.990063,3
CORP07,Dumfries & Galloway,2022-23,0.9701,78948484.4449,81383761.9564,0.9624,2975296517.4328,3091497216.8631,0.96475,99071970.0892625,102774732.131925,3
CORP07,Dumfries & Galloway,2023-24,0.9662,79215211.9652,81986363.6317,0.9549,2978989842.7203,3119843079.1023,0.95845,99506839.3127625,103885943.963338,3
CORP07,Dumfries & Galloway,2024-25,0.9751,78951081,80969046,0.9547,2934867303,3074211414,0.960725,97741908.25,101872191.5,3
CORP07,Dundee City,2010-11,0.9293,62234902.6999,66969641.8336,0.9474,2697852615.3214,2847707660.9751,0.9376875,81397387.2117375,87217682.8394625,Most Deprived
CORP07,Dundee City,2011-12,0.933,61747198.4875,66183508.8102,0.9508,2671014112.7918,2809125855.8307,0.93895,80266407.9983,85866127.421875,Most Deprived
CORP07,Dundee City,2012-13,0.9311,61189047.8857,65719532.6496,0.9516,2655318913.565,2790252552.8186,0.939075,79584082.287825,85054542.3802625,Most Deprived
CORP07,Dundee City,2013-14,0.9266,60569832.4709,65370107.592,0.9523,2643451530.3616,2775820916.0334,0.940975,79433184.0023,84617478.1786375,Most Deprived
CORP07,Dundee City,2014-15,0.9329,60955950.9424,65339875.0683,0.9546,2662477908.1878,2789118183.1883,0.9448,80264626.05265,85082363.7243125,Most Deprived
CORP07,Dundee City,2015-16,0.9359,61811295.1616,66048265.0327,0.9566,2694597248.3746,2816907869.3279,0.945275,81438025.618575,86277132.041925,Most Deprived
CORP07,Dundee City,2016-17,0.9341,61375859.1144,65708017.7024,0.9583,2686792304.5883,2803783822.8397,0.947125,81587169.9795375,86293423.2712375,Most Deprived
CORP07,Dundee City,2017-18,0.9391,64370372.7662,68542104.2214,0.96,2941269494.444,3063803966.875,0.94835,86020200.9894375,90839803.0729,Most Deprived
CORP07,Dundee City,2018-19,0.9406,65189755.7329,69305778.4962,0.9601,2949319511.6429,3071776926.4922,0.9488625,87876969.1513375,92819818.383975,Most Deprived
CORP07,Dundee City,2019-20,0.9422,65950659.8852,69996476.5864,0.9576,3014041812.654,3147402082.0059,0.9458125,89318348.7094875,94726096.7996,Most Deprived
CORP07,Dundee City,2020-21,0.9368,66623487.7583,71120908.1616,0.9477,3036932402.9246,3204509140.9418,0.934475,89464675.333225,96371377.0167125,Most Deprived
CORP07,Dundee City,2021-22,0.9469,66561625.2373,70296726.7416,0.9573,3038890856.819,3174287681.3904,0.9468375,90091446.3399875,95536369.9430375,Most Deprived
CORP07,Dundee City,2022-23,0.9512,64759121.3863,68080245.9297,0.9624,2975296517.4328,3091497216.8631,0.952125,88122529.586775,92901507.373075,Most Deprived
CORP07,Dundee City,2023-24,0.9396,64396543.5176,68538187.5348,0.9549,2978989842.7203,3119843079.1023,0.94195,87771761.6736125,93413663.6410875,Most Deprived
CORP07,Dundee City,2024-25,0.9271,62811252,67748344,0.9547,2934867303,3074211414,0.9345875,85657567.875,91364613.125,Most Deprived
CORP07,East Ayrshire,2010-11,0.9415,53551078.9576,56878237.307,0.9474,2697852615.3214,2847707660.9751,0.9376875,81397387.2117375,87217682.8394625,Most Deprived
CORP07,East Ayrshire,2011-12,0.9433,53440598.8654,56650692.105,0.9508,2671014112.7918,2809125855.8307,0.93895,80266407.9983,85866127.421875,Most Deprived
CORP07,East Ayrshire,2012-13,0.9383,53021599.7013,56507374.9641,0.9516,2655318913.565,2790252552.8186,0.939075,79584082.287825,85054542.3802625,Most Deprived
CORP07,East Ayrshire,2013-14,0.9366,52556110.5288,56112536.3007,0.9523,2643451530.3616,2775820916.0334,0.940975,79433184.0023,84617478.1786375,Most Deprived
CORP07,East Ayrshire,2014-15,0.94,52758389.5598,56128251.4674,0.9546,2662477908.1878,2789118183.1883,0.9448,80264626.05265,85082363.7243125,Most Deprived
CORP07,East Ayrshire,2015-16,0.9395,53351767.0406,56789356.9963,0.9566,2694597248.3746,2816907869.3279,0.945275,81438025.618575,86277132.041925,Most Deprived
CORP07,East Ayrshire,2016-17,0.9405,53403625.9017,56780455.8187,0.9583,2686792304.5883,2803783822.8397,0.947125,81587169.9795375,86293423.2712375,Most Deprived
CORP07,East Ayrshire,2017-18,0.9412,57006846.4883,60567786.315,0.96,2941269494.444,3063803966.875,0.94835,86020200.9894375,90839803.0729,Most Deprived
CORP07,East Ayrshire,2018-19,0.9395,58320600.7319,62073617.8626,0.9601,2949319511.6429,3071776926.4922,0.9488625,87876969.1513375,92819818.383975,Most Deprived
CORP07,East Ayrshire,2019-20,0.9395,59876924.5368,63734708.7669,0.9576,3014041812.654,3147402082.0059,0.9458125,89318348.7094875,94726096.7996,Most Deprived
CORP07,East Ayrshire,2020-21,0.9242,59995566.599,64914892.7507,0.9477,3036932402.9246,3204509140.9418,0.934475,89464675.333225,96371377.0167125,Most Deprived
CORP07,East Ayrshire,2021-22,0.9453,60844825.471,64364459.7634,0.9573,3038890856.819,3174287681.3904,0.9468375,90091446.3399875,95536369.9430375,Most Deprived
CORP07,East Ayrshire,2022-23,0.9527,59593487.7963,62554055.8538,0.9624,2975296517.4328,3091497216.8631,0.952125,88122529.586775,92901507.373075,Most Deprived
CORP07,East Ayrshire,2023-24,0.9469,59656587.5066,62999298.9973,0.9549,2978989842.7203,3119843079.1023,0.94195,87771761.6736125,93413663.6410875,Most Deprived
CORP07,East Ayrshire,2024-25,0.9494,58132692,61232383,0.9547,2934867303,3074211414,0.9345875,85657567.875,91364613.125,Most Deprived
CORP07,East Dunbartonshire,2010-11,0.9659,67873980.2447,70272650.2927,0.9474,2697852615.3214,2847707660.9751,0.959975,100908872.48645,106033026.429675,Least Deprived
CORP07,East Dunbartonshire,2011-12,0.9656,66806100.048,69187502.5687,0.9508,2671014112.7918,2809125855.8307,0.962625,100044521.797713,104753814.1244,Least Deprived
CORP07,East Dunbartonshire,2012-13,0.9658,66123158.0003,68465291.4184,0.9516,2655318913.565,2790252552.8186,0.9638375,99763937.7627625,104411351.022675,Least Deprived
CORP07,East Dunbartonshire,2013-14,0.9619,65234830.1236,67822231.5931,0.9523,2643451530.3616,2775820916.0334,0.9643125,99545352.00775,104106269.992687,Least Deprived
CORP07,East Dunbartonshire,2014-15,0.9658,65690843.8138,68016606.8742,0.9546,2662477908.1878,2789118183.1883,0.9672875,100449599.899613,104575455.4073,Least Deprived
CORP07,East Dunbartonshire,2015-16,0.9671,66365200.425,68622391.2012,0.9566,2694597248.3746,2816907869.3279,0.9683875,101334698.1765,105227512.912862,Least Deprived
CORP07,East Dunbartonshire,2016-17,0.9684,66062774.6349,68220526.775,0.9583,2686792304.5883,2803783822.8397,0.969,100526378.873712,104209740.844175,Least Deprived
CORP07,East Dunbartonshire,2017-18,0.9699,74011542.7757,76306095.7292,0.96,2941269494.444,3063803966.875,0.9693,116312796.024588,120466648.920825,Least Deprived
CORP07,East Dunbartonshire,2018-19,0.9679,75093681.8924,77584145.0904,0.9601,2949319511.6429,3071776926.4922,0.9692125,112087945.83395,115975895.684,Least Deprived
CORP07,East Dunbartonshire,2019-20,0.9702,77007907.0381,79374683.4289,0.9576,3014041812.654,3147402082.0059,0.966325,114319207.37985,118642626.927312,Least Deprived
CORP07,East Dunbartonshire,2020-21,0.9669,77530441.6563,80182154.3457,0.9477,3036932402.9246,3204509140.9418,0.9576625,115282299.7474,120822300.959825,Least Deprived
CORP07,East Dunbartonshire,2021-22,0.9745,76984466.1896,78997851.3217,0.9573,3038890856.819,3174287681.3904,0.9608875,114886796.995775,119415686.338537,Least Deprived
CORP07,East Dunbartonshire,2022-23,0.9773,74599865.2888,76330864.3566,0.9624,2975296517.4328,3091497216.8631,0.9729375,112754585.143675,116393952.579813,Least Deprived
CORP07,East Dunbartonshire,2023-24,0.9688,72547393.8982,74883265.428,0.9549,2978989842.7203,3119843079.1023,0.9651,112551647.874725,117241544.025762,Least Deprived
CORP07,East Dunbartonshire,2024-25,0.9696,72114143,74378701,0.9547,2934867303,3074211414,0.9630875,110932539.125,115506685.75,Least Deprived
CORP07,East Lothian,2010-11,0.9534,56409578.3178,59166961.9542,0.9474,2697852615.3214,2847707660.9751,0.9601,64203287.390075,66901502.9630125,2
CORP07,East Lothian,2011-12,0.9582,55946004.8951,58386153.0808,0.9508,2671014112.7918,2809125855.8307,0.962475,63601826.138275,66134840.370125,2
CORP07,East Lothian,2012-13,0.9645,55989890.4203,58051945.1572,0.9516,2655318913.565,2790252552.8186,0.9622375,63246500.235425,65754009.283475,2
CORP07,East Lothian,2013-14,0.964,55624066.5531,57701144.1548,0.9523,2643451530.3616,2775820916.0334,0.9608875,62844158.041825,65417389.439775,2
CORP07,East Lothian,2014-15,0.9663,55726678.9212,57668172.0193,0.9546,2662477908.1878,2789118183.1883,0.9592,63100135.945975,65784405.168175,2
CORP07,East Lothian,2015-16,0.9678,56421351.4904,58297031.2114,0.9566,2694597248.3746,2816907869.3279,0.9629875,63930553.6994625,66429959.173325,2
CORP07,East Lothian,2016-17,0.9759,56940866.2022,58348022.8905,0.9583,2686792304.5883,2803783822.8397,0.965125,63846099.6271375,66175468.7954375,2
CORP07,East Lothian,2017-18,0.9703,62781067.6227,64704826.0498,0.96,2941269494.444,3063803966.875,0.96625,69243762.541225,71699863.898225,2
CORP07,East Lothian,2018-19,0.9688,64580681.7621,66663118.5893,0.9601,2949319511.6429,3071776926.4922,0.9668375,70686887.8617625,73149126.135725,2
CORP07,East Lothian,2019-20,0.9675,67665448.2401,69935715.879,0.9576,3014041812.654,3147402082.0059,0.966725,72667314.854425,75209647.8866125,2
CORP07,East Lothian,2020-21,0.9547,69352084.6303,72643855.4695,0.9477,3036932402.9246,3204509140.9418,0.9591,73576827.5792375,76735523.2209,2
CORP07,East Lothian,2021-22,0.9766,71411875.6828,73121065.8098,0.9573,3038890856.819,3174287681.3904,0.9658625,73616100.037975,76215049.90215,2
CORP07,East Lothian,2022-23,0.9756,70064055.4827,71818441.3351,0.9624,2975296517.4328,3091497216.8631,0.9676125,71962979.859375,74366960.0230375,2
CORP07,East Lothian,2023-24,0.968,72431849.7863,74826488.3603,0.9549,2978989842.7203,3119843079.1023,0.9619375,72543481.4788875,75439233.257575,2
CORP07,East Lothian,2024-25,0.9679,72471096,74872264,0.9547,2934867303,3074211414,0.9607625,72526397.625,75532936.375,2
CORP07,East Renfrewshire,2010-11,0.9677,56861730.1535,58759693.8273,0.9474,2697852615.3214,2847707660.9751,0.959975,100908872.48645,106033026.429675,Least Deprived
CORP07,East Renfrewshire,2011-12,0.9724,56227528.0222,57826075.9268,0.9508,2671014112.7918,2809125855.8307,0.962625,100044521.797713,104753814.1244,Least Deprived
CORP07,East Renfrewshire,2012-13,0.9762,55863556.1982,57226769.6988,0.9516,2655318913.565,2790252552.8186,0.9638375,99763937.7627625,104411351.022675,Least Deprived
CORP07,East Renfrewshire,2013-14,0.9785,55348264.3893,56563602.6682,0.9523,2643451530.3616,2775820916.0334,0.9643125,99545352.00775,104106269.992687,Least Deprived
CORP07,East Renfrewshire,2014-15,0.9798,55375921.4454,56515398.4654,0.9546,2662477908.1878,2789118183.1883,0.9672875,100449599.899613,104575455.4073,Least Deprived
CORP07,East Renfrewshire,2015-16,0.9764,55578796.8488,56919374.3026,0.9566,2694597248.3746,2816907869.3279,0.9683875,101334698.1765,105227512.912862,Least Deprived
CORP07,East Renfrewshire,2016-17,0.9776,55404774.8812,56676934.989,0.9583,2686792304.5883,2803783822.8397,0.969,100526378.873712,104209740.844175,Least Deprived
CORP07,East Renfrewshire,2017-18,0.9776,62316299.4808,63743092.3823,0.96,2941269494.444,3063803966.875,0.9693,116312796.024588,120466648.920825,Least Deprived
CORP07,East Renfrewshire,2018-19,0.9764,63322746.0222,64855819.0367,0.9601,2949319511.6429,3071776926.4922,0.9692125,112087945.83395,115975895.684,Least Deprived
CORP07,East Renfrewshire,2019-20,0.9747,64089480.4105,65750219.6742,0.9576,3014041812.654,3147402082.0059,0.966325,114319207.37985,118642626.927312,Least Deprived
CORP07,East Renfrewshire,2020-21,0.9642,65068233.8016,67483515.5961,0.9477,3036932402.9246,3204509140.9418,0.9576625,115282299.7474,120822300.959825,Least Deprived
CORP07,East Renfrewshire,2021-22,0.9676,64539319.41,66699912.9546,0.9573,3038890856.819,3174287681.3904,0.9608875,114886796.995775,119415686.338537,Least Deprived
CORP07,East Renfrewshire,2022-23,0.9755,63765930.0856,65366902.3202,0.9624,2975296517.4328,3091497216.8631,0.9729375,112754585.143675,116393952.579813,Least Deprived
CORP07,East Renfrewshire,2023-24,0.9755,65090631.5557,66727963.2658,0.9549,2978989842.7203,3119843079.1023,0.9651,112551647.874725,117241544.025762,Least Deprived
CORP07,East Renfrewshire,2024-25,0.9769,63364755,64861717,0.9547,2934867303,3074211414,0.9630875,110932539.125,115506685.75,Least Deprived
CORP07,Edinburgh City,2010-11,0.9428,280473406.7499,297492474.5097,0.9474,2697852615.3214,2847707660.9751,0.959975,100908872.48645,106033026.429675,Least Deprived
CORP07,Edinburgh City,2011-12,0.946,278193041.1096,294060738.2926,0.9508,2671014112.7918,2809125855.8307,0.962625,100044521.797713,104753814.1244,Least Deprived
CORP07,Edinburgh City,2012-13,0.9449,277496022.7574,293674786.9285,0.9516,2655318913.565,2790252552.8186,0.9638375,99763937.7627625,104411351.022675,Least Deprived
CORP07,Edinburgh City,2013-14,0.9469,278324543.3753,293933437.3226,0.9523,2643451530.3616,2775820916.0334,0.9643125,99545352.00775,104106269.992687,Least Deprived
CORP07,Edinburgh City,2014-15,0.9536,281865461.5772,295566282.1648,0.9546,2662477908.1878,2789118183.1883,0.9672875,100449599.899613,104575455.4073,Least Deprived
CORP07,Edinburgh City,2015-16,0.9612,286156600.7604,297704442.8259,0.9566,2694597248.3746,2816907869.3279,0.9683875,101334698.1765,105227512.912862,Least Deprived
CORP07,Edinburgh City,2016-17,0.9642,286259652.3453,296891439.1198,0.9583,2686792304.5883,2803783822.8397,0.969,100526378.873712,104209740.844175,Least Deprived
CORP07,Edinburgh City,2017-18,0.9678,320344786.4095,331004947.2735,0.96,2941269494.444,3063803966.875,0.9693,116312796.024588,120466648.920825,Least Deprived
CORP07,Edinburgh City,2018-19,0.9703,326142913.5218,336134887.6569,0.9601,2949319511.6429,3071776926.4922,0.9692125,112087945.83395,115975895.684,Least Deprived
CORP07,Edinburgh City,2019-20,0.9695,332352664.2504,342797260.1423,0.9576,3014041812.654,3147402082.0059,0.966325,114319207.37985,118642626.927312,Least Deprived
CORP07,Edinburgh City,2020-21,0.9605,334989411.9368,348778067.2945,0.9477,3036932402.9246,3204509140.9418,0.9576625,115282299.7474,120822300.959825,Least Deprived
CORP07,Edinburgh City,2021-22,0.9677,334984001.1684,346181089.5283,0.9573,3038890856.819,3174287681.3904,0.9608875,114886796.995775,119415686.338537,Least Deprived
CORP07,Edinburgh City,2022-23,0.9713,330606099.7736,340377376.8223,0.9624,2975296517.4328,3091497216.8631,0.9729375,112754585.143675,116393952.579813,Least Deprived
CORP07,Edinburgh City,2023-24,0.9624,331442981.833,344380667.2591,0.9549,2978989842.7203,3119843079.1023,0.9651,112551647.874725,117241544.025762,Least Deprived
CORP07,Edinburgh City,2024-25,0.9631,326630984,339129241,0.9547,2934867303,3074211414,0.9630875,110932539.125,115506685.75,Least Deprived
CORP07,Eilean Siar,2010-11,0.946,11790260.432,12462646.1239,0.9474,2697852615.3214,2847707660.9751,0.9376875,81397387.2117375,87217682.8394625,Most Deprived
CORP07,Eilean Siar,2011-12,0.946,11849105.9395,12524941.1495,0.9508,2671014112.7918,2809125855.8307,0.93895,80266407.9983,85866127.421875,Most Deprived
CORP07,Eilean Siar,2012-13,0.9517,11892799.7281,12496777.8066,0.9516,2655318913.565,2790252552.8186,0.939075,79584082.287825,85054542.3802625,Most Deprived
CORP07,Eilean Siar,2013-14,0.952,11928604.9609,12530215.5662,0.9523,2643451530.3616,2775820916.0334,0.940975,79433184.0023,84617478.1786375,Most Deprived
CORP07,Eilean Siar,2014-15,0.9562,11960437.3955,12507765.8432,0.9546,2662477908.1878,2789118183.1883,0.9448,80264626.05265,85082363.7243125,Most Deprived
CORP07,Eilean Siar,2015-16,0.9588,12121028.7524,12642196.4893,0.9566,2694597248.3746,2816907869.3279,0.945275,81438025.618575,86277132.041925,Most Deprived
CORP07,Eilean Siar,2016-17,0.9613,12034893.8668,12518797.6722,0.9583,2686792304.5883,2803783822.8397,0.947125,81587169.9795375,86293423.2712375,Most Deprived
CORP07,Eilean Siar,2017-18,0.9575,12529655.8255,13085203.3311,0.96,2941269494.444,3063803966.875,0.94835,86020200.9894375,90839803.0729,Most Deprived
CORP07,Eilean Siar,2018-19,0.9647,12862768.4617,13333456.0298,0.9601,2949319511.6429,3071776926.4922,0.9488625,87876969.1513375,92819818.383975,Most Deprived
CORP07,Eilean Siar,2019-20,0.9619,13331351.2334,13859717.8558,0.9576,3014041812.654,3147402082.0059,0.9458125,89318348.7094875,94726096.7996,Most Deprived
CORP07,Eilean Siar,2020-21,0.9537,13553496.1313,14211050.501,0.9477,3036932402.9246,3204509140.9418,0.934475,89464675.333225,96371377.0167125,Most Deprived
CORP07,Eilean Siar,2021-22,0.9615,13571224.8751,14115103.2569,0.9573,3038890856.819,3174287681.3904,0.9468375,90091446.3399875,95536369.9430375,Most Deprived
CORP07,Eilean Siar,2022-23,0.9642,13373401.7951,13870269.1494,0.9624,2975296517.4328,3091497216.8631,0.952125,88122529.586775,92901507.373075,Most Deprived
CORP07,Eilean Siar,2023-24,0.956,13005458.6953,13603967.7165,0.9549,2978989842.7203,3119843079.1023,0.94195,87771761.6736125,93413663.6410875,Most Deprived
CORP07,Eilean Siar,2024-25,0.8951,13275940,14831454,0.9547,2934867303,3074211414,0.9345875,85657567.875,91364613.125,Most Deprived
CORP07,Falkirk,2010-11,0.9611,72026185.0584,74941544.6434,0.9474,2697852615.3214,2847707660.9751,0.9474875,90722030.00785,95811245.5707,3
CORP07,Falkirk,2011-12,0.9609,70963081.1181,73853602.8152,0.9508,2671014112.7918,2809125855.8307,0.9528375,89964008.164675,94385950.0624375,3
CORP07,Falkirk,2012-13,0.9556,70084748.0058,73344735.691,0.9516,2655318913.565,2790252552.8186,0.954175,89320343.9096,93561666.5900375,3
CORP07,Falkirk,2013-14,0.9562,69465972.8591,72651064.184,0.9523,2643451530.3616,2775820916.0334,0.953425,88608747.2433375,92836476.8930875,3
CORP07,Falkirk,2014-15,0.9565,69787626.8627,72961430.4977,0.9546,2662477908.1878,2789118183.1883,0.953675,88995376.6252375,93197548.430575,3
CORP07,Falkirk,2015-16,0.9609,71014927.4675,73903421.8246,0.9566,2694597248.3746,2816907869.3279,0.9565375,90121378.71935,94178879.5378875,3
CORP07,Falkirk,2016-17,0.9639,71155784.3325,73820991.0833,0.9583,2686792304.5883,2803783822.8397,0.9581625,89889389.5931625,93794344.7803125,3
CORP07,Falkirk,2017-18,0.9662,77291501.0136,79998789.0565,0.96,2941269494.444,3063803966.875,0.961625,96081927.2502375,99969180.1291375,3
CORP07,Falkirk,2018-19,0.9664,78989243.1907,81737239.8867,0.9601,2949319511.6429,3071776926.4922,0.96095,98013136.1083125,102027275.765938,3
CORP07,Falkirk,2019-20,0.9642,79905427.3387,82874454.8198,0.9576,3014041812.654,3147402082.0059,0.958525,100450355.792075,104846888.637212,3
CORP07,Falkirk,2020-21,0.9589,80974984.5941,84441792.2924,0.9477,3036932402.9246,3204509140.9418,0.9512125,101292747.705712,106634441.420288,3
CORP07,Falkirk,2021-22,0.9649,80087919.3808,83003031.9848,0.9573,3038890856.819,3174287681.3904,0.95955,101267013.72865,105618853.990063,3
CORP07,Falkirk,2022-23,0.9697,78594023.7371,81051071.7834,0.9624,2975296517.4328,3091497216.8631,0.96475,99071970.0892625,102774732.131925,3
CORP07,Falkirk,2023-24,0.9669,79791925.6108,82524868.4842,0.9549,2978989842.7203,3119843079.1023,0.95845,99506839.3127625,103885943.963338,3
CORP07,Falkirk,2024-25,0.9652,77123983,79905021,0.9547,2934867303,3074211414,0.960725,97741908.25,101872191.5,3
CORP07,Fife,2010-11,0.9378,176767856.2123,188492061.9756,0.9474,2697852615.3214,2847707660.9751,0.9474875,90722030.00785,95811245.5707,3
CORP07,Fife,2011-12,0.9521,176875161.7416,185765210.0833,0.9508,2671014112.7918,2809125855.8307,0.9528375,89964008.164675,94385950.0624375,3
CORP07,Fife,2012-13,0.9545,175713559.1237,184089639.1088,0.9516,2655318913.565,2790252552.8186,0.954175,89320343.9096,93561666.5900375,3
CORP07,Fife,2013-14,0.9547,174250384.8421,182515979.1366,0.9523,2643451530.3616,2775820916.0334,0.953425,88608747.2433375,92836476.8930875,3
CORP07,Fife,2014-15,0.9538,175719732.5891,184227214.4966,0.9546,2662477908.1878,2789118183.1883,0.953675,88995376.6252375,93197548.430575,3
CORP07,Fife,2015-16,0.9569,177456185.8116,185446642.6562,0.9566,2694597248.3746,2816907869.3279,0.9565375,90121378.71935,94178879.5378875,3
CORP07,Fife,2016-17,0.9577,176081171.4089,183861578.7529,0.9583,2686792304.5883,2803783822.8397,0.9581625,89889389.5931625,93794344.7803125,3
CORP07,Fife,2017-18,0.9579,189368161.7593,197691842.0443,0.96,2941269494.444,3063803966.875,0.961625,96081927.2502375,99969180.1291375,3
CORP07,Fife,2018-19,0.957,193029249.8188,201699308.9787,0.9601,2949319511.6429,3071776926.4922,0.96095,98013136.1083125,102027275.765938,3
CORP07,Fife,2019-20,0.9533,195735301.5483,205323217.4349,0.9576,3014041812.654,3147402082.0059,0.958525,100450355.792075,104846888.637212,3
CORP07,Fife,2020-21,0.9362,196420347.245,209796400.5451,0.9477,3036932402.9246,3204509140.9418,0.9512125,101292747.705712,106634441.420288,3
CORP07,Fife,2021-22,0.9531,197016845.9179,206716473.7841,0.9573,3038890856.819,3174287681.3904,0.95955,101267013.72865,105618853.990063,3
CORP07,Fife,2022-23,0.9582,192060950.7944,200429551.7415,0.9624,2975296517.4328,3091497216.8631,0.96475,99071970.0892625,102774732.131925,3
CORP07,Fife,2023-24,0.9519,191574912.4006,201248366.4875,0.9549,2978989842.7203,3119843079.1023,0.95845,99506839.3127625,103885943.963338,3
CORP07,Fife,2024-25,0.9525,189456822,198900958,0.9547,2934867303,3074211414,0.960725,97741908.25,101872191.5,3
CORP07,Glasgow City,2010-11,0.9227,248102260.6868,268885686.0804,0.9474,2697852615.3214,2847707660.9751,0.9376875,81397387.2117375,87217682.8394625,Most Deprived
CORP07,Glasgow City,2011-12,0.9258,244536453.3214,264141383.0196,0.9508,2671014112.7918,2809125855.8307,0.93895,80266407.9983,85866127.421875,Most Deprived
CORP07,Glasgow City,2012-13,0.9314,242858655.3437,260733838.1854,0.9516,2655318913.565,2790252552.8186,0.939075,79584082.287825,85054542.3802625,Most Deprived
CORP07,Glasgow City,2013-14,0.9392,243989569.6864,259797742.2595,0.9523,2643451530.3616,2775820916.0334,0.940975,79433184.0023,84617478.1786375,Most Deprived
CORP07,Glasgow City,2014-15,0.9461,247160465.3854,261249221.5317,0.9546,2662477908.1878,2789118183.1883,0.9448,80264626.05265,85082363.7243125,Most Deprived
CORP07,Glasgow City,2015-16,0.9475,252225451.5325,266204129.4427,0.9566,2694597248.3746,2816907869.3279,0.945275,81438025.618575,86277132.041925,Most Deprived
CORP07,Glasgow City,2016-17,0.9492,253922430.1245,267524805.905,0.9583,2686792304.5883,2803783822.8397,0.947125,81587169.9795375,86293423.2712375,Most Deprived
CORP07,Glasgow City,2017-18,0.9498,270491903.109,284794272.8582,0.96,2941269494.444,3063803966.875,0.94835,86020200.9894375,90839803.0729,Most Deprived
CORP07,Glasgow City,2018-19,0.9503,278217197.9928,292771827.633,0.9601,2949319511.6429,3071776926.4922,0.9488625,87876969.1513375,92819818.383975,Most Deprived
CORP07,Glasgow City,2019-20,0.9436,281724043.6317,298551066.0822,0.9576,3014041812.654,3147402082.0059,0.9458125,89318348.7094875,94726096.7996,Most Deprived
CORP07,Glasgow City,2020-21,0.9213,280131627.5722,304073901.9529,0.9477,3036932402.9246,3204509140.9418,0.934475,89464675.333225,96371377.0167125,Most Deprived
CORP07,Glasgow City,2021-22,0.9392,283466450.1241,301801597.1959,0.9573,3038890856.819,3174287681.3904,0.9468375,90091446.3399875,95536369.9430375,Most Deprived
CORP07,Glasgow City,2022-23,0.9448,278390745.3217,294650932.1706,0.9624,2975296517.4328,3091497216.8631,0.952125,88122529.586775,92901507.373075,Most Deprived
CORP07,Glasgow City,2023-24,0.9379,279036689.6083,297498997.7529,0.9549,2978989842.7203,3119843079.1023,0.94195,87771761.6736125,93413663.6410875,Most Deprived
CORP07,Glasgow City,2024-25,0.9337,272031238,291337161,0.9547,2934867303,3074211414,0.9345875,85657567.875,91364613.125,Most Deprived
CORP07,Highland,2010-11,0.954,133705135.1085,140150142.1433,0.9474,2697852615.3214,2847707660.9751,0.9601,64203287.390075,66901502.9630125,2
CORP07,Highland,2011-12,0.955,132661915.1617,138911971.4966,0.9508,2671014112.7918,2809125855.8307,0.962475,63601826.138275,66134840.370125,2
CORP07,Highland,2012-13,0.9559,132479991.1957,138590859.4466,0.9516,2655318913.565,2790252552.8186,0.9622375,63246500.235425,65754009.283475,2
CORP07,Highland,2013-14,0.9549,131825040.1218,138051062.5464,0.9523,2643451530.3616,2775820916.0334,0.9608875,62844158.041825,65417389.439775,2
CORP07,Highland,2014-15,0.9548,132268891.1436,138524414.4331,0.9546,2662477908.1878,2789118183.1883,0.9592,63100135.945975,65784405.168175,2
CORP07,Highland,2015-16,0.9563,134057583.6747,140184076.9226,0.9566,2694597248.3746,2816907869.3279,0.9629875,63930553.6994625,66429959.173325,2
CORP07,Highland,2016-17,0.9606,133845237.5649,139339424.5407,0.9583,2686792304.5883,2803783822.8397,0.965125,63846099.6271375,66175468.7954375,2
CORP07,Highland,2017-18,0.9619,144508883.4868,150226298.9504,0.96,2941269494.444,3063803966.875,0.96625,69243762.541225,71699863.898225,2
CORP07,Highland,2018-19,0.9628,147565897.4738,153269562.8086,0.9601,2949319511.6429,3071776926.4922,0.9668375,70686887.8617625,73149126.135725,2
CORP07,Highland,2019-20,0.9629,150199372.9581,155987440.6756,0.9576,3014041812.654,3147402082.0059,0.966725,72667314.854425,75209647.8866125,2
CORP07,Highland,2020-21,0.9572,151915806.1448,158706051.5598,0.9477,3036932402.9246,3204509140.9418,0.9591,73576827.5792375,76735523.2209,2
CORP07,Highland,2021-22,0.9648,151632071.2721,157159270.9216,0.9573,3038890856.819,3174287681.3904,0.9658625,73616100.037975,76215049.90215,2
CORP07,Highland,2022-23,0.9671,148349714.0936,153392732.1475,0.9624,2975296517.4328,3091497216.8631,0.9676125,71962979.859375,74366960.0230375,2
CORP07,Highland,2023-24,0.9589,147872899.7141,154210021.8493,0.9549,2978989842.7203,3119843079.1023,0.9619375,72543481.4788875,75439233.257575,2
CORP07,Highland,2024-25,0.9565,149782410,156596467,0.9547,2934867303,3074211414,0.9607625,72526397.625,75532936.375,2
CORP07,Inverclyde,2010-11,0.9403,36412079.5771,38722972.5035,0.9474,2697852615.3214,2847707660.9751,0.9376875,81397387.2117375,87217682.8394625,Most Deprived
CORP07,Inverclyde,2011-12,0.9423,35739534.0993,37926832.5867,0.9508,2671014112.7918,2809125855.8307,0.93895,80266407.9983,85866127.421875,Most Deprived
CORP07,Inverclyde,2012-13,0.9418,35469304.8811,37660085.758,0.9516,2655318913.565,2790252552.8186,0.939075,79584082.287825,85054542.3802625,Most Deprived
CORP07,Inverclyde,2013-14,0.9451,35140482.3901,37182558.4633,0.9523,2643451530.3616,2775820916.0334,0.940975,79433184.0023,84617478.1786375,Most Deprived
CORP07,Inverclyde,2014-15,0.948,35293183.121,37227620.888,0.9546,2662477908.1878,2789118183.1883,0.9448,80264626.05265,85082363.7243125,Most Deprived
CORP07,Inverclyde,2015-16,0.9512,35758904.6954,37593359.482,0.9566,2694597248.3746,2816907869.3279,0.945275,81438025.618575,86277132.041925,Most Deprived
CORP07,Inverclyde,2016-17,0.9532,35837693.8657,37598356.3173,0.9583,2686792304.5883,2803783822.8397,0.947125,81587169.9795375,86293423.2712375,Most Deprived
CORP07,Inverclyde,2017-18,0.9552,37023315.8376,38759080.4592,0.96,2941269494.444,3063803966.875,0.94835,86020200.9894375,90839803.0729,Most Deprived
CORP07,Inverclyde,2018-19,0.9567,37450356.6419,39144144.2809,0.9601,2949319511.6429,3071776926.4922,0.9488625,87876969.1513375,92819818.383975,Most Deprived
CORP07,Inverclyde,2019-20,0.9535,38491079.3181,40367610.7213,0.9576,3014041812.654,3147402082.0059,0.9458125,89318348.7094875,94726096.7996,Most Deprived
CORP07,Inverclyde,2020-21,0.9439,38153183.5798,40419051.7749,0.9477,3036932402.9246,3204509140.9418,0.934475,89464675.333225,96371377.0167125,Most Deprived
CORP07,Inverclyde,2021-22,0.957,38073754.9292,39771430.4075,0.9573,3038890856.819,3174287681.3904,0.9468375,90091446.3399875,95536369.9430375,Most Deprived
CORP07,Inverclyde,2022-23,0.9589,36460555.3942,38023747.0552,0.9624,2975296517.4328,3091497216.8631,0.952125,88122529.586775,92901507.373075,Most Deprived
CORP07,Inverclyde,2023-24,0.9469,35963247.1356,37979907.3557,0.9549,2978989842.7203,3119843079.1023,0.94195,87771761.6736125,93413663.6410875,Most Deprived
CORP07,Inverclyde,2024-25,0.9479,34964877,36888081,0.9547,2934867303,3074211414,0.9345875,85657567.875,91364613.125,Most Deprived
CORP07,Midlothian,2010-11,0.9296,43698216.1158,47007173.7507,0.9474,2697852615.3214,2847707660.9751,0.9601,64203287.390075,66901502.9630125,2
CORP07,Midlothian,2011-12,0.936,43585539.1361,46567394.3206,0.9508,2671014112.7918,2809125855.8307,0.962475,63601826.138275,66134840.370125,2
CORP07,Midlothian,2012-13,0.9391,43613147.3293,46443885.3551,0.9516,2655318913.565,2790252552.8186,0.9622375,63246500.235425,65754009.283475,2
CORP07,Midlothian,2013-14,0.9348,43649558.9327,46694178.7851,0.9523,2643451530.3616,2775820916.0334,0.9608875,62844158.041825,65417389.439775,2
CORP07,Midlothian,2014-15,0.9382,44563102.3541,47500693.0184,0.9546,2662477908.1878,2789118183.1883,0.9592,63100135.945975,65784405.168175,2
CORP07,Midlothian,2015-16,0.944,45842159.0704,48560374.7235,0.9566,2694597248.3746,2816907869.3279,0.9629875,63930553.6994625,66429959.173325,2
CORP07,Midlothian,2016-17,0.9455,46350909.0957,49024874.0315,0.9583,2686792304.5883,2803783822.8397,0.965125,63846099.6271375,66175468.7954375,2
CORP07,Midlothian,2017-18,0.9508,51287856.5394,53943911.0629,0.96,2941269494.444,3063803966.875,0.96625,69243762.541225,71699863.898225,2
CORP07,Midlothian,2018-19,0.9515,53066841.7304,55773752.8287,0.9601,2949319511.6429,3071776926.4922,0.9668375,70686887.8617625,73149126.135725,2
CORP07,Midlothian,2019-20,0.9514,55778139.5538,58624969.0361,0.9576,3014041812.654,3147402082.0059,0.966725,72667314.854425,75209647.8866125,2
CORP07,Midlothian,2020-21,0.9417,57080080.8951,60616227.556,0.9477,3036932402.9246,3204509140.9418,0.9591,73576827.5792375,76735523.2209,2
CORP07,Midlothian,2021-22,0.9418,57536218.4898,61090450.1241,0.9573,3038890856.819,3174287681.3904,0.9658625,73616100.037975,76215049.90215,2
CORP07,Midlothian,2022-23,0.9452,56625627.433,59911531.668,0.9624,2975296517.4328,3091497216.8631,0.9676125,71962979.859375,74366960.0230375,2
CORP07,Midlothian,2023-24,0.9376,57833756.5965,61682012.3339,0.9549,2978989842.7203,3119843079.1023,0.9619375,72543481.4788875,75439233.257575,2
CORP07,Midlothian,2024-25,0.9399,57006000,60649000,0.9547,2934867303,3074211414,0.9607625,72526397.625,75532936.375,2
CORP07,Moray,2010-11,0.9695,47458467.226,48951279.0004,0.9474,2697852615.3214,2847707660.9751,0.9601,64203287.390075,66901502.9630125,2
CORP07,Moray,2011-12,0.9728,47119406.0099,48437999.6627,0.9508,2671014112.7918,2809125855.8307,0.962475,63601826.138275,66134840.370125,2
CORP07,Moray,2012-13,0.9556,46106356.0656,48248455.7711,0.9516,2655318913.565,2790252552.8186,0.9622375,63246500.235425,65754009.283475,2
CORP07,Moray,2013-14,0.951,45654961.7341,48008085.7789,0.9523,2643451530.3616,2775820916.0334,0.9608875,62844158.041825,65417389.439775,2
CORP07,Moray,2014-15,0.9441,45766875.3347,48477254.1938,0.9546,2662477908.1878,2789118183.1883,0.9592,63100135.945975,65784405.168175,2
CORP07,Moray,2015-16,0.956,46782216.6688,48936326.3997,0.9566,2694597248.3746,2816907869.3279,0.9629875,63930553.6994625,66429959.173325,2
CORP07,Moray,2016-17,0.9589,46402580.422,48392360.1376,0.9583,2686792304.5883,2803783822.8397,0.965125,63846099.6271375,66175468.7954375,2
CORP07,Moray,2017-18,0.9667,49623053.7253,51330442.6801,0.96,2941269494.444,3063803966.875,0.96625,69243762.541225,71699863.898225,2
CORP07,Moray,2018-19,0.9694,50954833.7969,52560793.555,0.9601,2949319511.6429,3071776926.4922,0.9668375,70686887.8617625,73149126.135725,2
CORP07,Moray,2019-20,0.9696,52868538.0976,54523718.0332,0.9576,3014041812.654,3147402082.0059,0.966725,72667314.854425,75209647.8866125,2
CORP07,Moray,2020-21,0.9583,53442221.4045,55769495.6386,0.9477,3036932402.9246,3204509140.9418,0.9591,73576827.5792375,76735523.2209,2
CORP07,Moray,2021-22,0.9672,53275679.2756,55082973.5651,0.9573,3038890856.819,3174287681.3904,0.9658625,73616100.037975,76215049.90215,2
CORP07,Moray,2022-23,0.9671,51963133.7592,53731398.5747,0.9624,2975296517.4328,3091497216.8631,0.9676125,71962979.859375,74366960.0230375,2
CORP07,Moray,2023-24,0.9618,52232537.9304,54305781.3017,0.9549,2978989842.7203,3119843079.1023,0.9619375,72543481.4788875,75439233.257575,2
CORP07,Moray,2024-25,0.9616,51776666,53842480,0.9547,2934867303,3074211414,0.9607625,72526397.625,75532936.375,2
CORP07,North Ayrshire,2010-11,0.9357,63701315.1876,68080046.088,0.9474,2697852615.3214,2847707660.9751,0.9376875,81397387.2117375,87217682.8394625,Most Deprived
CORP07,North Ayrshire,2011-12,0.9356,62319299.4341,66611563.7591,0.9508,2671014112.7918,2809125855.8307,0.93895,80266407.9983,85866127.421875,Most Deprived
CORP07,North Ayrshire,2012-13,0.9346,61490953.3402,65792564.8548,0.9516,2655318913.565,2790252552.8186,0.939075,79584082.287825,85054542.3802625,Most Deprived
CORP07,North Ayrshire,2013-14,0.9475,61716911.7647,65131882.1237,0.9523,2643451530.3616,2775820916.0334,0.940975,79433184.0023,84617478.1786375,Most Deprived
CORP07,North Ayrshire,2014-15,0.9463,61675252.9181,65172705.5708,0.9546,2662477908.1878,2789118183.1883,0.9448,80264626.05265,85082363.7243125,Most Deprived
CORP07,North Ayrshire,2015-16,0.9468,62047916.2351,65534785.5429,0.9566,2694597248.3746,2816907869.3279,0.945275,81438025.618575,86277132.041925,Most Deprived
CORP07,North Ayrshire,2016-17,0.9468,61786800.7536,65258512.5366,0.9583,2686792304.5883,2803783822.8397,0.947125,81587169.9795375,86293423.2712375,Most Deprived
CORP07,North Ayrshire,2017-18,0.9483,66080424.2442,69684602.2581,0.96,2941269494.444,3063803966.875,0.94835,86020200.9894375,90839803.0729,Most Deprived
CORP07,North Ayrshire,2018-19,0.9428,66680256.8783,70726588.0651,0.9601,2949319511.6429,3071776926.4922,0.9488625,87876969.1513375,92819818.383975,Most Deprived
CORP07,North Ayrshire,2019-20,0.9335,67903450.5792,72744539.5715,0.9576,3014041812.654,3147402082.0059,0.9458125,89318348.7094875,94726096.7996,Most Deprived
CORP07,North Ayrshire,2020-21,0.9209,68238436.0957,74096695.609,0.9477,3036932402.9246,3204509140.9418,0.934475,89464675.333225,96371377.0167125,Most Deprived
CORP07,North Ayrshire,2021-22,0.9334,68451540.2366,73332678.2532,0.9573,3038890856.819,3174287681.3904,0.9468375,90091446.3399875,95536369.9430375,Most Deprived
CORP07,North Ayrshire,2022-23,0.9474,66933593.0762,70647889.7072,0.9624,2975296517.4328,3091497216.8631,0.952125,88122529.586775,92901507.373075,Most Deprived
CORP07,North Ayrshire,2023-24,0.9358,66250886.3639,70799147.1826,0.9549,2978989842.7203,3119843079.1023,0.94195,87771761.6736125,93413663.6410875,Most Deprived
CORP07,North Ayrshire,2024-25,0.9403,64614593,68715280,0.9547,2934867303,3074211414,0.9345875,85657567.875,91364613.125,Most Deprived
CORP07,North Lanarkshire,2010-11,0.9453,135311571.7983,143140294.8823,0.9474,2697852615.3214,2847707660.9751,0.9376875,81397387.2117375,87217682.8394625,Most Deprived
CORP07,North Lanarkshire,2011-12,0.9435,133086380.2631,141053487.736,0.9508,2671014112.7918,2809125855.8307,0.93895,80266407.9983,85866127.421875,Most Deprived
CORP07,North Lanarkshire,2012-13,0.9396,131799261.3891,140268042.4722,0.9516,2655318913.565,2790252552.8186,0.939075,79584082.287825,85054542.3802625,Most Deprived
CORP07,North Lanarkshire,2013-14,0.9356,130686929.5602,139684439.0039,0.9523,2643451530.3616,2775820916.0334,0.940975,79433184.0023,84617478.1786375,Most Deprived
CORP07,North Lanarkshire,2014-15,0.9389,132384010.2486,141004351.8865,0.9546,2662477908.1878,2789118183.1883,0.9448,80264626.05265,85082363.7243125,Most Deprived
CORP07,North Lanarkshire,2015-16,0.938,133918484.2674,142768157.8543,0.9566,2694597248.3746,2816907869.3279,0.945275,81438025.618575,86277132.041925,Most Deprived
CORP07,North Lanarkshire,2016-17,0.9398,134176290.4075,142778290.1822,0.9583,2686792304.5883,2803783822.8397,0.947125,81587169.9795375,86293423.2712375,Most Deprived
CORP07,North Lanarkshire,2017-18,0.9416,139279209.1607,147914769.5003,0.96,2941269494.444,3063803966.875,0.94835,86020200.9894375,90839803.0729,Most Deprived
CORP07,North Lanarkshire,2018-19,0.9408,142353095.0493,151309928.6716,0.9601,2949319511.6429,3071776926.4922,0.9488625,87876969.1513375,92819818.383975,Most Deprived
CORP07,North Lanarkshire,2019-20,0.9408,145084587.8074,154220456.7498,0.9576,3014041812.654,3147402082.0059,0.9458125,89318348.7094875,94726096.7996,Most Deprived
CORP07,North Lanarkshire,2020-21,0.9332,146261197.951,156733744.754,0.9477,3036932402.9246,3204509140.9418,0.934475,89464675.333225,96371377.0167125,Most Deprived
CORP07,North Lanarkshire,2021-22,0.9461,147133783.5548,155514549.4377,0.9573,3038890856.819,3174287681.3904,0.9468375,90091446.3399875,95536369.9430375,Most Deprived
CORP07,North Lanarkshire,2022-23,0.9495,143780892.4123,151425030.0753,0.9624,2975296517.4328,3091497216.8631,0.952125,88122529.586775,92901507.373075,Most Deprived
CORP07,North Lanarkshire,2023-24,0.9405,142889882.4369,151926226.7287,0.9549,2978989842.7203,3119843079.1023,0.94195,87771761.6736125,93413663.6410875,Most Deprived
CORP07,North Lanarkshire,2024-25,0.9452,139520571,147616210,0.9547,2934867303,3074211414,0.9345875,85657567.875,91364613.125,Most Deprived
CORP07,Orkney Islands,2010-11,0.9756,10299132.0862,10556250.8323,0.9474,2697852615.3214,2847707660.9751,0.959975,100908872.48645,106033026.429675,Least Deprived
CORP07,Orkney Islands,2011-12,0.9753,10227469.9157,10486647.5529,0.9508,2671014112.7918,2809125855.8307,0.962625,100044521.797713,104753814.1244,Least Deprived
CORP07,Orkney Islands,2012-13,0.9808,10315212.1521,10516983.0351,0.9516,2655318913.565,2790252552.8186,0.9638375,99763937.7627625,104411351.022675,Least Deprived
CORP07,Orkney Islands,2013-14,0.9772,10256680.1498,10496133.8377,0.9523,2643451530.3616,2775820916.0334,0.9643125,99545352.00775,104106269.992687,Least Deprived
CORP07,Orkney Islands,2014-15,0.9782,10309405.1345,10538844.0184,0.9546,2662477908.1878,2789118183.1883,0.9672875,100449599.899613,104575455.4073,Least Deprived
CORP07,Orkney Islands,2015-16,0.9797,10405924.2134,10621447.7104,0.9566,2694597248.3746,2816907869.3279,0.9683875,101334698.1765,105227512.912862,Least Deprived
CORP07,Orkney Islands,2016-17,0.9795,10358976.8449,10575771.074,0.9583,2686792304.5883,2803783822.8397,0.969,100526378.873712,104209740.844175,Least Deprived
CORP07,Orkney Islands,2017-18,0.9792,10955230.021,11188425.9157,0.96,2941269494.444,3063803966.875,0.9693,116312796.024588,120466648.920825,Least Deprived
CORP07,Orkney Islands,2018-19,0.9796,11191341.9322,11424194.4726,0.9601,2949319511.6429,3071776926.4922,0.9692125,112087945.83395,115975895.684,Least Deprived
CORP07,Orkney Islands,2019-20,0.9775,11558856.0429,11825005.022,0.9576,3014041812.654,3147402082.0059,0.966325,114319207.37985,118642626.927312,Least Deprived
CORP07,Orkney Islands,2020-21,0.9627,11729273.6411,12183257.9771,0.9477,3036932402.9246,3204509140.9418,0.9576625,115282299.7474,120822300.959825,Least Deprived
CORP07,Orkney Islands,2021-22,0.9378,11312732.5836,12063418.1393,0.9573,3038890856.819,3174287681.3904,0.9608875,114886796.995775,119415686.338537,Least Deprived
CORP07,Orkney Islands,2022-23,0.988,11378955.3663,11514419.7704,0.9624,2975296517.4328,3091497216.8631,0.9729375,112754585.143675,116393952.579813,Least Deprived
CORP07,Orkney Islands,2023-24,0.9752,11855908.6954,12157713.1551,0.9549,2978989842.7203,3119843079.1023,0.9651,112551647.874725,117241544.025762,Least Deprived
CORP07,Orkney Islands,2024-25,0.9589,12125843,12645393,0.9547,2934867303,3074211414,0.9630875,110932539.125,115506685.75,Least Deprived
CORP07,Perth & Kinross,2010-11,0.972,92553536.7923,95219688.1532,0.9474,2697852615.3214,2847707660.9751,0.959975,100908872.48645,106033026.429675,Least Deprived
CORP07,Perth & Kinross,2011-12,0.9773,91463797.5286,93588250.3001,0.9508,2671014112.7918,2809125855.8307,0.962625,100044521.797713,104753814.1244,Least Deprived
CORP07,Perth & Kinross,2012-13,0.9737,90235848.3995,92673152.8459,0.9516,2655318913.565,2790252552.8186,0.9638375,99763937.7627625,104411351.022675,Least Deprived
CORP07,Perth & Kinross,2013-14,0.985,90336624.9618,91712310.0354,0.9523,2643451530.3616,2775820916.0334,0.9643125,99545352.00775,104106269.992687,Least Deprived
CORP07,Perth & Kinross,2014-15,0.9827,90359859.5662,91950604.6081,0.9546,2662477908.1878,2789118183.1883,0.9672875,100449599.899613,104575455.4073,Least Deprived
CORP07,Perth & Kinross,2015-16,0.9853,91315593.6575,92677959.601,0.9566,2694597248.3746,2816907869.3279,0.9683875,101334698.1765,105227512.912862,Least Deprived
CORP07,Perth & Kinross,2016-17,0.9792,90161649.7617,92076208.6557,0.9583,2686792304.5883,2803783822.8397,0.969,100526378.873712,104209740.844175,Least Deprived
CORP07,Perth & Kinross,2017-18,0.9785,98312255.24,100474366.4217,0.96,2941269494.444,3063803966.875,0.9693,116312796.024588,120466648.920825,Least Deprived
CORP07,Perth & Kinross,2018-19,0.9786,100060440.0122,102248236.3968,0.9601,2949319511.6429,3071776926.4922,0.9692125,112087945.83395,115975895.684,Least Deprived
CORP07,Perth & Kinross,2019-20,0.971,102143039.009,105192893.0319,0.9576,3014041812.654,3147402082.0059,0.966325,114319207.37985,118642626.927312,Least Deprived
CORP07,Perth & Kinross,2020-21,0.9659,103932874.2454,107602105.3344,0.9477,3036932402.9246,3204509140.9418,0.9576625,115282299.7474,120822300.959825,Least Deprived
CORP07,Perth & Kinross,2021-22,0.977,103199110.8515,105628568.4241,0.9573,3038890856.819,3174287681.3904,0.9608875,114886796.995775,119415686.338537,Least Deprived
CORP07,Perth & Kinross,2022-23,0.984,101299927.7319,102947080.5669,0.9624,2975296517.4328,3091497216.8631,0.9729375,112754585.143675,116393952.579813,Least Deprived
CORP07,Perth & Kinross,2023-24,0.9753,100278617.4485,102818226.6914,0.9549,2978989842.7203,3119843079.1023,0.9651,112551647.874725,117241544.025762,Least Deprived
CORP07,Perth & Kinross,2024-25,0.973,99400591,102158881,0.9547,2934867303,3074211414,0.9630875,110932539.125,115506685.75,Least Deprived
CORP07,Renfrewshire,2010-11,0.9509,87766507.1535,92295058.8549,0.9474,2697852615.3214,2847707660.9751,0.9474875,90722030.00785,95811245.5707,3
CORP07,Renfrewshire,2011-12,0.9564,86053082.4078,89974574.866,0.9508,2671014112.7918,2809125855.8307,0.9528375,89964008.164675,94385950.0624375,3
CORP07,Renfrewshire,2012-13,0.9594,85243167.6404,88852371.161,0.9516,2655318913.565,2790252552.8186,0.954175,89320343.9096,93561666.5900375,3
CORP07,Renfrewshire,2013-14,0.9602,85193227.5973,88727946.6352,0.9523,2643451530.3616,2775820916.0334,0.953425,88608747.2433375,92836476.8930875,3
CORP07,Renfrewshire,2014-15,0.96,85274514.6853,88830763.5583,0.9546,2662477908.1878,2789118183.1883,0.953675,88995376.6252375,93197548.430575,3
CORP07,Renfrewshire,2015-16,0.96,86318942.6489,89917143.869,0.9566,2694597248.3746,2816907869.3279,0.9565375,90121378.71935,94178879.5378875,3
CORP07,Renfrewshire,2016-17,0.9596,86504424.2918,90150948.6614,0.9583,2686792304.5883,2803783822.8397,0.9581625,89889389.5931625,93794344.7803125,3
CORP07,Renfrewshire,2017-18,0.9605,91254775.5291,95004225.3649,0.96,2941269494.444,3063803966.875,0.961625,96081927.2502375,99969180.1291375,3
CORP07,Renfrewshire,2018-19,0.9602,93196880.9807,97060652.5174,0.9601,2949319511.6429,3071776926.4922,0.96095,98013136.1083125,102027275.765938,3
CORP07,Renfrewshire,2019-20,0.9602,96887650.0593,100906400.9297,0.9576,3014041812.654,3147402082.0059,0.958525,100450355.792075,104846888.637212,3
CORP07,Renfrewshire,2020-21,0.9503,97804305.1516,102914481.1236,0.9477,3036932402.9246,3204509140.9418,0.9512125,101292747.705712,106634441.420288,3
CORP07,Renfrewshire,2021-22,0.9548,98636228.4212,103305176.8891,0.9573,3038890856.819,3174287681.3904,0.95955,101267013.72865,105618853.990063,3
CORP07,Renfrewshire,2022-23,0.9531,96864131.2877,101631672.296,0.9624,2975296517.4328,3091497216.8631,0.96475,99071970.0892625,102774732.131925,3
CORP07,Renfrewshire,2023-24,0.9428,97729401.5656,103657088.3709,0.9549,2978989842.7203,3119843079.1023,0.95845,99506839.3127625,103885943.963338,3
CORP07,Renfrewshire,2024-25,0.9449,95968472,101569144,0.9547,2934867303,3074211414,0.960725,97741908.25,101872191.5,3
CORP07,Scottish Borders,2010-11,0.9645,62592370.0011,64897116.8933,0.9474,2697852615.3214,2847707660.9751,0.9601,64203287.390075,66901502.9630125,2
CORP07,Scottish Borders,2011-12,0.9645,61885918.529,64162382.1395,0.9508,2671014112.7918,2809125855.8307,0.962475,63601826.138275,66134840.370125,2
CORP07,Scottish Borders,2012-13,0.9657,61392656.2409,63570683.4728,0.9516,2655318913.565,2790252552.8186,0.9622375,63246500.235425,65754009.283475,2
CORP07,Scottish Borders,2013-14,0.9665,60910000.1638,63023439.8882,0.9523,2643451530.3616,2775820916.0334,0.9608875,62844158.041825,65417389.439775,2
CORP07,Scottish Borders,2014-15,0.9652,60758725.9765,62948837.7476,0.9546,2662477908.1878,2789118183.1883,0.9592,63100135.945975,65784405.168175,2
CORP07,Scottish Borders,2015-16,0.965,61068364.3264,63285885.7254,0.9566,2694597248.3746,2816907869.3279,0.9629875,63930553.6994625,66429959.173325,2
CORP07,Scottish Borders,2016-17,0.9658,61510866.176,63688528.2843,0.9583,2686792304.5883,2803783822.8397,0.965125,63846099.6271375,66175468.7954375,2
CORP07,Scottish Borders,2017-18,0.9661,67064309.3805,69415039.2457,0.96,2941269494.444,3063803966.875,0.96625,69243762.541225,71699863.898225,2
CORP07,Scottish Borders,2018-19,0.9684,68192102.1442,70417900.2718,0.9601,2949319511.6429,3071776926.4922,0.9668375,70686887.8617625,73149126.135725,2
CORP07,Scottish Borders,2019-20,0.9662,69810715.4169,72252287.0146,0.9576,3014041812.654,3147402082.0059,0.966725,72667314.854425,75209647.8866125,2
CORP07,Scottish Borders,2020-21,0.9597,70517265.3125,73481904.7995,0.9477,3036932402.9246,3204509140.9418,0.9591,73576827.5792375,76735523.2209,2
CORP07,Scottish Borders,2021-22,0.965,70038124.5626,72577069.6422,0.9573,3038890856.819,3174287681.3904,0.9658625,73616100.037975,76215049.90215,2
CORP07,Scottish Borders,2022-23,0.9657,68168009.1241,70591625.2126,0.9624,2975296517.4328,3091497216.8631,0.9676125,71962979.859375,74366960.0230375,2
CORP07,Scottish Borders,2023-24,0.9617,68128952.3432,70845774.2294,0.9549,2978989842.7203,3119843079.1023,0.9619375,72543481.4788875,75439233.257575,2
CORP07,Scottish Borders,2024-25,0.9609,67589662,70338623,0.9547,2934867303,3074211414,0.9607625,72526397.625,75532936.375,2
CORP07,Shetland Islands,2010-11,0.9643,11026888.5376,11435122.139,0.9474,2697852615.3214,2847707660.9751,0.959975,100908872.48645,106033026.429675,Least Deprived
CORP07,Shetland Islands,2011-12,0.9655,10992823.1394,11385627.2879,0.9508,2671014112.7918,2809125855.8307,0.962625,100044521.797713,104753814.1244,Least Deprived
CORP07,Shetland Islands,2012-13,0.9649,10923801.3245,11321174.5334,0.9516,2655318913.565,2790252552.8186,0.9638375,99763937.7627625,104411351.022675,Least Deprived
CORP07,Shetland Islands,2013-14,0.9664,10906255.4588,11285446.4169,0.9523,2643451530.3616,2775820916.0334,0.9643125,99545352.00775,104106269.992687,Least Deprived
CORP07,Shetland Islands,2014-15,0.9695,10990001.6955,11336251.1876,0.9546,2662477908.1878,2789118183.1883,0.9672875,100449599.899613,104575455.4073,Least Deprived
CORP07,Shetland Islands,2015-16,0.971,11095039.9914,11426405.7144,0.9566,2694597248.3746,2816907869.3279,0.9683875,101334698.1765,105227512.912862,Least Deprived
CORP07,Shetland Islands,2016-17,0.9706,10940513.7786,11271907.2536,0.9583,2686792304.5883,2803783822.8397,0.969,100526378.873712,104209740.844175,Least Deprived
CORP07,Shetland Islands,2017-18,0.971,11468377.685,11814543.2246,0.96,2941269494.444,3063803966.875,0.9693,116312796.024588,120466648.920825,Least Deprived
CORP07,Shetland Islands,2018-19,0.9709,11580269.4009,11927354.8545,0.9601,2949319511.6429,3071776926.4922,0.9692125,112087945.83395,115975895.684,Least Deprived
CORP07,Shetland Islands,2019-20,0.9685,11641370.9641,12020000.5176,0.9576,3014041812.654,3147402082.0059,0.966325,114319207.37985,118642626.927312,Least Deprived
CORP07,Shetland Islands,2020-21,0.9678,11854689.2161,12249110.0064,0.9477,3036932402.9246,3204509140.9418,0.9576625,115282299.7474,120822300.959825,Least Deprived
CORP07,Shetland Islands,2021-22,0.9691,11739881.4079,12114209.4348,0.9573,3038890856.819,3174287681.3904,0.9608875,114886796.995775,119415686.338537,Least Deprived
CORP07,Shetland Islands,2022-23,0.9759,11069627.3282,11342992.7273,0.9624,2975296517.4328,3091497216.8631,0.9729375,112754585.143675,116393952.579813,Least Deprived
CORP07,Shetland Islands,2023-24,0.9732,11092084.3733,11397539.0244,0.9549,2978989842.7203,3119843079.1023,0.9651,112551647.874725,117241544.025762,Least Deprived
CORP07,Shetland Islands,2024-25,0.97,11119656,11463563,0.9547,2934867303,3074211414,0.9630875,110932539.125,115506685.75,Least Deprived
CORP07,South Ayrshire,2010-11,0.9516,62779970.2396,65974346.1697,0.9474,2697852615.3214,2847707660.9751,0.9474875,90722030.00785,95811245.5707,3
CORP07,South Ayrshire,2011-12,0.9479,61594643.4316,64977786.3127,0.9508,2671014112.7918,2809125855.8307,0.9528375,89964008.164675,94385950.0624375,3
CORP07,South Ayrshire,2012-13,0.9487,60977746.9443,64275307.383,0.9516,2655318913.565,2790252552.8186,0.954175,89320343.9096,93561666.5900375,3
CORP07,South Ayrshire,2013-14,0.9479,60239487.8051,63549920.3022,0.9523,2643451530.3616,2775820916.0334,0.953425,88608747.2433375,92836476.8930875,3
CORP07,South Ayrshire,2014-15,0.948,60007320.4275,63299235.9304,0.9546,2662477908.1878,2789118183.1883,0.953675,88995376.6252375,93197548.430575,3
CORP07,South Ayrshire,2015-16,0.946,60328297.3733,63771204.8217,0.9566,2694597248.3746,2816907869.3279,0.9565375,90121378.71935,94178879.5378875,3
CORP07,South Ayrshire,2016-17,0.9493,60109912.9291,63318437.6498,0.9583,2686792304.5883,2803783822.8397,0.9581625,89889389.5931625,93794344.7803125,3
CORP07,South Ayrshire,2017-18,0.9606,66119205.4865,68831153.5919,0.96,2941269494.444,3063803966.875,0.961625,96081927.2502375,99969180.1291375,3
CORP07,South Ayrshire,2018-19,0.9582,67497326.6091,70440738.2531,0.9601,2949319511.6429,3071776926.4922,0.96095,98013136.1083125,102027275.765938,3
CORP07,South Ayrshire,2019-20,0.9494,69709738.0054,73427974.5979,0.9576,3014041812.654,3147402082.0059,0.958525,100450355.792075,104846888.637212,3
CORP07,South Ayrshire,2020-21,0.9408,70380317.0982,74809720.0926,0.9477,3036932402.9246,3204509140.9418,0.9512125,101292747.705712,106634441.420288,3
CORP07,South Ayrshire,2021-22,0.9505,69908008.763,73550620.1256,0.9573,3038890856.819,3174287681.3904,0.95955,101267013.72865,105618853.990063,3
CORP07,South Ayrshire,2022-23,0.9555,68186267.1036,71361347.9412,0.9624,2975296517.4328,3091497216.8631,0.96475,99071970.0892625,102774732.131925,3
CORP07,South Ayrshire,2023-24,0.9503,67958881.4237,71516786.2139,0.9549,2978989842.7203,3119843079.1023,0.95845,99506839.3127625,103885943.963338,3
CORP07,South Ayrshire,2024-25,0.9517,66789313,70175660,0.9547,2934867303,3074211414,0.960725,97741908.25,101872191.5,3
CORP07,South Lanarkshire,2010-11,0.9466,147352220.1571,155666723.1187,0.9474,2697852615.3214,2847707660.9751,0.9474875,90722030.00785,95811245.5707,3
CORP07,South Lanarkshire,2011-12,0.956,147530522.2073,154317213.2693,0.9508,2671014112.7918,2809125855.8307,0.9528375,89964008.164675,94385950.0624375,3
CORP07,South Lanarkshire,2012-13,0.9569,146746816.1163,153356583.8341,0.9516,2655318913.565,2790252552.8186,0.954175,89320343.9096,93561666.5900375,3
CORP07,South Lanarkshire,2013-14,0.9565,145796655.9675,152425427.9663,0.9523,2643451530.3616,2775820916.0334,0.953425,88608747.2433375,92836476.8930875,3
CORP07,South Lanarkshire,2014-15,0.9579,146494287.6444,152933077.2978,0.9546,2662477908.1878,2789118183.1883,0.953675,88995376.6252375,93197548.430575,3
CORP07,South Lanarkshire,2015-16,0.9586,148450960.5297,154860662.7154,0.9566,2694597248.3746,2816907869.3279,0.9565375,90121378.71935,94178879.5378875,3
CORP07,South Lanarkshire,2016-17,0.9596,148351400.3925,154601377.4653,0.9583,2686792304.5883,2803783822.8397,0.9581625,89889389.5931625,93794344.7803125,3
CORP07,South Lanarkshire,2017-18,0.9618,156297466.4629,162499669.4486,0.96,2941269494.444,3063803966.875,0.961625,96081927.2502375,99969180.1291375,3
CORP07,South Lanarkshire,2018-19,0.962,159974318.4972,166293669.4963,0.9601,2949319511.6429,3071776926.4922,0.96095,98013136.1083125,102027275.765938,3
CORP07,South Lanarkshire,2019-20,0.9586,163799653.4509,170871116.2653,0.9576,3014041812.654,3147402082.0059,0.958525,100450355.792075,104846888.637212,3
CORP07,South Lanarkshire,2020-21,0.9555,163988545.7351,171619610.2456,0.9477,3036932402.9246,3204509140.9418,0.9512125,101292747.705712,106634441.420288,3
CORP07,South Lanarkshire,2021-22,0.9619,163983009.2011,170474523.733,0.9573,3038890856.819,3174287681.3904,0.95955,101267013.72865,105618853.990063,3
CORP07,South Lanarkshire,2022-23,0.97,160577370.4906,165558441.0622,0.9624,2975296517.4328,3091497216.8631,0.96475,99071970.0892625,102774732.131925,3
CORP07,South Lanarkshire,2023-24,0.9635,161444396.2822,167566523.1823,0.9549,2978989842.7203,3119843079.1023,0.95845,99506839.3127625,103885943.963338,3
CORP07,South Lanarkshire,2024-25,0.9639,157808221,163718721,0.9547,2934867303,3074211414,0.960725,97741908.25,101872191.5,3
CORP07,Stirling,2010-11,0.9738,55721898.4674,57220501.6415,0.9474,2697852615.3214,2847707660.9751,0.9601,64203287.390075,66901502.9630125,2
CORP07,Stirling,2011-12,0.9728,55016914.6586,56557611.1712,0.9508,2671014112.7918,2809125855.8307,0.962475,63601826.138275,66134840.370125,2
CORP07,Stirling,2012-13,0.9771,54398055.8179,55670153.5452,0.9516,2655318913.565,2790252552.8186,0.9622375,63246500.235425,65754009.283475,2
CORP07,Stirling,2013-14,0.9767,54078529.6301,55367637.506,0.9523,2643451530.3616,2775820916.0334,0.9608875,62844158.041825,65417389.439775,2
CORP07,Stirling,2014-15,0.974,54174670.2443,55620430.4519,0.9546,2662477908.1878,2789118183.1883,0.9592,63100135.945975,65784405.168175,2
CORP07,Stirling,2015-16,0.9769,54758090.8344,56051610.0149,0.9566,2694597248.3746,2816907869.3279,0.9629875,63930553.6994625,66429959.173325,2
CORP07,Stirling,2016-17,0.9775,54337334.8915,55587404.9832,0.9583,2686792304.5883,2803783822.8397,0.965125,63846099.6271375,66175468.7954375,2
CORP07,Stirling,2017-18,0.9779,58816320.8276,60146132.161,0.96,2941269494.444,3063803966.875,0.96625,69243762.541225,71699863.898225,2
CORP07,Stirling,2018-19,0.9771,59579378.903,60973979.5008,0.9601,2949319511.6429,3071776926.4922,0.9668375,70686887.8617625,73149126.135725,2
CORP07,Stirling,2019-20,0.9782,60809765.2413,62163728.4347,0.9576,3014041812.654,3147402082.0059,0.966725,72667314.854425,75209647.8866125,2
CORP07,Stirling,2020-21,0.9711,61588869.5418,63421278.8957,0.9477,3036932402.9246,3204509140.9418,0.9591,73576827.5792375,76735523.2209,2
CORP07,Stirling,2021-22,0.9768,61100578.9397,62554804.1478,0.9573,3038890856.819,3174287681.3904,0.9658625,73616100.037975,76215049.90215,2
CORP07,Stirling,2022-23,0.9785,59437155.1711,60743433.104,0.9624,2975296517.4328,3091497216.8631,0.9676125,71962979.859375,74366960.0230375,2
CORP07,Stirling,2023-24,0.9753,60719185.1777,62255413.8456,0.9549,2978989842.7203,3119843079.1023,0.9619375,72543481.4788875,75439233.257575,2
CORP07,Stirling,2024-25,0.9761,59531298,60987164,0.9547,2934867303,3074211414,0.9607625,72526397.625,75532936.375,2
CORP07,West Dunbartonshire,2010-11,0.9407,40075628.3546,42601937.897,0.9474,2697852615.3214,2847707660.9751,0.9376875,81397387.2117375,87217682.8394625,Most Deprived
CORP07,West Dunbartonshire,2011-12,0.9421,39412693.5761,41836610.2089,0.9508,2671014112.7918,2809125855.8307,0.93895,80266407.9983,85866127.421875,Most Deprived
CORP07,West Dunbartonshire,2012-13,0.9441,38951036.0334,41258122.3514,0.9516,2655318913.565,2790252552.8186,0.939075,79584082.287825,85054542.3802625,Most Deprived
CORP07,West Dunbartonshire,2013-14,0.9452,38877030.6564,41130344.1198,0.9523,2643451530.3616,2775820916.0334,0.940975,79433184.0023,84617478.1786375,Most Deprived
CORP07,West Dunbartonshire,2014-15,0.95,39929318.8504,42029117.5386,0.9546,2662477908.1878,2789118183.1883,0.9448,80264626.05265,85082363.7243125,Most Deprived
CORP07,West Dunbartonshire,2015-16,0.9445,40269357.2636,42636805.4952,0.9566,2694597248.3746,2816907869.3279,0.945275,81438025.618575,86277132.041925,Most Deprived
CORP07,West Dunbartonshire,2016-17,0.9521,40159765.8021,42180150.0355,0.9583,2686792304.5883,2803783822.8397,0.947125,81587169.9795375,86293423.2712375,Most Deprived
CORP07,West Dunbartonshire,2017-18,0.9541,41379880.484,43370605.6399,0.96,2941269494.444,3063803966.875,0.94835,86020200.9894375,90839803.0729,Most Deprived
CORP07,West Dunbartonshire,2018-19,0.9555,41941721.7219,43893206.0326,0.9601,2949319511.6429,3071776926.4922,0.9488625,87876969.1513375,92819818.383975,Most Deprived
CORP07,West Dunbartonshire,2019-20,0.9515,42184692.6841,44334198.0629,0.9576,3014041812.654,3147402082.0059,0.9458125,89318348.7094875,94726096.7996,Most Deprived
CORP07,West Dunbartonshire,2020-21,0.9418,42760406.9785,45400770.6296,0.9477,3036932402.9246,3204509140.9418,0.934475,89464675.333225,96371377.0167125,Most Deprived
CORP07,West Dunbartonshire,2021-22,0.9453,42628366.2918,45094414.4881,0.9573,3038890856.819,3174287681.3904,0.9468375,90091446.3399875,95536369.9430375,Most Deprived
CORP07,West Dunbartonshire,2022-23,0.9483,41688439.5121,43959889.0434,0.9624,2975296517.4328,3091497216.8631,0.952125,88122529.586775,92901507.373075,Most Deprived
CORP07,West Dunbartonshire,2023-24,0.932,40974798.1247,43963575.8602,0.9549,2978989842.7203,3119843079.1023,0.94195,87771761.6736125,93413663.6410875,Most Deprived
CORP07,West Dunbartonshire,2024-25,0.938,39909380,42547992,0.9547,2934867303,3074211414,0.9345875,85657567.875,91364613.125,Most Deprived
CORP07,West Lothian,2010-11,0.9436,79774277.2692,84546208.1604,0.9474,2697852615.3214,2847707660.9751,0.9474875,90722030.00785,95811245.5707,3
CORP07,West Lothian,2011-12,0.9406,78471909.762,83428743.7234,0.9508,2671014112.7918,2809125855.8307,0.9528375,89964008.164675,94385950.0624375,3
CORP07,West Lothian,2012-13,0.9473,78382396.2086,82746058.2809,0.9516,2655318913.565,2790252552.8186,0.954175,89320343.9096,93561666.5900375,3
CORP07,West Lothian,2013-14,0.9442,77284482.9469,81854455.9806,0.9523,2643451530.3616,2775820916.0334,0.953425,88608747.2433375,92836476.8930875,3
CORP07,West Lothian,2014-15,0.9492,78054212.8791,82231028.1164,0.9546,2662477908.1878,2789118183.1883,0.953675,88995376.6252375,93197548.430575,3
CORP07,West Lothian,2015-16,0.9516,79622133.2781,83668240.0422,0.9566,2694597248.3746,2816907869.3279,0.9565375,90121378.71935,94178879.5378875,3
CORP07,West Lothian,2016-17,0.9576,79994553.8108,83533581.1216,0.9583,2686792304.5883,2803783822.8397,0.9581625,89889389.5931625,93794344.7803125,3
CORP07,West Lothian,2017-18,0.9625,84091651.3466,87369485.2584,0.96,2941269494.444,3063803966.875,0.961625,96081927.2502375,99969180.1291375,3
CORP07,West Lothian,2018-19,0.9641,86034809.1058,89239201.1323,0.9601,2949319511.6429,3071776926.4922,0.96095,98013136.1083125,102027275.765938,3
CORP07,West Lothian,2019-20,0.9659,89572275.578,92730901.9027,0.9576,3014041812.654,3147402082.0059,0.958525,100450355.792075,104846888.637212,3
CORP07,West Lothian,2020-21,0.9612,91763745.2507,95468369.0147,0.9477,3036932402.9246,3204509140.9418,0.9512125,101292747.705712,106634441.420288,3
CORP07,West Lothian,2021-22,0.9683,92315828.8301,95341663.2102,0.9573,3038890856.819,3174287681.3904,0.95955,101267013.72865,105618853.990063,3
CORP07,West Lothian,2022-23,0.9722,90876378.8353,93471724.8486,0.9624,2975296517.4328,3091497216.8631,0.96475,99071970.0892625,102774732.131925,3
CORP07,West Lothian,2023-24,0.9672,92153198.1172,95276887.7556,0.9549,2978989842.7203,3119843079.1023,0.95845,99506839.3127625,103885943.963338,3
CORP07,West Lothian,2024-25,0.9683,90378885,93334714,0.9547,2934867303,3074211414,0.960725,97741908.25,101872191.5,3
ENV01a,Aberdeen City,2012-13,29.5472,3375.4322,114255,82.3589,212029.5221,2574425,72.434925,9328.9326,131324.5,Urban
ENV01a,Aberdeen City,2013-14,64.2495,7384.329,114939,83.6827,218246.43,2608182,78.1232875,10479.1011625,134196.125,Urban
ENV01a,Aberdeen City,2014-15,63.65,7351.3778,115501,87.253,227448.6426,2606930,86.523,11805.0303625,132703.875,Urban
ENV01a,Aberdeen City,2015-16,81.5598,9520.4367,116737,85.8496,225243.0558,2623801,81.424525,11516.6681,133154,Urban
ENV01a,Aberdeen City,2016-17,67.7073,7865.9899,116173,84.5555,223188.9488,2639525,81.00995,11632.271525,134070.125,Urban
ENV01a,Aberdeen City,2017-18,71.9451,8471.4296,117747,85.3482,226509.8305,2653856,84.7078375,12313.684825,134726.875,Urban
ENV01a,Aberdeen City,2018-19,71.5055,8491.3524,118741,85.0147,227743.5619,2678935,83.3608625,12762.6431,135829.375,Urban
ENV01a,Aberdeen City,2019-20,60.2271,7325.3482,121629,84.875,229233.4567,2700904,81.649175,12579.14655,137285.75,Urban
ENV01a,Aberdeen City,2020-21,58.0715,7128.7084,122769,86.8432,236325.2666,2721266,83.416325,13037.1401625,138123.375,Urban
ENV01a,Aberdeen City,2021-22,59.6699,7420.4761,124369,81.9629,224558.4928,2739709,77.7406,11437.856,139193,Urban
ENV01a,Aberdeen City,2022-23,57.2686,7123.0981,124369,82.4969,227897.6545,2762469,79.9806625,11851.0885,140147.25,Urban
ENV01a,Aberdeen City,2023-24,63.9509,8081.2333,126359,81.6316,227431.8104,2786197,78.6735625,11500.3064375,141726.25,Urban
ENV01a,Aberdeen City,2024-25,57.08,7293,127778,77.26,216987,2808466,69.8125,11571.125,142724.75,Urban
ENV01a,Aberdeenshire,2012-13,100.9983,11590.4234,114753,82.3589,212029.5221,2574425,101.5450625,5719.637125,56911.25,Rural
ENV01a,Aberdeenshire,2013-14,98.626,11822.2957,119877,83.6827,218246.43,2608182,99.5250125,5492.1885125,57762,Rural
ENV01a,Aberdeenshire,2014-15,88.7602,10746.4952,121075,87.253,227448.6426,2606930,80.4793125,5332.8775875,58182.75,Rural
ENV01a,Aberdeenshire,2015-16,76.1207,9171.6391,120491,85.8496,225243.0558,2623801,76.752175,5118.5377125,58529.25,Rural
ENV01a,Aberdeenshire,2016-17,81.1229,9774.8419,120491,84.5555,223188.9488,2639525,76.4359625,4904.288825,58676.875,Rural
ENV01a,Aberdeenshire,2017-18,80.6519,9838.9161,121994,85.3482,226509.8305,2653856,75.252175,4654.887575,59015.875,Rural
ENV01a,Aberdeenshire,2018-19,79.3353,9796.7413,123495,85.0147,227743.5619,2678935,73.2889875,4242.039575,59630.625,Rural
ENV01a,Aberdeenshire,2019-20,78.6637,9770.4174,124213,84.875,229233.4567,2700904,71.8008125,4495.1560625,59979.625,Rural
ENV01a,Aberdeenshire,2020-21,81.2858,10131.9124,124647,86.8432,236325.2666,2721266,77.624775,4821.9909,60489.375,Rural
ENV01a,Aberdeenshire,2021-22,75.9574,9557.4704,125823,81.9629,224558.4928,2739709,81.4736375,4838.1772875,60511.375,Rural
ENV01a,Aberdeenshire,2022-23,81.6236,10326.0359,126505,82.4969,227897.6545,2762469,85.084175,4851.8941375,60958.375,Rural
ENV01a,Aberdeenshire,2023-24,80.9368,10351.1961,127894,81.6316,227431.8104,2786197,82.3769,4936.1838625,61216.375,Rural
ENV01a,Aberdeenshire,2024-25,86.18,11223,130224,77.26,216987,2808466,74.59875,4939.25,61807.125,Rural
ENV01a,Angus,2012-13,110.7916,6142.0886,55438,82.3589,212029.5221,2574425,81.4969,5305.89245,62963.625,3
ENV01a,Angus,2013-14,127.5574,7335.2002,57505,83.6827,218246.43,2608182,80.984025,5246.03285,63465.125,3
ENV01a,Angus,2014-15,117.3152,6850.7898,58397,87.253,227448.6426,2606930,74.6576,5151.3807875,63956.75,3
ENV01a,Angus,2015-16,99.9485,5945.5956,59484,85.8496,225243.0558,2623801,81.6416625,5409.703525,64502.25,3
ENV01a,Angus,2016-17,76.3934,4552.6841,59592,84.5555,223188.9488,2639525,82.659075,5558.2049125,65054.75,3
ENV01a,Angus,2017-18,77.0941,4548.8006,59008,85.3482,226509.8305,2653856,80.9737625,5559.6991125,65528.75,3
ENV01a,Angus,2018-19,83.2438,4968.5733,59688,85.0147,227743.5619,2678935,81.4871875,5709.81155,66243.75,3
ENV01a,Angus,2019-20,95.4489,5725.7012,59984,84.875,229233.4567,2700904,83.211225,5893.30675,66553.5,3
ENV01a,Angus,2020-21,87.2153,5249.0052,60186,86.8432,236325.2666,2721266,82.36905,5830.260825,67063.125,3
ENV01a,Angus,2021-22,85.3162,5149.1164,60353,81.9629,224558.4928,2739709,80.75215,5905.3600125,67874.375,3
ENV01a,Angus,2022-23,76.1544,4588.2576,60251,82.4969,227897.6545,2762469,78.6979625,5766.9802625,68440.375,3
ENV01a,Angus,2023-24,75.617,4605.2557,60903,81.6316,227431.8104,2786197,78.5206,5695.905875,68984.375,3
ENV01a,Angus,2024-25,63.94,3905,61077,77.26,216987,2808466,64.635,4815.25,69701.25,3
ENV01a,Argyll & Bute,2012-13,63.218,3169.2564,50137,82.3589,212029.5221,2574425,101.5450625,5719.637125,56911.25,Rural
ENV01a,Argyll & Bute,2013-14,61.8204,3108.7602,50289,83.6827,218246.43,2608182,99.5250125,5492.1885125,57762,Rural
ENV01a,Argyll & Bute,2014-15,82.5567,4080.0618,49418,87.253,227448.6426,2606930,80.4793125,5332.8775875,58182.75,Rural
ENV01a,Argyll & Bute,2015-16,73.0337,3696.4526,50610,85.8496,225243.0558,2623801,76.752175,5118.5377125,58529.25,Rural
ENV01a,Argyll & Bute,2016-17,70.8909,3558.2992,50193,84.5555,223188.9488,2639525,76.4359625,4904.288825,58676.875,Rural
ENV01a,Argyll & Bute,2017-18,69.5128,3416.7754,49157,85.3482,226509.8305,2653856,75.252175,4654.887575,59015.875,Rural
ENV01a,Argyll & Bute,2018-19,53.7335,2746.1234,51103,85.0147,227743.5619,2678935,73.2889875,4242.039575,59630.625,Rural
ENV01a,Argyll & Bute,2019-20,52.919,2726.0549,51511,84.875,229233.4567,2700904,71.8008125,4495.1560625,59979.625,Rural
ENV01a,Argyll & Bute,2020-21,57.6994,3056.0181,52959,86.8432,236325.2666,2721266,77.624775,4821.9909,60489.375,Rural
ENV01a,Argyll & Bute,2021-22,49.1193,2494.5231,50779,81.9629,224558.4928,2739709,81.4736375,4838.1772875,60511.375,Rural
ENV01a,Argyll & Bute,2022-23,44.4525,2269.5664,51053,82.4969,227897.6545,2762469,85.084175,4851.8941375,60958.375,Rural
ENV01a,Argyll & Bute,2023-24,41.1269,2123.7477,51637,81.6316,227431.8104,2786197,82.3769,4936.1838625,61216.375,Rural
ENV01a,Argyll & Bute,2024-25,36.55,1807,49439,77.26,216987,2808466,74.59875,4939.25,61807.125,Rural
ENV01a,Clackmannanshire,2012-13,42.9347,1051.7752,24497,82.3589,212029.5221,2574425,81.4969,5305.89245,62963.625,3
ENV01a,Clackmannanshire,2013-14,65.2048,1588.4973,24362,83.6827,218246.43,2608182,80.984025,5246.03285,63465.125,3
ENV01a,Clackmannanshire,2014-15,58.2001,1426.4068,24508,87.253,227448.6426,2606930,74.6576,5151.3807875,63956.75,3
ENV01a,Clackmannanshire,2015-16,69.8263,1721.2693,24653,85.8496,225243.0558,2623801,81.6416625,5409.703525,64502.25,3
ENV01a,Clackmannanshire,2016-17,87.6081,2178.7377,24871,84.5555,223188.9488,2639525,82.659075,5558.2049125,65054.75,3
ENV01a,Clackmannanshire,2017-18,72.6049,1815.1215,25001,85.3482,226509.8305,2653856,80.9737625,5559.6991125,65528.75,3
ENV01a,Clackmannanshire,2018-19,76.0212,1908.7518,25110,85.0147,227743.5619,2678935,81.4871875,5709.81155,66243.75,3
ENV01a,Clackmannanshire,2019-20,73.3028,1849.823,25236,84.875,229233.4567,2700904,83.211225,5893.30675,66553.5,3
ENV01a,Clackmannanshire,2020-21,54.1225,1364.7654,25219,86.8432,236325.2666,2721266,82.36905,5830.260825,67063.125,3
ENV01a,Clackmannanshire,2021-22,59.0507,1503.7243,25464,81.9629,224558.4928,2739709,80.75215,5905.3600125,67874.375,3
ENV01a,Clackmannanshire,2022-23,62.8252,1621.1189,25805,82.4969,227897.6545,2762469,78.6979625,5766.9802625,68440.375,3
ENV01a,Clackmannanshire,2023-24,59.7511,1547.1834,25893,81.6316,227431.8104,2786197,78.5206,5695.905875,68984.375,3
ENV01a,Clackmannanshire,2024-25,47.22,1230,26046,77.26,216987,2808466,64.635,4815.25,69701.25,3
ENV01a,Dumfries & Galloway,2012-13,62.396,4783.8358,76666,82.3589,212029.5221,2574425,101.5450625,5719.637125,56911.25,Rural
ENV01a,Dumfries & Galloway,2013-14,62.8985,4798.2445,76293,83.6827,218246.43,2608182,99.5250125,5492.1885125,57762,Rural
ENV01a,Dumfries & Galloway,2014-15,64.2825,4910.3382,76385,87.253,227448.6426,2606930,80.4793125,5332.8775875,58182.75,Rural
ENV01a,Dumfries & Galloway,2015-16,73.6618,5624.8622,76354,85.8496,225243.0558,2623801,76.752175,5118.5377125,58529.25,Rural
ENV01a,Dumfries & Galloway,2016-17,85.6298,6613.5105,77238,84.5555,223188.9488,2639525,76.4359625,4904.288825,58676.875,Rural
ENV01a,Dumfries & Galloway,2017-18,82.9807,6472.5966,78004,85.3482,226509.8305,2653856,75.252175,4654.887575,59015.875,Rural
ENV01a,Dumfries & Galloway,2018-19,75.3002,5871.7202,77977,85.0147,227743.5619,2678935,73.2889875,4242.039575,59630.625,Rural
ENV01a,Dumfries & Galloway,2019-20,66.845,5169.8916,77344,84.875,229233.4567,2700904,71.8008125,4495.1560625,59979.625,Rural
ENV01a,Dumfries & Galloway,2020-21,69.3066,5441.0566,78503,86.8432,236325.2666,2721266,77.624775,4821.9909,60489.375,Rural
ENV01a,Dumfries & Galloway,2021-22,67.5566,5237.9144,77530,81.9629,224558.4928,2739709,81.4736375,4838.1772875,60511.375,Rural
ENV01a,Dumfries & Galloway,2022-23,66.8862,5178.8471,77434,82.4969,227897.6545,2762469,85.084175,4851.8941375,60958.375,Rural
ENV01a,Dumfries & Galloway,2023-24,71.7387,5434.8446,75763,81.6316,227431.8104,2786197,82.3769,4936.1838625,61216.375,Rural
ENV01a,Dumfries & Galloway,2024-25,69.84,5350,76609,77.26,216987,2808466,74.59875,4939.25,61807.125,Rural
ENV01a,Dundee City,2012-13,64.2488,4907.8199,76381,82.3589,212029.5221,2574425,72.434925,9328.9326,131324.5,Urban
ENV01a,Dundee City,2013-14,62.8303,4768.2213,75898,83.6827,218246.43,2608182,78.1232875,10479.1011625,134196.125,Urban
ENV01a,Dundee City,2014-15,60.7569,4576.6128,75330,87.253,227448.6426,2606930,86.523,11805.0303625,132703.875,Urban
ENV01a,Dundee City,2015-16,60.8859,4602.5244,75600,85.8496,225243.0558,2623801,81.424525,11516.6681,133154,Urban
ENV01a,Dundee City,2016-17,64.7595,5059.7024,78127,84.5555,223188.9488,2639525,81.00995,11632.271525,134070.125,Urban
ENV01a,Dundee City,2017-18,74.3773,5596.7325,75253,85.3482,226509.8305,2653856,84.7078375,12313.684825,134726.875,Urban
ENV01a,Dundee City,2018-19,68.5835,5231.6749,76275,85.0147,227743.5619,2678935,83.3608625,12762.6431,135829.375,Urban
ENV01a,Dundee City,2019-20,66.7218,5125.5255,76819,84.875,229233.4567,2700904,81.649175,12579.14655,137285.75,Urban
ENV01a,Dundee City,2020-21,61.6005,4764.0754,77333,86.8432,236325.2666,2721266,83.416325,13037.1401625,138123.375,Urban
ENV01a,Dundee City,2021-22,59.9036,4646.7066,77574,81.9629,224558.4928,2739709,77.7406,11437.856,139193,Urban
ENV01a,Dundee City,2022-23,60.6855,4702.8822,77489,82.4969,227897.6545,2762469,79.9806625,11851.0885,140147.25,Urban
ENV01a,Dundee City,2023-24,62.9762,4964.0529,78824,81.6316,227431.8104,2786197,78.6735625,11500.3064375,141726.25,Urban
ENV01a,Dundee City,2024-25,66.64,5314,79742,77.26,216987,2808466,69.8125,11571.125,142724.75,Urban
ENV01a,East Ayrshire,2012-13,66.7146,3892.2648,58344,82.3589,212029.5221,2574425,88.0461375,6149.2281125,70603.75,2
ENV01a,East Ayrshire,2013-14,62.2571,3631.4359,58329,83.6827,218246.43,2608182,88.0463,6063.4812125,70599.5,2
ENV01a,East Ayrshire,2014-15,75.788,4420.5155,58329,87.253,227448.6426,2606930,91.4465,6141.7915625,71022.875,2
ENV01a,East Ayrshire,2015-16,76.0138,4539.7141,59726,85.8496,225243.0558,2623801,89.5814875,6110.4726125,71789.625,2
ENV01a,East Ayrshire,2016-17,79.6949,4759.6838,59726,84.5555,223188.9488,2639525,89.2604625,5803.85335,72138.875,2
ENV01a,East Ayrshire,2017-18,79.1253,4726.0434,59726,85.3482,226509.8305,2653856,85.1444625,5785.4572875,72460.5,2
ENV01a,East Ayrshire,2018-19,76.1097,4563.8015,59961,85.0147,227743.5619,2678935,84.777525,5753.451,73163.125,2
ENV01a,East Ayrshire,2019-20,71.1584,4271.4766,60031,84.875,229233.4567,2700904,83.460775,5686.5726875,73794.125,2
ENV01a,East Ayrshire,2020-21,82.4021,4951.3255,60085,86.8432,236325.2666,2721266,86.1470625,5851.2664375,74482.375,2
ENV01a,East Ayrshire,2021-22,68.4913,4113.9185,60065,81.9629,224558.4928,2739709,83.8922125,5888.4182875,74884.875,2
ENV01a,East Ayrshire,2022-23,69.5498,4361.1918,62710,82.4969,227897.6545,2762469,83.488975,6017.2438875,75762.625,2
ENV01a,East Ayrshire,2023-24,79.1635,5019.0131,63398,81.6316,227431.8104,2786197,85.609675,6296.5801,76347.625,2
ENV01a,East Ayrshire,2024-25,60.65,3891,64158,77.26,216987,2808466,76.77625,5797.75,76825.125,2
ENV01a,East Dunbartonshire,2012-13,113.8007,5158.5743,45328,82.3589,212029.5221,2574425,72.434925,9328.9326,131324.5,Urban
ENV01a,East Dunbartonshire,2013-14,133.2618,6082.4163,45643,83.6827,218246.43,2608182,78.1232875,10479.1011625,134196.125,Urban
ENV01a,East Dunbartonshire,2014-15,109.1605,5040.8679,46180,87.253,227448.6426,2606930,86.523,11805.0303625,132703.875,Urban
ENV01a,East Dunbartonshire,2015-16,98.1979,4567.7783,46515,85.8496,225243.0558,2623801,81.424525,11516.6681,133154,Urban
ENV01a,East Dunbartonshire,2016-17,102.4911,4806.8483,46899,84.5555,223188.9488,2639525,81.00995,11632.271525,134070.125,Urban
ENV01a,East Dunbartonshire,2017-18,105.9834,5001.6107,47192,85.3482,226509.8305,2653856,84.7078375,12313.684825,134726.875,Urban
ENV01a,East Dunbartonshire,2018-19,97.2591,4562.5366,46910,85.0147,227743.5619,2678935,83.3608625,12762.6431,135829.375,Urban
ENV01a,East Dunbartonshire,2019-20,105.7764,5054.0466,47781,84.875,229233.4567,2700904,81.649175,12579.14655,137285.75,Urban
ENV01a,East Dunbartonshire,2020-21,99.1826,4766.476,48057,86.8432,236325.2666,2721266,83.416325,13037.1401625,138123.375,Urban
ENV01a,East Dunbartonshire,2021-22,103.8703,5035.7821,48483,81.9629,224558.4928,2739709,77.7406,11437.856,139193,Urban
ENV01a,East Dunbartonshire,2022-23,104.9743,5106.7973,48648,82.4969,227897.6545,2762469,79.9806625,11851.0885,140147.25,Urban
ENV01a,East Dunbartonshire,2023-24,100.2973,4894.5748,48800,81.6316,227431.8104,2786197,78.6735625,11500.3064375,141726.25,Urban
ENV01a,East Dunbartonshire,2024-25,46.98,2300,48953,77.26,216987,2808466,69.8125,11571.125,142724.75,Urban
ENV01a,East Lothian,2012-13,88.0984,4292.0787,48716,82.3589,212029.5221,2574425,88.0461375,6149.2281125,70603.75,2
ENV01a,East Lothian,2013-14,96.4562,4764.1273,49394,83.6827,218246.43,2608182,88.0463,6063.4812125,70599.5,2
ENV01a,East Lothian,2014-15,102.7013,5101.4229,49672,87.253,227448.6426,2606930,91.4465,6141.7915625,71022.875,2
ENV01a,East Lothian,2015-16,109.3567,5464.4955,49970,85.8496,225243.0558,2623801,89.5814875,6110.4726125,71789.625,2
ENV01a,East Lothian,2016-17,88.1583,4539.5828,51497,84.5555,223188.9488,2639525,89.2604625,5803.85335,72138.875,2
ENV01a,East Lothian,2017-18,73.2776,3834.6545,52334,85.3482,226509.8305,2653856,85.1444625,5785.4572875,72460.5,2
ENV01a,East Lothian,2018-19,72.7577,3903.5176,53654,85.0147,227743.5619,2678935,84.777525,5753.451,73163.125,2
ENV01a,East Lothian,2019-20,71.7746,3886.9698,54154,84.875,229233.4567,2700904,83.460775,5686.5726875,73794.125,2
ENV01a,East Lothian,2020-21,81.1657,4515.6089,55631,86.8432,236325.2666,2721266,86.1470625,5851.2664375,74482.375,2
ENV01a,East Lothian,2021-22,97.0702,5413.1737,55766,81.9629,224558.4928,2739709,83.8922125,5888.4182875,74884.875,2
ENV01a,East Lothian,2022-23,84.713,4886.2815,57680,82.4969,227897.6545,2762469,83.488975,6017.2438875,75762.625,2
ENV01a,East Lothian,2023-24,83.3529,4854.1323,58238,81.6316,227431.8104,2786197,85.609675,6296.5801,76347.625,2
ENV01a,East Lothian,2024-25,78.11,4589,58753,77.26,216987,2808466,76.77625,5797.75,76825.125,2
ENV01a,East Renfrewshire,2012-13,91.4,3481.3063,38086,82.3589,212029.5221,2574425,81.4969,5305.89245,62963.625,3
ENV01a,East Renfrewshire,2013-14,88.6502,3376.2391,38086,83.6827,218246.43,2608182,80.984025,5246.03285,63465.125,3
ENV01a,East Renfrewshire,2014-15,83.9562,3197.3044,38086,87.253,227448.6426,2606930,74.6576,5151.3807875,63956.75,3
ENV01a,East Renfrewshire,2015-16,86.1169,3322.2636,38580,85.8496,225243.0558,2623801,81.6416625,5409.703525,64502.25,3
ENV01a,East Renfrewshire,2016-17,88.7086,3450.869,38900,84.5555,223188.9488,2639525,82.659075,5558.2049125,65054.75,3
ENV01a,East Renfrewshire,2017-18,88.5955,3572.0246,40319,85.3482,226509.8305,2653856,80.9737625,5559.6991125,65528.75,3
ENV01a,East Renfrewshire,2018-19,86.2037,3413.9968,39604,85.0147,227743.5619,2678935,81.4871875,5709.81155,66243.75,3
ENV01a,East Renfrewshire,2019-20,95.2024,3799.4698,39911,84.875,229233.4567,2700904,83.211225,5893.30675,66553.5,3
ENV01a,East Renfrewshire,2020-21,105.2922,4202.325,39911,86.8432,236325.2666,2721266,82.36905,5830.260825,67063.125,3
ENV01a,East Renfrewshire,2021-22,83.622,3416.3867,40853,81.9629,224558.4928,2739709,80.75215,5905.3600125,67874.375,3
ENV01a,East Renfrewshire,2022-23,81.8419,3365.5956,41125,82.4969,227897.6545,2762469,78.6979625,5766.9802625,68440.375,3
ENV01a,East Renfrewshire,2023-24,87.8535,3639.8215,41431,81.6316,227431.8104,2786197,78.5206,5695.905875,68984.375,3
ENV01a,East Renfrewshire,2024-25,81.8,3581,43777,77.26,216987,2808466,64.635,4815.25,69701.25,3
ENV01a,Edinburgh City,2012-13,97.5295,23100.0482,236856,82.3589,212029.5221,2574425,72.434925,9328.9326,131324.5,Urban
ENV01a,Edinburgh City,2013-14,78.7152,20298.3755,257863,83.6827,218246.43,2608182,78.1232875,10479.1011625,134196.125,Urban
ENV01a,Edinburgh City,2014-15,96.3497,23406.5286,242920,87.253,227448.6426,2606930,86.523,11805.0303625,132703.875,Urban
ENV01a,Edinburgh City,2015-16,79.8225,19330.8699,242189,85.8496,225243.0558,2623801,81.424525,11516.6681,133154,Urban
ENV01a,Edinburgh City,2016-17,84.3196,20612.1952,244452,84.5555,223188.9488,2639525,81.00995,11632.271525,134070.125,Urban
ENV01a,Edinburgh City,2017-18,89.113,21996.2197,246818,85.3482,226509.8305,2653856,84.7078375,12313.684825,134726.875,Urban
ENV01a,Edinburgh City,2018-19,90.4159,22616.6217,250138,85.0147,227743.5619,2678935,83.3608625,12762.6431,135829.375,Urban
ENV01a,Edinburgh City,2019-20,85.1831,21555.7985,253058,84.875,229233.4567,2700904,81.649175,12579.14655,137285.75,Urban
ENV01a,Edinburgh City,2020-21,79.5813,20313.038,255255,86.8432,236325.2666,2721266,83.416325,13037.1401625,138123.375,Urban
ENV01a,Edinburgh City,2021-22,73.27,18901.1246,257975,81.9629,224558.4928,2739709,77.7406,11437.856,139193,Urban
ENV01a,Edinburgh City,2022-23,83.2939,21767.751,261324,82.4969,227897.6545,2762469,79.9806625,11851.0885,140147.25,Urban
ENV01a,Edinburgh City,2023-24,81.3101,21465.6141,263997,81.6316,227431.8104,2786197,78.6735625,11500.3064375,141726.25,Urban
ENV01a,Edinburgh City,2024-25,86.38,23031,266612,77.26,216987,2808466,69.8125,11571.125,142724.75,Urban
ENV01a,Eilean Siar,2012-13,77.0373,1280.2403,16618,82.3589,212029.5221,2574425,101.5450625,5719.637125,56911.25,Rural
ENV01a,Eilean Siar,2013-14,113.4738,1892.8228,16681,83.6827,218246.43,2608182,99.5250125,5492.1885125,57762,Rural
ENV01a,Eilean Siar,2014-15,78.264,1316.0621,16815,87.253,227448.6426,2606930,80.4793125,5332.8775875,58182.75,Rural
ENV01a,Eilean Siar,2015-16,77.8313,1321.6889,16981,85.8496,225243.0558,2623801,76.752175,5118.5377125,58529.25,Rural
ENV01a,Eilean Siar,2016-17,82.1841,1409.6944,17154,84.5555,223188.9488,2639525,76.4359625,4904.288825,58676.875,Rural
ENV01a,Eilean Siar,2017-18,85.8528,1487.8045,17329,85.3482,226509.8305,2653856,75.252175,4654.887575,59015.875,Rural
ENV01a,Eilean Siar,2018-19,86.7223,1510.3046,17416,85.0147,227743.5619,2678935,73.2889875,4242.039575,59630.625,Rural
ENV01a,Eilean Siar,2019-20,85.1584,1493.6612,17541,84.875,229233.4567,2700904,71.8008125,4495.1560625,59979.625,Rural
ENV01a,Eilean Siar,2020-21,90.1321,1591.6261,17658,86.8432,236325.2666,2721266,77.624775,4821.9909,60489.375,Rural
ENV01a,Eilean Siar,2021-22,113.7316,2043.5227,17968,81.9629,224558.4928,2739709,81.4736375,4838.1772875,60511.375,Rural
ENV01a,Eilean Siar,2022-23,104.2974,1865.6513,17888,82.4969,227897.6545,2762469,85.084175,4851.8941375,60958.375,Rural
ENV01a,Eilean Siar,2023-24,97.1138,1743.1738,17949,81.6316,227431.8104,2786197,82.3769,4936.1838625,61216.375,Rural
ENV01a,Eilean Siar,2024-25,96.02,1741,18131,77.26,216987,2808466,74.59875,4939.25,61807.125,Rural
ENV01a,Falkirk,2012-13,99.0898,7198.043,72640,82.3589,212029.5221,2574425,72.434925,9328.9326,131324.5,Urban
ENV01a,Falkirk,2013-14,93.9042,6852.1005,72968,83.6827,218246.43,2608182,78.1232875,10479.1011625,134196.125,Urban
ENV01a,Falkirk,2014-15,119.549,8726.6493,72997,87.253,227448.6426,2606930,86.523,11805.0303625,132703.875,Urban
ENV01a,Falkirk,2015-16,74.918,5461.8227,72909,85.8496,225243.0558,2623801,81.424525,11516.6681,133154,Urban
ENV01a,Falkirk,2016-17,81.0705,5916.5241,72980,84.5555,223188.9488,2639525,81.00995,11632.271525,134070.125,Urban
ENV01a,Falkirk,2017-18,82.1268,6044.3676,73600,85.3482,226509.8305,2653856,84.7078375,12313.684825,134726.875,Urban
ENV01a,Falkirk,2018-19,77.1217,5792.0308,75100,85.0147,227743.5619,2678935,83.3608625,12762.6431,135829.375,Urban
ENV01a,Falkirk,2019-20,66.7341,5023.2368,75276,84.875,229233.4567,2700904,81.649175,12579.14655,137285.75,Urban
ENV01a,Falkirk,2020-21,78.9091,5995.6051,75976,86.8432,236325.2666,2721266,83.416325,13037.1401625,138123.375,Urban
ENV01a,Falkirk,2021-22,74.1814,5568.5702,75070,81.9629,224558.4928,2739709,77.7406,11437.856,139193,Urban
ENV01a,Falkirk,2022-23,70.1175,5281.4634,75320,82.4969,227897.6545,2762469,79.9806625,11851.0885,140147.25,Urban
ENV01a,Falkirk,2023-24,55.5825,4378.1557,78771,81.6316,227431.8104,2786197,78.6735625,11500.3064375,141726.25,Urban
ENV01a,Falkirk,2024-25,54.56,4284,78516,77.26,216987,2808466,69.8125,11571.125,142724.75,Urban
ENV01a,Fife,2012-13,88.5581,15468.7574,174675,82.3589,212029.5221,2574425,88.0461375,6149.2281125,70603.75,2
ENV01a,Fife,2013-14,82.8775,14426.1212,174067,83.6827,218246.43,2608182,88.0463,6063.4812125,70599.5,2
ENV01a,Fife,2014-15,74.6038,13086.6098,175411,87.253,227448.6426,2606930,91.4465,6141.7915625,71022.875,2
ENV01a,Fife,2015-16,74.0092,13128.6876,177402,85.8496,225243.0558,2623801,89.5814875,6110.4726125,71789.625,2
ENV01a,Fife,2016-17,55.4314,9871.7912,178071,84.5555,223188.9488,2639525,89.2604625,5803.85335,72138.875,2
ENV01a,Fife,2017-18,65.0494,11673.4437,179470,85.3482,226509.8305,2653856,85.1444625,5785.4572875,72460.5,2
ENV01a,Fife,2018-19,64.5231,11637.1879,180366,85.0147,227743.5619,2678935,84.777525,5753.451,73163.125,2
ENV01a,Fife,2019-20,60.794,11092.7758,182483,84.875,229233.4567,2700904,83.460775,5686.5726875,73794.125,2
ENV01a,Fife,2020-21,56.3791,10340.7683,183427,86.8432,236325.2666,2721266,86.1470625,5851.2664375,74482.375,2
ENV01a,Fife,2021-22,64.2617,11897.7654,185132,81.9629,224558.4928,2739709,83.8922125,5888.4182875,74884.875,2
ENV01a,Fife,2022-23,67.5957,12610.8856,186567,82.4969,227897.6545,2762469,83.488975,6017.2438875,75762.625,2
ENV01a,Fife,2023-24,73.5016,13780.5094,187488,81.6316,227431.8104,2786197,85.609675,6296.5801,76347.625,2
ENV01a,Fife,2024-25,76.64,14353,187289,77.26,216987,2808466,76.77625,5797.75,76825.125,2
ENV01a,Glasgow City,2012-13,66.436,20422.5489,307424,82.3589,212029.5221,2574425,72.434925,9328.9326,131324.5,Urban
ENV01a,Glasgow City,2013-14,92.3212,28430.5537,307972,83.6827,218246.43,2608182,78.1232875,10479.1011625,134196.125,Urban
ENV01a,Glasgow City,2014-15,89.5541,27688.4405,309183,87.253,227448.6426,2606930,86.523,11805.0303625,132703.875,Urban
ENV01a,Glasgow City,2015-16,90.3666,28066.8462,310611,85.8496,225243.0558,2623801,81.424525,11516.6681,133154,Urban
ENV01a,Glasgow City,2016-17,98.1939,30670.0241,312342,84.5555,223188.9488,2639525,81.00995,11632.271525,134070.125,Urban
ENV01a,Glasgow City,2017-18,108.3769,34108.2423,314717,85.3482,226509.8305,2653856,84.7078375,12313.684825,134726.875,Urban
ENV01a,Glasgow City,2018-19,125.5425,39876.3422,317634,85.0147,227743.5619,2678935,83.3608625,12762.6431,135829.375,Urban
ENV01a,Glasgow City,2019-20,127.1954,40742.535,320329,84.875,229233.4567,2700904,81.649175,12579.14655,137285.75,Urban
ENV01a,Glasgow City,2020-21,136.4645,43862.1423,321427,86.8432,236325.2666,2721266,83.416325,13037.1401625,138123.375,Urban
ENV01a,Glasgow City,2021-22,102.3514,33274.7189,325120,81.9629,224558.4928,2739709,77.7406,11437.856,139193,Urban
ENV01a,Glasgow City,2022-23,96.7868,31729.1716,327820,82.4969,227897.6545,2762469,79.9806625,11851.0885,140147.25,Urban
ENV01a,Glasgow City,2023-24,86.775,28670.5941,330389,81.6316,227431.8104,2786197,78.6735625,11500.3064375,141726.25,Urban
ENV01a,Glasgow City,2024-25,101.7,33831,332664,77.26,216987,2808466,69.8125,11571.125,142724.75,Urban
ENV01a,Highland,2012-13,141.913,16703.026,117698,82.3589,212029.5221,2574425,101.5450625,5719.637125,56911.25,Rural
ENV01a,Highland,2013-14,124.0911,14625.3657,117854,83.6827,218246.43,2608182,99.5250125,5492.1885125,57762,Rural
ENV01a,Highland,2014-15,131.8081,15794.0914,119828,87.253,227448.6426,2606930,80.4793125,5332.8775875,58182.75,Rural
ENV01a,Highland,2015-16,126.2086,15331.057,121480,85.8496,225243.0558,2623801,76.752175,5118.5377125,58529.25,Rural
ENV01a,Highland,2016-17,102.5435,12480.2499,121701,84.5555,223188.9488,2639525,76.4359625,4904.288825,58676.875,Rural
ENV01a,Highland,2017-18,81.2729,9963.1154,122582,85.3482,226509.8305,2653856,75.252175,4654.887575,59015.875,Rural
ENV01a,Highland,2018-19,61.5127,7616.0335,123811,85.0147,227743.5619,2678935,73.2889875,4242.039575,59630.625,Rural
ENV01a,Highland,2019-20,90.6426,11326.9306,124959,84.875,229233.4567,2700904,71.8008125,4495.1560625,59979.625,Rural
ENV01a,Highland,2020-21,100.4189,12566.1641,125143,86.8432,236325.2666,2721266,77.624775,4821.9909,60489.375,Rural
ENV01a,Highland,2021-22,105.7397,13323.2072,126006,81.9629,224558.4928,2739709,81.4736375,4838.1772875,60511.375,Rural
ENV01a,Highland,2022-23,95.7606,12289.9368,128347,82.4969,227897.6545,2762469,85.084175,4851.8941375,60958.375,Rural
ENV01a,Highland,2023-24,101.4795,13175.9465,129833,81.6316,227431.8104,2786197,82.3769,4936.1838625,61216.375,Rural
ENV01a,Highland,2024-25,100.97,13439,133099,77.26,216987,2808466,74.59875,4939.25,61807.125,Rural
ENV01a,Inverclyde,2012-13,59.8606,2384.9525,39838,82.3589,212029.5221,2574425,81.4969,5305.89245,62963.625,3
ENV01a,Inverclyde,2013-14,50.6845,2001.9979,39502,83.6827,218246.43,2608182,80.984025,5246.03285,63465.125,3
ENV01a,Inverclyde,2014-15,51.0142,2010.4262,39410,87.253,227448.6426,2606930,74.6576,5151.3807875,63956.75,3
ENV01a,Inverclyde,2015-16,53.4288,2107.4858,39448,85.8496,225243.0558,2623801,81.6416625,5409.703525,64502.25,3
ENV01a,Inverclyde,2016-17,45.7365,1775.2192,38816,84.5555,223188.9488,2639525,82.659075,5558.2049125,65054.75,3
ENV01a,Inverclyde,2017-18,51.8015,2047.9953,39540,85.3482,226509.8305,2653856,80.9737625,5559.6991125,65528.75,3
ENV01a,Inverclyde,2018-19,45.638,1810.0887,39664,85.0147,227743.5619,2678935,81.4871875,5709.81155,66243.75,3
ENV01a,Inverclyde,2019-20,50.5035,1994.013,39485,84.875,229233.4567,2700904,83.211225,5893.30675,66553.5,3
ENV01a,Inverclyde,2020-21,59.0558,2326.2228,39392,86.8432,236325.2666,2721266,82.36905,5830.260825,67063.125,3
ENV01a,Inverclyde,2021-22,63.9579,2547.1009,39822,81.9629,224558.4928,2739709,80.75215,5905.3600125,67874.375,3
ENV01a,Inverclyde,2022-23,59.0699,2387.466,40421,82.4969,227897.6545,2762469,78.6979625,5766.9802625,68440.375,3
ENV01a,Inverclyde,2023-24,56.5572,2288.6285,40468,81.6316,227431.8104,2786197,78.5206,5695.905875,68984.375,3
ENV01a,Inverclyde,2024-25,44.33,1788,40335,77.26,216987,2808466,64.635,4815.25,69701.25,3
ENV01a,Midlothian,2012-13,106.5288,4042.7174,37948,82.3589,212029.5221,2574425,81.4969,5305.89245,62963.625,3
ENV01a,Midlothian,2013-14,82.6455,3181.0887,38490,83.6827,218246.43,2608182,80.984025,5246.03285,63465.125,3
ENV01a,Midlothian,2014-15,40.1682,1570.3932,39091,87.253,227448.6426,2606930,74.6576,5151.3807875,63956.75,3
ENV01a,Midlothian,2015-16,93.9482,3717.8348,39571,85.8496,225243.0558,2623801,81.6416625,5409.703525,64502.25,3
ENV01a,Midlothian,2016-17,96.3597,3874.0394,40206,84.5555,223188.9488,2639525,82.659075,5558.2049125,65054.75,3
ENV01a,Midlothian,2017-18,96.1769,3878.6417,40326,85.3482,226509.8305,2653856,80.9737625,5559.6991125,65528.75,3
ENV01a,Midlothian,2018-19,86.3176,3582.23,41498,85.0147,227743.5619,2678935,81.4871875,5709.81155,66243.75,3
ENV01a,Midlothian,2019-20,62.6179,2601.5831,41549,84.875,229233.4567,2700904,83.211225,5893.30675,66553.5,3
ENV01a,Midlothian,2020-21,83.2183,3554.1515,42709,86.8432,236325.2666,2721266,82.36905,5830.260825,67063.125,3
ENV01a,Midlothian,2021-22,69.6948,3037.8268,43585,81.9629,224558.4928,2739709,80.75215,5905.3600125,67874.375,3
ENV01a,Midlothian,2022-23,73.1305,3238.9627,44288,82.4969,227897.6545,2762469,78.6979625,5766.9802625,68440.375,3
ENV01a,Midlothian,2023-24,92.3955,4157.2776,44993,81.6316,227431.8104,2786197,78.5206,5695.905875,68984.375,3
ENV01a,Midlothian,2024-25,70.47,3212,45582,77.26,216987,2808466,64.635,4815.25,69701.25,3
ENV01a,Moray,2012-13,82.1638,3530.0641,42967,82.3589,212029.5221,2574425,88.0461375,6149.2281125,70603.75,2
ENV01a,Moray,2013-14,73.2701,3368.051,45966,83.6827,218246.43,2608182,88.0463,6063.4812125,70599.5,2
ENV01a,Moray,2014-15,72.9621,3378.9694,46315,87.253,227448.6426,2606930,91.4465,6141.7915625,71022.875,2
ENV01a,Moray,2015-16,70.6014,3216.6888,45564,85.8496,225243.0558,2623801,89.5814875,6110.4726125,71789.625,2
ENV01a,Moray,2016-17,64.5368,2960.8823,45883,84.5555,223188.9488,2639525,89.2604625,5803.85335,72138.875,2
ENV01a,Moray,2017-18,63.4063,2927.7406,46176,85.3482,226509.8305,2653856,85.1444625,5785.4572875,72460.5,2
ENV01a,Moray,2018-19,65.0418,3006.6952,46228,85.0147,227743.5619,2678935,84.777525,5753.451,73163.125,2
ENV01a,Moray,2019-20,46.6091,2187.4988,46933,84.875,229233.4567,2700904,83.460775,5686.5726875,73794.125,2
ENV01a,Moray,2020-21,41.7472,1968.527,47149,86.8432,236325.2666,2721266,86.1470625,5851.2664375,74482.375,2
ENV01a,Moray,2021-22,39.5735,1865.9267,47157,81.9629,224558.4928,2739709,83.8922125,5888.4182875,74884.875,2
ENV01a,Moray,2022-23,42.4875,2035.9506,47917,82.4969,227897.6545,2762469,83.488975,6017.2438875,75762.625,2
ENV01a,Moray,2023-24,41.4483,2023.16,48817,81.6316,227431.8104,2786197,85.609675,6296.5801,76347.625,2
ENV01a,Moray,2024-25,35.1,1730,49281,77.26,216987,2808466,76.77625,5797.75,76825.125,2
ENV01a,North Ayrshire,2012-13,70.1416,4806.1251,68520,82.3589,212029.5221,2574425,88.0461375,6149.2281125,70603.75,2
ENV01a,North Ayrshire,2013-14,75.5492,5185.816,68646,83.6827,218246.43,2608182,88.0463,6063.4812125,70599.5,2
ENV01a,North Ayrshire,2014-15,70.3111,4861.8942,69147,87.253,227448.6426,2606930,91.4465,6141.7915625,71022.875,2
ENV01a,North Ayrshire,2015-16,74.5037,5142.4257,69018,85.8496,225243.0558,2623801,89.5814875,6110.4726125,71789.625,2
ENV01a,North Ayrshire,2016-17,71.5328,4954.8924,69267,84.5555,223188.9488,2639525,89.2604625,5803.85335,72138.875,2
ENV01a,North Ayrshire,2017-18,68.2579,4735.0996,69372,85.3482,226509.8305,2653856,85.1444625,5785.4572875,72460.5,2
ENV01a,North Ayrshire,2018-19,65.3959,4561.2717,69747,85.0147,227743.5619,2678935,84.777525,5753.451,73163.125,2
ENV01a,North Ayrshire,2019-20,67.4612,4720.0679,69966,84.875,229233.4567,2700904,83.460775,5686.5726875,73794.125,2
ENV01a,North Ayrshire,2020-21,76.3644,5345.0309,69995,86.8432,236325.2666,2721266,86.1470625,5851.2664375,74482.375,2
ENV01a,North Ayrshire,2021-22,74.6955,5301.0077,70964,81.9629,224558.4928,2739709,83.8922125,5888.4182875,74884.875,2
ENV01a,North Ayrshire,2022-23,76.471,5464.8627,71463,82.4969,227897.6545,2762469,83.488975,6017.2438875,75762.625,2
ENV01a,North Ayrshire,2023-24,77.608,5563.4309,71685,81.6316,227431.8104,2786197,85.609675,6296.5801,76347.625,2
ENV01a,North Ayrshire,2024-25,65.16,4682,71852,77.26,216987,2808466,76.77625,5797.75,76825.125,2
ENV01a,North Lanarkshire,2012-13,51.6972,7861.149,152068,82.3589,212029.5221,2574425,72.434925,9328.9326,131324.5,Urban
ENV01a,North Lanarkshire,2013-14,51.0939,7797.8296,152636,83.6827,218246.43,2608182,78.1232875,10479.1011625,134196.125,Urban
ENV01a,North Lanarkshire,2014-15,98.449,15154.8997,153927,87.253,227448.6426,2606930,86.523,11805.0303625,132703.875,Urban
ENV01a,North Lanarkshire,2015-16,119.2193,18451.5258,154764,85.8496,225243.0558,2623801,81.424525,11516.6681,133154,Urban
ENV01a,North Lanarkshire,2016-17,102.5566,15973.0429,155745,84.5555,223188.9488,2639525,81.00995,11632.271525,134070.125,Urban
ENV01a,North Lanarkshire,2017-18,95.7629,14999.6572,156639,85.3482,226509.8305,2653856,84.7078375,12313.684825,134726.875,Urban
ENV01a,North Lanarkshire,2018-19,84.2178,13133.5785,155957,85.0147,227743.5619,2678935,83.3608625,12762.6431,135829.375,Urban
ENV01a,North Lanarkshire,2019-20,83.5316,13145.9438,157383,84.875,229233.4567,2700904,81.649175,12579.14655,137285.75,Urban
ENV01a,North Lanarkshire,2020-21,92.7848,14666.7264,158067,86.8432,236325.2666,2721266,83.416325,13037.1401625,138123.375,Urban
ENV01a,North Lanarkshire,2021-22,86.8935,13816.2699,159003,81.9629,224558.4928,2739709,77.7406,11437.856,139193,Urban
ENV01a,North Lanarkshire,2022-23,100.0509,16034.3393,160258,82.4969,227897.6545,2762469,79.9806625,11851.0885,140147.25,Urban
ENV01a,North Lanarkshire,2023-24,98.8352,15898.0352,160847,81.6316,227431.8104,2786197,78.6735625,11500.3064375,141726.25,Urban
ENV01a,North Lanarkshire,2024-25,85.09,13772,161854,77.26,216987,2808466,69.8125,11571.125,142724.75,Urban
ENV01a,Orkney Islands,2012-13,75.087,840.0271,11187,82.3589,212029.5221,2574425,101.5450625,5719.637125,56911.25,Rural
ENV01a,Orkney Islands,2013-14,76.0268,857.0243,11273,83.6827,218246.43,2608182,99.5250125,5492.1885125,57762,Rural
ENV01a,Orkney Islands,2014-15,64.2018,733.3884,11422,87.253,227448.6426,2606930,80.4793125,5332.8775875,58182.75,Rural
ENV01a,Orkney Islands,2015-16,61.8347,712.2954,11520,85.8496,225243.0558,2623801,76.752175,5118.5377125,58529.25,Rural
ENV01a,Orkney Islands,2016-17,59.1914,687.8156,11621,84.5555,223188.9488,2639525,76.4359625,4904.288825,58676.875,Rural
ENV01a,Orkney Islands,2017-18,62.0997,729.6711,11751,85.3482,226509.8305,2653856,75.252175,4654.887575,59015.875,Rural
ENV01a,Orkney Islands,2018-19,79.272,939.8294,11856,85.0147,227743.5619,2678935,73.2889875,4242.039575,59630.625,Rural
ENV01a,Orkney Islands,2019-20,44.206,528.6969,11959,84.875,229233.4567,2700904,71.8008125,4495.1560625,59979.625,Rural
ENV01a,Orkney Islands,2020-21,84.0345,1011.8709,12041,86.8432,236325.2666,2721266,77.624775,4821.9909,60489.375,Rural
ENV01a,Orkney Islands,2021-22,91.6956,1115.8171,12169,81.9629,224558.4928,2739709,81.4736375,4838.1772875,60511.375,Rural
ENV01a,Orkney Islands,2022-23,97.289,1193.1872,12265,82.4969,227897.6545,2762469,85.084175,4851.8941375,60958.375,Rural
ENV01a,Orkney Islands,2023-24,83.2285,1028.6903,12360,81.6316,227431.8104,2786197,82.3769,4936.1838625,61216.375,Rural
ENV01a,Orkney Islands,2024-25,25.53,318,12458,77.26,216987,2808466,74.59875,4939.25,61807.125,Rural
ENV01a,Perth & Kinross,2012-13,96.429,6848.38,71025,82.3589,212029.5221,2574425,88.0461375,6149.2281125,70603.75,2
ENV01a,Perth & Kinross,2013-14,97.4524,6961.2756,71429,83.6827,218246.43,2608182,88.0463,6063.4812125,70599.5,2
ENV01a,Perth & Kinross,2014-15,92.7972,6661.0508,71783,87.253,227448.6426,2606930,91.4465,6141.7915625,71022.875,2
ENV01a,Perth & Kinross,2015-16,88.7763,6438.7232,72528,85.8496,225243.0558,2623801,89.5814875,6110.4726125,71789.625,2
ENV01a,Perth & Kinross,2016-17,86.5862,6330.5236,73115,84.5555,223188.9488,2639525,89.2604625,5803.85335,72138.875,2
ENV01a,Perth & Kinross,2017-18,94.8314,6988.8001,73697,85.3482,226509.8305,2653856,85.1444625,5785.4572875,72460.5,2
ENV01a,Perth & Kinross,2018-19,79.0949,5842.6273,73863,85.0147,227743.5619,2678935,84.777525,5753.451,73163.125,2
ENV01a,Perth & Kinross,2019-20,81.4119,6118.8348,75160,84.875,229233.4567,2700904,83.460775,5686.5726875,73794.125,2
ENV01a,Perth & Kinross,2020-21,84.7307,6457.7288,76219,86.8432,236325.2666,2721266,86.1470625,5851.2664375,74482.375,2
ENV01a,Perth & Kinross,2021-22,83.5052,6422.6669,76913,81.9629,224558.4928,2739709,83.8922125,5888.4182875,74884.875,2
ENV01a,Perth & Kinross,2022-23,88.1408,6864.374,77882,82.4969,227897.6545,2762469,83.488975,6017.2438875,75762.625,2
ENV01a,Perth & Kinross,2023-24,89.3986,7023.5074,78565,81.6316,227431.8104,2786197,85.609675,6296.5801,76347.625,2
ENV01a,Perth & Kinross,2024-25,83.75,6619,79029,77.26,216987,2808466,76.77625,5797.75,76825.125,2
ENV01a,Renfrewshire,2012-13,59.6935,5086.1341,85209,82.3589,212029.5221,2574425,81.4969,5305.89245,62963.625,3
ENV01a,Renfrewshire,2013-14,59.787,5117.5816,85604,83.6827,218246.43,2608182,80.984025,5246.03285,63465.125,3
ENV01a,Renfrewshire,2014-15,71.4011,6177.9564,86524,87.253,227448.6426,2606930,74.6576,5151.3807875,63956.75,3
ENV01a,Renfrewshire,2015-16,73.3009,6361.2126,86790,85.8496,225243.0558,2623801,81.6416625,5409.703525,64502.25,3
ENV01a,Renfrewshire,2016-17,73.236,6524.422,89085,84.5555,223188.9488,2639525,82.659075,5558.2049125,65054.75,3
ENV01a,Renfrewshire,2017-18,68.3873,6093.5299,89103,85.3482,226509.8305,2653856,80.9737625,5559.6991125,65528.75,3
ENV01a,Renfrewshire,2018-19,75.199,6848.2321,91073,85.0147,227743.5619,2678935,81.4871875,5709.81155,66243.75,3
ENV01a,Renfrewshire,2019-20,83.5809,7628.5171,91277,84.875,229233.4567,2700904,83.211225,5893.30675,66553.5,3
ENV01a,Renfrewshire,2020-21,80.0254,7385.5772,92297,86.8432,236325.2666,2721266,82.36905,5830.260825,67063.125,3
ENV01a,Renfrewshire,2021-22,97.4558,9121.6591,93602,81.9629,224558.4928,2739709,80.75215,5905.3600125,67874.375,3
ENV01a,Renfrewshire,2022-23,99.505,9303.1481,93493,82.4969,227897.6545,2762469,78.6979625,5766.9802625,68440.375,3
ENV01a,Renfrewshire,2023-24,78.7384,7381.2677,93746,81.6316,227431.8104,2786197,78.5206,5695.905875,68984.375,3
ENV01a,Renfrewshire,2024-25,71.27,6723,94325,77.26,216987,2808466,64.635,4815.25,69701.25,3
ENV01a,Scottish Borders,2012-13,90.8845,5218.4767,57417,82.3589,212029.5221,2574425,101.5450625,5719.637125,56911.25,Rural
ENV01a,Scottish Borders,2013-14,83.6008,4933.3486,59015,83.6827,218246.43,2608182,99.5250125,5492.1885125,57762,Rural
ENV01a,Scottish Borders,2014-15,74.5096,4405.7132,59133,87.253,227448.6426,2606930,80.4793125,5332.8775875,58182.75,Rural
ENV01a,Scottish Borders,2015-16,76.4682,4518.3319,59092,85.8496,225243.0558,2623801,76.752175,5118.5377125,58529.25,Rural
ENV01a,Scottish Borders,2016-17,66.9867,3980.1595,59422,84.5555,223188.9488,2639525,76.4359625,4904.288825,58676.875,Rural
ENV01a,Scottish Borders,2017-18,77.1588,4597.9629,59592,85.3482,226509.8305,2653856,75.252175,4654.887575,59015.875,Rural
ENV01a,Scottish Borders,2018-19,77.0078,4599.219,59725,85.0147,227743.5619,2678935,73.2889875,4242.039575,59630.625,Rural
ENV01a,Scottish Borders,2019-20,63.7271,3853.6951,60473,84.875,229233.4567,2700904,71.8008125,4495.1560625,59979.625,Rural
ENV01a,Scottish Borders,2020-21,63.665,3868.6357,60760,86.8432,236325.2666,2721266,77.624775,4821.9909,60489.375,Rural
ENV01a,Scottish Borders,2021-22,63.2686,3894.2603,61555,81.9629,224558.4928,2739709,81.4736375,4838.1772875,60511.375,Rural
ENV01a,Scottish Borders,2022-23,67.5957,4183.2508,61886,82.4969,227897.6545,2762469,85.084175,4851.8941375,60958.375,Rural
ENV01a,Scottish Borders,2023-24,67.9122,4208.0899,61966,81.6316,227431.8104,2786197,82.3769,4936.1838625,61216.375,Rural
ENV01a,Scottish Borders,2024-25,68.11,4233,62146,77.26,216987,2808466,74.59875,4939.25,61807.125,Rural
ENV01a,Shetland Islands,2012-13,200.8264,2171.8113,10814,82.3589,212029.5221,2574425,101.5450625,5719.637125,56911.25,Rural
ENV01a,Shetland Islands,2013-14,175.6627,1899.6463,10814,83.6827,218246.43,2608182,99.5250125,5492.1885125,57762,Rural
ENV01a,Shetland Islands,2014-15,59.4516,676.8704,11386,87.253,227448.6426,2606930,80.4793125,5332.8775875,58182.75,Rural
ENV01a,Shetland Islands,2015-16,48.8584,571.9746,11706,85.8496,225243.0558,2623801,76.752175,5118.5377125,58529.25,Rural
ENV01a,Shetland Islands,2016-17,62.9384,729.7396,11595,84.5555,223188.9488,2639525,76.4359625,4904.288825,58676.875,Rural
ENV01a,Shetland Islands,2017-18,62.4878,732.2586,11718,85.3482,226509.8305,2653856,75.252175,4654.887575,59015.875,Rural
ENV01a,Shetland Islands,2018-19,73.4281,856.3452,11662,85.0147,227743.5619,2678935,73.2889875,4242.039575,59630.625,Rural
ENV01a,Shetland Islands,2019-20,92.2447,1091.9008,11837,84.875,229233.4567,2700904,71.8008125,4495.1560625,59979.625,Rural
ENV01a,Shetland Islands,2020-21,74.4559,908.6433,12204,86.8432,236325.2666,2721266,77.624775,4821.9909,60489.375,Rural
ENV01a,Shetland Islands,2021-22,84.7203,1038.7031,12261,81.9629,224558.4928,2739709,81.4736375,4838.1772875,60511.375,Rural
ENV01a,Shetland Islands,2022-23,122.7684,1508.6776,12289,82.4969,227897.6545,2762469,85.084175,4851.8941375,60958.375,Rural
ENV01a,Shetland Islands,2023-24,115.4788,1423.782,12329,81.6316,227431.8104,2786197,82.3769,4936.1838625,61216.375,Rural
ENV01a,Shetland Islands,2024-25,113.59,1403,12351,77.26,216987,2808466,74.59875,4939.25,61807.125,Rural
ENV01a,South Ayrshire,2012-13,88.7949,5282.5584,59492,82.3589,212029.5221,2574425,88.0461375,6149.2281125,70603.75,2
ENV01a,South Ayrshire,2013-14,85.6206,4766.8566,55677,83.6827,218246.43,2608182,88.0463,6063.4812125,70599.5,2
ENV01a,South Ayrshire,2014-15,107.465,6008.4023,55912,87.253,227448.6426,2606930,91.4465,6141.7915625,71022.875,2
ENV01a,South Ayrshire,2015-16,97.7034,5687.6725,58217,85.8496,225243.0558,2623801,89.5814875,6110.4726125,71789.625,2
ENV01a,South Ayrshire,2016-17,109.6575,6207.3718,56609,84.5555,223188.9488,2639525,89.2604625,5803.85335,72138.875,2
ENV01a,South Ayrshire,2017-18,95.323,5396.2023,56609,85.3482,226509.8305,2653856,85.1444625,5785.4572875,72460.5,2
ENV01a,South Ayrshire,2018-19,99.7383,5850.2167,58658,85.0147,227743.5619,2678935,84.777525,5753.451,73163.125,2
ENV01a,South Ayrshire,2019-20,107.5017,6320.9474,58798,84.875,229233.4567,2700904,83.460775,5686.5726875,73794.125,2
ENV01a,South Ayrshire,2020-21,101.2711,6080.8279,60048,86.8432,236325.2666,2721266,86.1470625,5851.2664375,74482.375,2
ENV01a,South Ayrshire,2021-22,91.6606,5423.6892,59172,81.9629,224558.4928,2739709,83.8922125,5888.4182875,74884.875,2
ENV01a,South Ayrshire,2022-23,100.7168,5824.0196,57825,82.4969,227897.6545,2762469,83.488975,6017.2438875,75762.625,2
ENV01a,South Ayrshire,2023-24,104.3104,6081.924,58306,81.6316,227431.8104,2786197,85.609675,6296.5801,76347.625,2
ENV01a,South Ayrshire,2024-25,58.9,3481,59101,77.26,216987,2808466,76.77625,5797.75,76825.125,2
ENV01a,South Lanarkshire,2012-13,92.2915,13439.0402,145621,82.3589,212029.5221,2574425,81.4969,5305.89245,62963.625,3
ENV01a,South Lanarkshire,2013-14,85.7707,12566.0509,146503,83.6827,218246.43,2608182,80.984025,5246.03285,63465.125,3
ENV01a,South Lanarkshire,2014-15,90.6576,13357.0888,147337,87.253,227448.6426,2606930,74.6576,5151.3807875,63956.75,3
ENV01a,South Lanarkshire,2015-16,88.5491,13140.7151,148396,85.8496,225243.0558,2623801,81.6416625,5409.703525,64502.25,3
ENV01a,South Lanarkshire,2016-17,96.4514,14402.2031,149326,84.5555,223188.9488,2639525,82.659075,5558.2049125,65054.75,3
ENV01a,South Lanarkshire,2017-18,99.7217,15022.9445,150655,85.3482,226509.8305,2653856,80.9737625,5559.6991125,65528.75,3
ENV01a,South Lanarkshire,2018-19,98.2204,14939.8724,152101,85.0147,227743.5619,2678935,81.4871875,5709.81155,66243.75,3
ENV01a,South Lanarkshire,2019-20,94.9806,14579.2177,153498,84.875,229233.4567,2700904,83.211225,5893.30675,66553.5,3
ENV01a,South Lanarkshire,2020-21,95.8697,14823.9685,154629,86.8432,236325.2666,2721266,82.36905,5830.260825,67063.125,3
ENV01a,South Lanarkshire,2021-22,94.8386,14831.6051,156396,81.9629,224558.4928,2739709,80.75215,5905.3600125,67874.375,3
ENV01a,South Lanarkshire,2022-23,91.1757,14397.9372,157919,82.4969,227897.6545,2762469,78.6979625,5766.9802625,68440.375,3
ENV01a,South Lanarkshire,2023-24,92.4577,14728.3148,159295,81.6316,227431.8104,2786197,78.5206,5695.905875,68984.375,3
ENV01a,South Lanarkshire,2024-25,83.48,13377,160237,77.26,216987,2808466,64.635,4815.25,69701.25,3
ENV01a,Stirling,2012-13,123.4687,5073.5964,41091,82.3589,212029.5221,2574425,88.0461375,6149.2281125,70603.75,2
ENV01a,Stirling,2013-14,130.8873,5404.1661,41288,83.6827,218246.43,2608182,88.0463,6063.4812125,70599.5,2
ENV01a,Stirling,2014-15,134.9435,5615.4676,41614,87.253,227448.6426,2606930,91.4465,6141.7915625,71022.875,2
ENV01a,Stirling,2015-16,125.6874,5265.3735,41892,85.8496,225243.0558,2623801,89.5814875,6110.4726125,71789.625,2
ENV01a,Stirling,2016-17,158.4858,6806.0989,42943,84.5555,223188.9488,2639525,89.2604625,5803.85335,72138.875,2
ENV01a,Stirling,2017-18,141.8848,6001.6741,42300,85.3482,226509.8305,2653856,85.1444625,5785.4572875,72460.5,2
ENV01a,Stirling,2018-19,155.5588,6662.2901,42828,85.0147,227743.5619,2678935,84.777525,5753.451,73163.125,2
ENV01a,Stirling,2019-20,160.9753,6894.0104,42828,84.875,229233.4567,2700904,83.460775,5686.5726875,73794.125,2
ENV01a,Stirling,2020-21,165.1162,7150.3142,43305,86.8432,236325.2666,2721266,86.1470625,5851.2664375,74482.375,2
ENV01a,Stirling,2021-22,151.8797,6669.1982,43910,81.9629,224558.4928,2739709,83.8922125,5888.4182875,74884.875,2
ENV01a,Stirling,2022-23,138.2372,6090.3853,44057,82.4969,227897.6545,2762469,83.488975,6017.2438875,75762.625,2
ENV01a,Stirling,2023-24,136.0941,6026.9637,44284,81.6316,227431.8104,2786197,85.609675,6296.5801,76347.625,2
ENV01a,Stirling,2024-25,155.9,7037,45138,77.26,216987,2808466,76.77625,5797.75,76825.125,2
ENV01a,West Dunbartonshire,2012-13,57.1302,2607.8453,45644,82.3589,212029.5221,2574425,72.434925,9328.9326,131324.5,Urban
ENV01a,West Dunbartonshire,2013-14,48.6102,2218.9834,45650,83.6827,218246.43,2608182,78.1232875,10479.1011625,134196.125,Urban
ENV01a,West Dunbartonshire,2014-15,54.7148,2494.8663,45593,87.253,227448.6426,2606930,86.523,11805.0303625,132703.875,Urban
ENV01a,West Dunbartonshire,2015-16,46.4262,2131.5408,45907,85.8496,225243.0558,2623801,81.424525,11516.6681,133154,Urban
ENV01a,West Dunbartonshire,2016-17,46.9811,2153.8453,45843,84.5555,223188.9488,2639525,81.00995,11632.271525,134070.125,Urban
ENV01a,West Dunbartonshire,2017-18,49.9773,2291.219,45849,85.3482,226509.8305,2653856,84.7078375,12313.684825,134726.875,Urban
ENV01a,West Dunbartonshire,2018-19,52.2409,2397.0077,45880,85.0147,227743.5619,2678935,83.3608625,12762.6431,135829.375,Urban
ENV01a,West Dunbartonshire,2019-20,57.8239,2660.738,46011,84.875,229233.4567,2700904,81.649175,12579.14655,137285.75,Urban
ENV01a,West Dunbartonshire,2020-21,60.7363,2800.3497,46103,86.8432,236325.2666,2721266,83.416325,13037.1401625,138123.375,Urban
ENV01a,West Dunbartonshire,2021-22,61.7847,2839.1996,45950,81.9629,224558.4928,2739709,77.7406,11437.856,139193,Urban
ENV01a,West Dunbartonshire,2022-23,66.6678,3063.2051,45950,82.4969,227897.6545,2762469,79.9806625,11851.0885,140147.25,Urban
ENV01a,West Dunbartonshire,2023-24,79.6613,3650.1914,45823,81.6316,227431.8104,2786197,78.6735625,11500.3064375,141726.25,Urban
ENV01a,West Dunbartonshire,2024-25,60.07,2744,45679,77.26,216987,2808466,69.8125,11571.125,142724.75,Urban
ENV01a,West Lothian,2012-13,88.4745,6819.1253,77072,82.3589,212029.5221,2574425,81.4969,5305.89245,62963.625,3
ENV01a,West Lothian,2013-14,87.5721,6801.6071,77669,83.6827,218246.43,2608182,80.984025,5246.03285,63465.125,3
ENV01a,West Lothian,2014-15,84.5482,6620.6807,78301,87.253,227448.6426,2606930,74.6576,5151.3807875,63956.75,3
ENV01a,West Lothian,2015-16,88.0146,6961.2514,79096,85.8496,225243.0558,2623801,81.6416625,5409.703525,64502.25,3
ENV01a,West Lothian,2016-17,96.7789,7707.4648,79642,84.5555,223188.9488,2639525,82.659075,5558.2049125,65054.75,3
ENV01a,West Lothian,2017-18,93.4082,7498.5348,80278,85.3482,226509.8305,2653856,80.9737625,5559.6991125,65528.75,3
ENV01a,West Lothian,2018-19,101.0538,8206.7473,81212,85.0147,227743.5619,2678935,81.4871875,5709.81155,66243.75,3
ENV01a,West Lothian,2019-20,110.0528,8968.1291,81488,84.875,229233.4567,2700904,83.211225,5893.30675,66553.5,3
ENV01a,West Lothian,2020-21,94.1532,7736.071,82162,86.8432,236325.2666,2721266,82.36905,5830.260825,67063.125,3
ENV01a,West Lothian,2021-22,92.0812,7635.4608,82920,81.9629,224558.4928,2739709,80.75215,5905.3600125,67874.375,3
ENV01a,West Lothian,2022-23,85.8811,7233.356,84221,82.4969,227897.6545,2762469,78.6979625,5766.9802625,68440.375,3
ENV01a,West Lothian,2023-24,84.7944,7219.4978,85146,81.6316,227431.8104,2786197,78.5206,5695.905875,68984.375,3
ENV01a,West Lothian,2024-25,54.57,4706,86231,77.26,216987,2808466,64.635,4815.25,69701.25,3
ENV04b,Aberdeen City,2010-11,0.254940800451089,,,0.303,,,0.277954317752887,,,Urban
ENV04b,Aberdeen City,2011-12,0.251,,,0.305,,,0.282545828640437,,,Urban
ENV04b,Aberdeen City,2012-13,0.2118,,,0.294,,,0.2596,,,Urban
ENV04b,Aberdeen City,2013-14,0.147,,,0.287,,,0.242625,,,Urban
ENV04b,Aberdeen City,2014-15,0.195621352552913,,,0.2903,,,0.252781883287182,,,Urban
ENV04b,Aberdeen City,2015-16,0.199366089638116,,,0.2895,,,0.247999270297874,,,Urban
ENV04b,Aberdeen City,2016-17,0.212055466432097,,,0.295360469422209,,,0.239563439439133,,,Urban
ENV04b,Aberdeen City,2017-18,0.2264494946027,,,0.301582833715702,,,0.246165494336495,,,Urban
ENV04b,Aberdeen City,2018-19,0.247930721120914,,,0.300265550453715,,,0.251807213444103,,,Urban
ENV04b,Aberdeen City,2019-20,0.234421830019221,,,0.305720104426539,,,0.254301054236369,,,Urban
ENV04b,Aberdeen City,2020-21,0.211,,,0.298,,,0.254875,,,Urban
ENV04b,Aberdeen City,2021-22,0.206268810223524,,,0.275982195317096,,,0.241564767986695,,,Urban
ENV04b,Aberdeen City,2022-23,0.191689924635421,,,0.274254025942425,,,0.236270146976905,,,Urban
ENV04b,Aberdeen City,2023-24,0.189726658612214,,,0.2890026344244,,,0.260501581838537,,,Urban
ENV04b,Aberdeen City,2024-25,0.205807168747167,,,0.306139576409226,,,0.282282841837462,,,Urban
ENV04b,Aberdeen City,2025-26,0.214957243453938,,,0.302580880088046,,,0.266316918638882,,,Urban
ENV04b,Aberdeenshire,2010-11,0.250114005759551,,,0.303,,,0.316976670455955,,,Rural
ENV04b,Aberdeenshire,2011-12,0.245363792847173,,,0.305,,,0.320399958571804,,,Rural
ENV04b,Aberdeenshire,2012-13,0.231,,,0.294,,,0.3104375,,,Rural
ENV04b,Aberdeenshire,2013-14,0.227,,,0.287,,,0.282825,,,Rural
ENV04b,Aberdeenshire,2014-15,0.233835692624719,,,0.2903,,,0.302179540214782,,,Rural
ENV04b,Aberdeenshire,2015-16,0.230014589732687,,,0.2895,,,0.300597683921411,,,Rural
ENV04b,Aberdeenshire,2016-17,0.248004375211291,,,0.295360469422209,,,0.307388252848998,,,Rural
ENV04b,Aberdeenshire,2017-18,0.266216246399218,,,0.301582833715702,,,0.311427938475645,,,Rural
ENV04b,Aberdeenshire,2018-19,0.269646852575336,,,0.300265550453715,,,0.307526646866424,,,Rural
ENV04b,Aberdeenshire,2019-20,0.275143047404799,,,0.305720104426539,,,0.310431022727749,,,Rural
ENV04b,Aberdeenshire,2020-21,0.233,,,0.298,,,0.29925,,,Rural
ENV04b,Aberdeenshire,2021-22,0.20079195732663,,,0.275982195317096,,,0.280666511840324,,,Rural
ENV04b,Aberdeenshire,2022-23,0.213917281870244,,,0.274254025942425,,,0.280828802576671,,,Rural
ENV04b,Aberdeenshire,2023-24,0.216271777697447,,,0.2890026344244,,,0.291998583914503,,,Rural
ENV04b,Aberdeenshire,2024-25,0.224734352798814,,,0.306139576409226,,,0.310052124562876,,,Rural
ENV04b,Aberdeenshire,2025-26,0.224904815117339,,,0.302580880088046,,,0.307623075747999,,,Rural
ENV04b,Angus,2010-11,0.171007924442093,,,0.303,,,0.246848426154566,,,3
ENV04b,Angus,2011-12,0.179360207499242,,,0.305,,,0.246216676967257,,,3
ENV04b,Angus,2012-13,0.179,,,0.294,,,0.23175,,,3
ENV04b,Angus,2013-14,0.185,,,0.287,,,0.2393625,,,3
ENV04b,Angus,2014-15,0.195416929703481,,,0.2903,,,0.24108950447847,,,3
ENV04b,Angus,2015-16,0.19943965920641,,,0.2895,,,0.224706189296605,,,3
ENV04b,Angus,2016-17,0.216104848838318,,,0.295360469422209,,,0.217770919258205,,,3
ENV04b,Angus,2017-18,0.239945791002919,,,0.301582833715702,,,0.229303082379227,,,3
ENV04b,Angus,2018-19,0.265269177266998,,,0.300265550453715,,,0.227561137598482,,,3
ENV04b,Angus,2019-20,0.286343605835812,,,0.305720104426539,,,0.222099313869898,,,3
ENV04b,Angus,2020-21,0.263,,,0.298,,,0.226125,,,3
ENV04b,Angus,2021-22,0.249750356434283,,,0.275982195317096,,,0.223854208340007,,,3
ENV04b,Angus,2022-23,0.264939201314797,,,0.274254025942425,,,0.224461681887142,,,3
ENV04b,Angus,2023-24,0.29939837240433,,,0.2890026344244,,,0.239697724299923,,,3
ENV04b,Angus,2024-25,0.31574418335048,,,0.306139576409226,,,0.261238348842142,,,3
ENV04b,Angus,2025-26,0.285890775243041,,,0.302580880088046,,,0.249292821994915,,,3
ENV04b,Argyll & Bute,2010-11,0.444511415618223,,,0.303,,,0.316976670455955,,,Rural
ENV04b,Argyll & Bute,2011-12,0.476610274768693,,,0.305,,,0.320399958571804,,,Rural
ENV04b,Argyll & Bute,2012-13,0.468,,,0.294,,,0.3104375,,,Rural
ENV04b,Argyll & Bute,2013-14,0.445,,,0.287,,,0.282825,,,Rural
ENV04b,Argyll & Bute,2014-15,0.458388946519212,,,0.2903,,,0.302179540214782,,,Rural
ENV04b,Argyll & Bute,2015-16,0.448905573348173,,,0.2895,,,0.300597683921411,,,Rural
ENV04b,Argyll & Bute,2016-17,0.446004336756161,,,0.295360469422209,,,0.307388252848998,,,Rural
ENV04b,Argyll & Bute,2017-18,0.434853090175874,,,0.301582833715702,,,0.311427938475645,,,Rural
ENV04b,Argyll & Bute,2018-19,0.418030214237838,,,0.300265550453715,,,0.307526646866424,,,Rural
ENV04b,Argyll & Bute,2019-20,0.415896851540744,,,0.305720104426539,,,0.310431022727749,,,Rural
ENV04b,Argyll & Bute,2020-21,0.403,,,0.298,,,0.29925,,,Rural
ENV04b,Argyll & Bute,2021-22,0.367652255742784,,,0.275982195317096,,,0.280666511840324,,,Rural
ENV04b,Argyll & Bute,2022-23,0.373586604479791,,,0.274254025942425,,,0.280828802576671,,,Rural
ENV04b,Argyll & Bute,2023-24,0.376783768233422,,,0.2890026344244,,,0.291998583914503,,,Rural
ENV04b,Argyll & Bute,2024-25,0.387856640645129,,,0.306139576409226,,,0.310052124562876,,,Rural
ENV04b,Argyll & Bute,2025-26,0.381564038582904,,,0.302580880088046,,,0.307623075747999,,,Rural
ENV04b,Clackmannanshire,2010-11,0.264082482322356,,,0.303,,,0.246848426154566,,,3
ENV04b,Clackmannanshire,2011-12,0.237624568212011,,,0.305,,,0.246216676967257,,,3
ENV04b,Clackmannanshire,2012-13,0.218,,,0.294,,,0.23175,,,3
ENV04b,Clackmannanshire,2013-14,0.264,,,0.287,,,0.2393625,,,3
ENV04b,Clackmannanshire,2014-15,0.300542310982808,,,0.2903,,,0.24108950447847,,,3
ENV04b,Clackmannanshire,2015-16,0.236223700591641,,,0.2895,,,0.224706189296605,,,3
ENV04b,Clackmannanshire,2016-17,0.221699130622444,,,0.295360469422209,,,0.217770919258205,,,3
ENV04b,Clackmannanshire,2017-18,0.250719168547217,,,0.301582833715702,,,0.229303082379227,,,3
ENV04b,Clackmannanshire,2018-19,0.242651867364485,,,0.300265550453715,,,0.227561137598482,,,3
ENV04b,Clackmannanshire,2019-20,0.248157954181011,,,0.305720104426539,,,0.222099313869898,,,3
ENV04b,Clackmannanshire,2020-21,0.265,,,0.298,,,0.226125,,,3
ENV04b,Clackmannanshire,2021-22,0.269125666472566,,,0.275982195317096,,,0.223854208340007,,,3
ENV04b,Clackmannanshire,2022-23,0.270528545435414,,,0.274254025942425,,,0.224461681887142,,,3
ENV04b,Clackmannanshire,2023-24,0.278862959514585,,,0.2890026344244,,,0.239697724299923,,,3
ENV04b,Clackmannanshire,2024-25,0.302596176006938,,,0.306139576409226,,,0.261238348842142,,,3
ENV04b,Clackmannanshire,2025-26,0.350686950926476,,,0.302580880088046,,,0.249292821994915,,,3
ENV04b,Dumfries & Galloway,2010-11,0.354947447350169,,,0.303,,,0.316976670455955,,,Rural
ENV04b,Dumfries & Galloway,2011-12,0.372101315447197,,,0.305,,,0.320399958571804,,,Rural
ENV04b,Dumfries & Galloway,2012-13,0.354,,,0.294,,,0.3104375,,,Rural
ENV04b,Dumfries & Galloway,2013-14,0.348,,,0.287,,,0.282825,,,Rural
ENV04b,Dumfries & Galloway,2014-15,0.357748099908325,,,0.2903,,,0.302179540214782,,,Rural
ENV04b,Dumfries & Galloway,2015-16,0.337332895652289,,,0.2895,,,0.300597683921411,,,Rural
ENV04b,Dumfries & Galloway,2016-17,0.339391408994233,,,0.295360469422209,,,0.307388252848998,,,Rural
ENV04b,Dumfries & Galloway,2017-18,0.349366027469246,,,0.301582833715702,,,0.311427938475645,,,Rural
ENV04b,Dumfries & Galloway,2018-19,0.33481172986957,,,0.300265550453715,,,0.307526646866424,,,Rural
ENV04b,Dumfries & Galloway,2019-20,0.338567576613972,,,0.305720104426539,,,0.310431022727749,,,Rural
ENV04b,Dumfries & Galloway,2020-21,0.338,,,0.298,,,0.29925,,,Rural
ENV04b,Dumfries & Galloway,2021-22,0.339150516999154,,,0.275982195317096,,,0.280666511840324,,,Rural
ENV04b,Dumfries & Galloway,2022-23,0.337360652751114,,,0.274254025942425,,,0.280828802576671,,,Rural
ENV04b,Dumfries & Galloway,2023-24,0.356008540428664,,,0.2890026344244,,,0.291998583914503,,,Rural
ENV04b,Dumfries & Galloway,2024-25,0.364347453963305,,,0.306139576409226,,,0.310052124562876,,,Rural
ENV04b,Dumfries & Galloway,2025-26,0.328246808853015,,,0.302580880088046,,,0.307623075747999,,,Rural
ENV04b,Dundee City,2010-11,0.206525330713988,,,0.303,,,0.277954317752887,,,Urban
ENV04b,Dundee City,2011-12,0.213810571921613,,,0.305,,,0.282545828640437,,,Urban
ENV04b,Dundee City,2012-13,0.195,,,0.294,,,0.2596,,,Urban
ENV04b,Dundee City,2013-14,0.1654,,,0.287,,,0.242625,,,Urban
ENV04b,Dundee City,2014-15,0.165438336688647,,,0.2903,,,0.252781883287182,,,Urban
ENV04b,Dundee City,2015-16,0.188227027281336,,,0.2895,,,0.247999270297874,,,Urban
ENV04b,Dundee City,2016-17,0.175373697915444,,,0.295360469422209,,,0.239563439439133,,,Urban
ENV04b,Dundee City,2017-18,0.151800504911579,,,0.301582833715702,,,0.246165494336495,,,Urban
ENV04b,Dundee City,2018-19,0.203165318664056,,,0.300265550453715,,,0.251807213444103,,,Urban
ENV04b,Dundee City,2019-20,0.222606342374963,,,0.305720104426539,,,0.254301054236369,,,Urban
ENV04b,Dundee City,2020-21,0.176,,,0.298,,,0.254875,,,Urban
ENV04b,Dundee City,2021-22,0.1905068691125,,,0.275982195317096,,,0.241564767986695,,,Urban
ENV04b,Dundee City,2022-23,0.206280691330409,,,0.274254025942425,,,0.236270146976905,,,Urban
ENV04b,Dundee City,2023-24,0.25901918531906,,,0.2890026344244,,,0.260501581838537,,,Urban
ENV04b,Dundee City,2024-25,0.260811859001982,,,0.306139576409226,,,0.282282841837462,,,Urban
ENV04b,Dundee City,2025-26,0.20977937207237,,,0.302580880088046,,,0.266316918638882,,,Urban
ENV04b,East Ayrshire,2010-11,0.388970215005431,,,0.303,,,0.347604269449673,,,2
ENV04b,East Ayrshire,2011-12,0.355194591583523,,,0.305,,,0.334934916104093,,,2
ENV04b,East Ayrshire,2012-13,0.297,,,0.294,,,0.3155,,,2
ENV04b,East Ayrshire,2013-14,0.262,,,0.287,,,0.309575,,,2
ENV04b,East Ayrshire,2014-15,0.24548437822534,,,0.2903,,,0.314020801100943,,,2
ENV04b,East Ayrshire,2015-16,0.212854383236062,,,0.2895,,,0.315224410263195,,,2
ENV04b,East Ayrshire,2016-17,0.191274198308392,,,0.295360469422209,,,0.308616365733511,,,2
ENV04b,East Ayrshire,2017-18,0.197832542101629,,,0.301582833715702,,,0.309668744614613,,,2
ENV04b,East Ayrshire,2018-19,0.212209399702837,,,0.300265550453715,,,0.314152193008963,,,2
ENV04b,East Ayrshire,2019-20,0.230308764359943,,,0.305720104426539,,,0.323262696216764,,,2
ENV04b,East Ayrshire,2020-21,0.221,,,0.298,,,0.31025,,,2
ENV04b,East Ayrshire,2021-22,0.171500089507478,,,0.275982195317096,,,0.275054116171778,,,2
ENV04b,East Ayrshire,2022-23,0.155879168352265,,,0.274254025942425,,,0.268285612025671,,,2
ENV04b,East Ayrshire,2023-24,0.175700675164113,,,0.2890026344244,,,0.273742459887074,,,2
ENV04b,East Ayrshire,2024-25,0.176757187341604,,,0.306139576409226,,,0.282664399641465,,,2
ENV04b,East Ayrshire,2025-26,0.149358687917139,,,0.302580880088046,,,0.279401397826487,,,2
ENV04b,East Dunbartonshire,2010-11,0.373712576621721,,,0.303,,,0.277954317752887,,,Urban
ENV04b,East Dunbartonshire,2011-12,0.388249694950906,,,0.305,,,0.282545828640437,,,Urban
ENV04b,East Dunbartonshire,2012-13,0.383,,,0.294,,,0.2596,,,Urban
ENV04b,East Dunbartonshire,2013-14,0.3397,,,0.287,,,0.242625,,,Urban
ENV04b,East Dunbartonshire,2014-15,0.311096632881321,,,0.2903,,,0.252781883287182,,,Urban
ENV04b,East Dunbartonshire,2015-16,0.296579332511341,,,0.2895,,,0.247999270297874,,,Urban
ENV04b,East Dunbartonshire,2016-17,0.294976180561983,,,0.295360469422209,,,0.239563439439133,,,Urban
ENV04b,East Dunbartonshire,2017-18,0.275906073795667,,,0.301582833715702,,,0.246165494336495,,,Urban
ENV04b,East Dunbartonshire,2018-19,0.267561260868155,,,0.300265550453715,,,0.251807213444103,,,Urban
ENV04b,East Dunbartonshire,2019-20,0.282117527965643,,,0.305720104426539,,,0.254301054236369,,,Urban
ENV04b,East Dunbartonshire,2020-21,0.294,,,0.298,,,0.254875,,,Urban
ENV04b,East Dunbartonshire,2021-22,0.283388871282865,,,0.275982195317096,,,0.241564767986695,,,Urban
ENV04b,East Dunbartonshire,2022-23,0.272458570930753,,,0.274254025942425,,,0.236270146976905,,,Urban
ENV04b,East Dunbartonshire,2023-24,0.292290407891648,,,0.2890026344244,,,0.260501581838537,,,Urban
ENV04b,East Dunbartonshire,2024-25,0.338348446390432,,,0.306139576409226,,,0.282282841837462,,,Urban
ENV04b,East Dunbartonshire,2025-26,0.326716440866511,,,0.302580880088046,,,0.266316918638882,,,Urban
ENV04b,East Lothian,2010-11,0.251695164204732,,,0.303,,,0.347604269449673,,,2
ENV04b,East Lothian,2011-12,0.230068129628872,,,0.305,,,0.334934916104093,,,2
ENV04b,East Lothian,2012-13,0.262,,,0.294,,,0.3155,,,2
ENV04b,East Lothian,2013-14,0.28,,,0.287,,,0.309575,,,2
ENV04b,East Lothian,2014-15,0.316570459463108,,,0.2903,,,0.314020801100943,,,2
ENV04b,East Lothian,2015-16,0.339464595541293,,,0.2895,,,0.315224410263195,,,2
ENV04b,East Lothian,2016-17,0.294192827669141,,,0.295360469422209,,,0.308616365733511,,,2
ENV04b,East Lothian,2017-18,0.292738336783194,,,0.301582833715702,,,0.309668744614613,,,2
ENV04b,East Lothian,2018-19,0.317795561658826,,,0.300265550453715,,,0.314152193008963,,,2
ENV04b,East Lothian,2019-20,0.304499206120434,,,0.305720104426539,,,0.323262696216764,,,2
ENV04b,East Lothian,2020-21,0.282,,,0.298,,,0.31025,,,2
ENV04b,East Lothian,2021-22,0.268303195290632,,,0.275982195317096,,,0.275054116171778,,,2
ENV04b,East Lothian,2022-23,0.271817431237605,,,0.274254025942425,,,0.268285612025671,,,2
ENV04b,East Lothian,2023-24,0.280089187182457,,,0.2890026344244,,,0.273742459887074,,,2
ENV04b,East Lothian,2024-25,0.277139498015561,,,0.306139576409226,,,0.282664399641465,,,2
ENV04b,East Lothian,2025-26,0.262793289539062,,,0.302580880088046,,,0.279401397826487,,,2
ENV04b,East Renfrewshire,2010-11,0.264224188670059,,,0.303,,,0.246848426154566,,,3
ENV04b,East Renfrewshire,2011-12,0.23675742051403,,,0.305,,,0.246216676967257,,,3
ENV04b,East Renfrewshire,2012-13,0.182,,,0.294,,,0.23175,,,3
ENV04b,East Renfrewshire,2013-14,0.216,,,0.287,,,0.2393625,,,3
ENV04b,East Renfrewshire,2014-15,0.238895416703227,,,0.2903,,,0.24108950447847,,,3
ENV04b,East Renfrewshire,2015-16,0.187777023174584,,,0.2895,,,0.224706189296605,,,3
ENV04b,East Renfrewshire,2016-17,0.162618641585947,,,0.295360469422209,,,0.217770919258205,,,3
ENV04b,East Renfrewshire,2017-18,0.170127550014207,,,0.301582833715702,,,0.229303082379227,,,3
ENV04b,East Renfrewshire,2018-19,0.172433402189673,,,0.300265550453715,,,0.227561137598482,,,3
ENV04b,East Renfrewshire,2019-20,0.154802449056251,,,0.305720104426539,,,0.222099313869898,,,3
ENV04b,East Renfrewshire,2020-21,0.173,,,0.298,,,0.226125,,,3
ENV04b,East Renfrewshire,2021-22,0.204790583491767,,,0.275982195317096,,,0.223854208340007,,,3
ENV04b,East Renfrewshire,2022-23,0.18662393631799,,,0.274254025942425,,,0.224461681887142,,,3
ENV04b,East Renfrewshire,2023-24,0.206274144034846,,,0.2890026344244,,,0.239697724299923,,,3
ENV04b,East Renfrewshire,2024-25,0.234453478511877,,,0.306139576409226,,,0.261238348842142,,,3
ENV04b,East Renfrewshire,2025-26,0.199598982484689,,,0.302580880088046,,,0.249292821994915,,,3
ENV04b,Edinburgh City,2010-11,0.255866167375796,,,0.303,,,0.277954317752887,,,Urban
ENV04b,Edinburgh City,2011-12,0.274093655278435,,,0.305,,,0.282545828640437,,,Urban
ENV04b,Edinburgh City,2012-13,0.286,,,0.294,,,0.2596,,,Urban
ENV04b,Edinburgh City,2013-14,0.2822,,,0.287,,,0.242625,,,Urban
ENV04b,Edinburgh City,2014-15,0.303246647857601,,,0.2903,,,0.252781883287182,,,Urban
ENV04b,Edinburgh City,2015-16,0.287509407725866,,,0.2895,,,0.247999270297874,,,Urban
ENV04b,Edinburgh City,2016-17,0.241547694474377,,,0.295360469422209,,,0.239563439439133,,,Urban
ENV04b,Edinburgh City,2017-18,0.267577593825495,,,0.301582833715702,,,0.246165494336495,,,Urban
ENV04b,Edinburgh City,2018-19,0.281368327655928,,,0.300265550453715,,,0.251807213444103,,,Urban
ENV04b,Edinburgh City,2019-20,0.290775917100545,,,0.305720104426539,,,0.254301054236369,,,Urban
ENV04b,Edinburgh City,2020-21,0.317,,,0.298,,,0.254875,,,Urban
ENV04b,Edinburgh City,2021-22,0.295645438865313,,,0.275982195317096,,,0.241564767986695,,,Urban
ENV04b,Edinburgh City,2022-23,0.27385474275914,,,0.274254025942425,,,0.236270146976905,,,Urban
ENV04b,Edinburgh City,2023-24,0.289045531434166,,,0.2890026344244,,,0.260501581838537,,,Urban
ENV04b,Edinburgh City,2024-25,0.29256300835325,,,0.306139576409226,,,0.282282841837462,,,Urban
ENV04b,Edinburgh City,2025-26,0.253767380610422,,,0.302580880088046,,,0.266316918638882,,,Urban
ENV04b,Eilean Siar,2010-11,0.505970123194681,,,0.303,,,0.316976670455955,,,Rural
ENV04b,Eilean Siar,2011-12,0.517931190467145,,,0.305,,,0.320399958571804,,,Rural
ENV04b,Eilean Siar,2012-13,0.458,,,0.294,,,0.3104375,,,Rural
ENV04b,Eilean Siar,2013-14,0.3165,,,0.287,,,0.282825,,,Rural
ENV04b,Eilean Siar,2014-15,0.417319371962001,,,0.2903,,,0.302179540214782,,,Rural
ENV04b,Eilean Siar,2015-16,0.382394236792591,,,0.2895,,,0.300597683921411,,,Rural
ENV04b,Eilean Siar,2016-17,0.372796722043107,,,0.295360469422209,,,0.307388252848998,,,Rural
ENV04b,Eilean Siar,2017-18,0.3605588965474,,,0.301582833715702,,,0.311427938475645,,,Rural
ENV04b,Eilean Siar,2018-19,0.345129249136337,,,0.300265550453715,,,0.307526646866424,,,Rural
ENV04b,Eilean Siar,2019-20,0.34311897735147,,,0.305720104426539,,,0.310431022727749,,,Rural
ENV04b,Eilean Siar,2020-21,0.342,,,0.298,,,0.29925,,,Rural
ENV04b,Eilean Siar,2021-22,0.328509609172504,,,0.275982195317096,,,0.280666511840324,,,Rural
ENV04b,Eilean Siar,2022-23,0.314765771008994,,,0.274254025942425,,,0.280828802576671,,,Rural
ENV04b,Eilean Siar,2023-24,0.303150334083238,,,0.2890026344244,,,0.291998583914503,,,Rural
ENV04b,Eilean Siar,2024-25,0.300697696882933,,,0.306139576409226,,,0.310052124562876,,,Rural
ENV04b,Eilean Siar,2025-26,0.301183638637986,,,0.302580880088046,,,0.307623075747999,,,Rural
ENV04b,Falkirk,2010-11,0.269058448720112,,,0.303,,,0.277954317752887,,,Urban
ENV04b,Falkirk,2011-12,0.284,,,0.305,,,0.282545828640437,,,Urban
ENV04b,Falkirk,2012-13,0.25,,,0.294,,,0.2596,,,Urban
ENV04b,Falkirk,2013-14,0.2549,,,0.287,,,0.242625,,,Urban
ENV04b,Falkirk,2014-15,0.282811242178834,,,0.2903,,,0.252781883287182,,,Urban
ENV04b,Falkirk,2015-16,0.275199862435826,,,0.2895,,,0.247999270297874,,,Urban
ENV04b,Falkirk,2016-17,0.285960968755612,,,0.295360469422209,,,0.239563439439133,,,Urban
ENV04b,Falkirk,2017-18,0.292982773033595,,,0.301582833715702,,,0.246165494336495,,,Urban
ENV04b,Falkirk,2018-19,0.256325255915774,,,0.300265550453715,,,0.251807213444103,,,Urban
ENV04b,Falkirk,2019-20,0.286964525398311,,,0.305720104426539,,,0.254301054236369,,,Urban
ENV04b,Falkirk,2020-21,0.336,,,0.298,,,0.254875,,,Urban
ENV04b,Falkirk,2021-22,0.298765871135724,,,0.275982195317096,,,0.241564767986695,,,Urban
ENV04b,Falkirk,2022-23,0.28154884044833,,,0.274254025942425,,,0.236270146976905,,,Urban
ENV04b,Falkirk,2023-24,0.308418139235564,,,0.2890026344244,,,0.260501581838537,,,Urban
ENV04b,Falkirk,2024-25,0.328815845749655,,,0.306139576409226,,,0.282282841837462,,,Urban
ENV04b,Falkirk,2025-26,0.321838009506025,,,0.302580880088046,,,0.266316918638882,,,Urban
ENV04b,Fife,2010-11,0.36839335164177,,,0.303,,,0.347604269449673,,,2
ENV04b,Fife,2011-12,0.358,,,0.305,,,0.334934916104093,,,2
ENV04b,Fife,2012-13,0.339,,,0.294,,,0.3155,,,2
ENV04b,Fife,2013-14,0.313,,,0.287,,,0.309575,,,2
ENV04b,Fife,2014-15,0.296298244723039,,,0.2903,,,0.314020801100943,,,2
ENV04b,Fife,2015-16,0.267584280364351,,,0.2895,,,0.315224410263195,,,2
ENV04b,Fife,2016-17,0.274099307351522,,,0.295360469422209,,,0.308616365733511,,,2
ENV04b,Fife,2017-18,0.299121411460911,,,0.301582833715702,,,0.309668744614613,,,2
ENV04b,Fife,2018-19,0.30747869546584,,,0.300265550453715,,,0.314152193008963,,,2
ENV04b,Fife,2019-20,0.317328834801719,,,0.305720104426539,,,0.323262696216764,,,2
ENV04b,Fife,2020-21,0.306,,,0.298,,,0.31025,,,2
ENV04b,Fife,2021-22,0.292382432386732,,,0.275982195317096,,,0.275054116171778,,,2
ENV04b,Fife,2022-23,0.298573844158943,,,0.274254025942425,,,0.268285612025671,,,2
ENV04b,Fife,2023-24,0.283555383794981,,,0.2890026344244,,,0.273742459887074,,,2
ENV04b,Fife,2024-25,0.288021802246412,,,0.306139576409226,,,0.282664399641465,,,2
ENV04b,Fife,2025-26,0.287305190693527,,,0.302580880088046,,,0.279401397826487,,,2
ENV04b,Glasgow City,2010-11,0.310917274001689,,,0.303,,,0.277954317752887,,,Urban
ENV04b,Glasgow City,2011-12,0.322512446576103,,,0.305,,,0.282545828640437,,,Urban
ENV04b,Glasgow City,2012-13,0.281,,,0.294,,,0.2596,,,Urban
ENV04b,Glasgow City,2013-14,0.2823,,,0.287,,,0.242625,,,Urban
ENV04b,Glasgow City,2014-15,0.284027458451028,,,0.2903,,,0.252781883287182,,,Urban
ENV04b,Glasgow City,2015-16,0.244466334215765,,,0.2895,,,0.247999270297874,,,Urban
ENV04b,Glasgow City,2016-17,0.24524015179116,,,0.295360469422209,,,0.239563439439133,,,Urban
ENV04b,Glasgow City,2017-18,0.282899150725729,,,0.301582833715702,,,0.246165494336495,,,Urban
ENV04b,Glasgow City,2018-19,0.292897793716379,,,0.300265550453715,,,0.251807213444103,,,Urban
ENV04b,Glasgow City,2019-20,0.291669060614766,,,0.305720104426539,,,0.254301054236369,,,Urban
ENV04b,Glasgow City,2020-21,0.313,,,0.298,,,0.254875,,,Urban
ENV04b,Glasgow City,2021-22,0.311824517693007,,,0.275982195317096,,,0.241564767986695,,,Urban
ENV04b,Glasgow City,2022-23,0.283773675357791,,,0.274254025942425,,,0.236270146976905,,,Urban
ENV04b,Glasgow City,2023-24,0.305947970863684,,,0.2890026344244,,,0.260501581838537,,,Urban
ENV04b,Glasgow City,2024-25,0.347192101001944,,,0.306139576409226,,,0.282282841837462,,,Urban
ENV04b,Glasgow City,2025-26,0.349646972623726,,,0.302580880088046,,,0.266316918638882,,,Urban
ENV04b,Highland,2010-11,0.23491403510983,,,0.303,,,0.316976670455955,,,Rural
ENV04b,Highland,2011-12,0.241424381181837,,,0.305,,,0.320399958571804,,,Rural
ENV04b,Highland,2012-13,0.246,,,0.294,,,0.3104375,,,Rural
ENV04b,Highland,2013-14,0.2533,,,0.287,,,0.282825,,,Rural
ENV04b,Highland,2014-15,0.252826034560285,,,0.2903,,,0.302179540214782,,,Rural
ENV04b,Highland,2015-16,0.26945783238933,,,0.2895,,,0.300597683921411,,,Rural
ENV04b,Highland,2016-17,0.291277520179032,,,0.295360469422209,,,0.307388252848998,,,Rural
ENV04b,Highland,2017-18,0.288959153002652,,,0.301582833715702,,,0.311427938475645,,,Rural
ENV04b,Highland,2018-19,0.29254168503397,,,0.300265550453715,,,0.307526646866424,,,Rural
ENV04b,Highland,2019-20,0.306062037976094,,,0.305720104426539,,,0.310431022727749,,,Rural
ENV04b,Highland,2020-21,0.298,,,0.298,,,0.29925,,,Rural
ENV04b,Highland,2021-22,0.26297140605234,,,0.275982195317096,,,0.280666511840324,,,Rural
ENV04b,Highland,2022-23,0.262428378727713,,,0.274254025942425,,,0.280828802576671,,,Rural
ENV04b,Highland,2023-24,0.287931067131008,,,0.2890026344244,,,0.291998583914503,,,Rural
ENV04b,Highland,2024-25,0.301109002025496,,,0.306139576409226,,,0.310052124562876,,,Rural
ENV04b,Highland,2025-26,0.311111576839818,,,0.302580880088046,,,0.307623075747999,,,Rural
ENV04b,Inverclyde,2010-11,0.296593163980742,,,0.303,,,0.246848426154566,,,3
ENV04b,Inverclyde,2011-12,0.307386932125495,,,0.305,,,0.246216676967257,,,3
ENV04b,Inverclyde,2012-13,0.327,,,0.294,,,0.23175,,,3
ENV04b,Inverclyde,2013-14,0.3781,,,0.287,,,0.2393625,,,3
ENV04b,Inverclyde,2014-15,0.338928318670469,,,0.2903,,,0.24108950447847,,,3
ENV04b,Inverclyde,2015-16,0.311731818379024,,,0.2895,,,0.224706189296605,,,3
ENV04b,Inverclyde,2016-17,0.296256771957596,,,0.295360469422209,,,0.217770919258205,,,3
ENV04b,Inverclyde,2017-18,0.240992144820801,,,0.301582833715702,,,0.229303082379227,,,3
ENV04b,Inverclyde,2018-19,0.190322385153975,,,0.300265550453715,,,0.227561137598482,,,3
ENV04b,Inverclyde,2019-20,0.205962442456116,,,0.305720104426539,,,0.222099313869898,,,3
ENV04b,Inverclyde,2020-21,0.208,,,0.298,,,0.226125,,,3
ENV04b,Inverclyde,2021-22,0.166969530577426,,,0.275982195317096,,,0.223854208340007,,,3
ENV04b,Inverclyde,2022-23,0.160150701714403,,,0.274254025942425,,,0.224461681887142,,,3
ENV04b,Inverclyde,2023-24,0.174233415414661,,,0.2890026344244,,,0.239697724299923,,,3
ENV04b,Inverclyde,2024-25,0.178236533920212,,,0.306139576409226,,,0.261238348842142,,,3
ENV04b,Inverclyde,2025-26,0.16744566403956,,,0.302580880088046,,,0.249292821994915,,,3
ENV04b,Midlothian,2010-11,0.211244263008769,,,0.303,,,0.246848426154566,,,3
ENV04b,Midlothian,2011-12,0.227,,,0.305,,,0.246216676967257,,,3
ENV04b,Midlothian,2012-13,0.241,,,0.294,,,0.23175,,,3
ENV04b,Midlothian,2013-14,0.2209,,,0.287,,,0.2393625,,,3
ENV04b,Midlothian,2014-15,0.216255691457367,,,0.2903,,,0.24108950447847,,,3
ENV04b,Midlothian,2015-16,0.204018967718738,,,0.2895,,,0.224706189296605,,,3
ENV04b,Midlothian,2016-17,0.208584866141393,,,0.295360469422209,,,0.217770919258205,,,3
ENV04b,Midlothian,2017-18,0.250098533291344,,,0.301582833715702,,,0.229303082379227,,,3
ENV04b,Midlothian,2018-19,0.274482097577758,,,0.300265550453715,,,0.227561137598482,,,3
ENV04b,Midlothian,2019-20,0.247823019290234,,,0.305720104426539,,,0.222099313869898,,,3
ENV04b,Midlothian,2020-21,0.221,,,0.298,,,0.226125,,,3
ENV04b,Midlothian,2021-22,0.242726718455906,,,0.275982195317096,,,0.223854208340007,,,3
ENV04b,Midlothian,2022-23,0.293380260198376,,,0.274254025942425,,,0.224461681887142,,,3
ENV04b,Midlothian,2023-24,0.274299268697711,,,0.2890026344244,,,0.239697724299923,,,3
ENV04b,Midlothian,2024-25,0.264611084086394,,,0.306139576409226,,,0.261238348842142,,,3
ENV04b,Midlothian,2025-26,0.251990158448402,,,0.302580880088046,,,0.249292821994915,,,3
ENV04b,Moray,2010-11,0.235086338605146,,,0.303,,,0.347604269449673,,,2
ENV04b,Moray,2011-12,0.22553673204639,,,0.305,,,0.334934916104093,,,2
ENV04b,Moray,2012-13,0.223,,,0.294,,,0.3155,,,2
ENV04b,Moray,2013-14,0.1929,,,0.287,,,0.309575,,,2
ENV04b,Moray,2014-15,0.200493763179417,,,0.2903,,,0.314020801100943,,,2
ENV04b,Moray,2015-16,0.24499135356484,,,0.2895,,,0.315224410263195,,,2
ENV04b,Moray,2016-17,0.251650700005179,,,0.295360469422209,,,0.308616365733511,,,2
ENV04b,Moray,2017-18,0.25866394769579,,,0.301582833715702,,,0.309668744614613,,,2
ENV04b,Moray,2018-19,0.285593794833441,,,0.300265550453715,,,0.314152193008963,,,2
ENV04b,Moray,2019-20,0.291611740484757,,,0.305720104426539,,,0.323262696216764,,,2
ENV04b,Moray,2020-21,0.266,,,0.298,,,0.31025,,,2
ENV04b,Moray,2021-22,0.231747429677681,,,0.275982195317096,,,0.275054116171778,,,2
ENV04b,Moray,2022-23,0.241267717794602,,,0.274254025942425,,,0.268285612025671,,,2
ENV04b,Moray,2023-24,0.267815758545084,,,0.2890026344244,,,0.273742459887074,,,2
ENV04b,Moray,2024-25,0.269871399631397,,,0.306139576409226,,,0.282664399641465,,,2
ENV04b,Moray,2025-26,0.251816465355804,,,0.302580880088046,,,0.279401397826487,,,2
ENV04b,North Ayrshire,2010-11,0.467327854187417,,,0.303,,,0.347604269449673,,,2
ENV04b,North Ayrshire,2011-12,0.443665079477561,,,0.305,,,0.334934916104093,,,2
ENV04b,North Ayrshire,2012-13,0.363,,,0.294,,,0.3155,,,2
ENV04b,North Ayrshire,2013-14,0.355,,,0.287,,,0.309575,,,2
ENV04b,North Ayrshire,2014-15,0.348718977333651,,,0.2903,,,0.314020801100943,,,2
ENV04b,North Ayrshire,2015-16,0.355959667588678,,,0.2895,,,0.315224410263195,,,2
ENV04b,North Ayrshire,2016-17,0.361882627883165,,,0.295360469422209,,,0.308616365733511,,,2
ENV04b,North Ayrshire,2017-18,0.362176175747958,,,0.301582833715702,,,0.309668744614613,,,2
ENV04b,North Ayrshire,2018-19,0.373034259223193,,,0.300265550453715,,,0.314152193008963,,,2
ENV04b,North Ayrshire,2019-20,0.387772569571035,,,0.305720104426539,,,0.323262696216764,,,2
ENV04b,North Ayrshire,2020-21,0.363,,,0.298,,,0.31025,,,2
ENV04b,North Ayrshire,2021-22,0.299304412271245,,,0.275982195317096,,,0.275054116171778,,,2
ENV04b,North Ayrshire,2022-23,0.306982084765868,,,0.274254025942425,,,0.268285612025671,,,2
ENV04b,North Ayrshire,2023-24,0.289166381133439,,,0.2890026344244,,,0.273742459887074,,,2
ENV04b,North Ayrshire,2024-25,0.266939981989207,,,0.306139576409226,,,0.282664399641465,,,2
ENV04b,North Ayrshire,2025-26,0.276855989343089,,,0.302580880088046,,,0.279401397826487,,,2
ENV04b,North Lanarkshire,2010-11,0.285736327280231,,,0.303,,,0.277954317752887,,,Urban
ENV04b,North Lanarkshire,2011-12,0.251321601726594,,,0.305,,,0.282545828640437,,,Urban
ENV04b,North Lanarkshire,2012-13,0.228,,,0.294,,,0.2596,,,Urban
ENV04b,North Lanarkshire,2013-14,0.222,,,0.287,,,0.242625,,,Urban
ENV04b,North Lanarkshire,2014-15,0.224955883525452,,,0.2903,,,0.252781883287182,,,Urban
ENV04b,North Lanarkshire,2015-16,0.227386916525875,,,0.2895,,,0.247999270297874,,,Urban
ENV04b,North Lanarkshire,2016-17,0.191475576834288,,,0.295360469422209,,,0.239563439439133,,,Urban
ENV04b,North Lanarkshire,2017-18,0.203480178137912,,,0.301582833715702,,,0.246165494336495,,,Urban
ENV04b,North Lanarkshire,2018-19,0.180429439874809,,,0.300265550453715,,,0.251807213444103,,,Urban
ENV04b,North Lanarkshire,2019-20,0.173176966434122,,,0.305720104426539,,,0.254301054236369,,,Urban
ENV04b,North Lanarkshire,2020-21,0.197,,,0.298,,,0.254875,,,Urban
ENV04b,North Lanarkshire,2021-22,0.170259923802391,,,0.275982195317096,,,0.241564767986695,,,Urban
ENV04b,North Lanarkshire,2022-23,0.212517632801832,,,0.274254025942425,,,0.236270146976905,,,Urban
ENV04b,North Lanarkshire,2023-24,0.247290378351382,,,0.2890026344244,,,0.260501581838537,,,Urban
ENV04b,North Lanarkshire,2024-25,0.237737591047058,,,0.306139576409226,,,0.282282841837462,,,Urban
ENV04b,North Lanarkshire,2025-26,0.236147886293127,,,0.302580880088046,,,0.266316918638882,,,Urban
ENV04b,Orkney Islands,2010-11,0.243542152726587,,,0.303,,,0.316976670455955,,,Rural
ENV04b,Orkney Islands,2011-12,0.180937280203768,,,0.305,,,0.320399958571804,,,Rural
ENV04b,Orkney Islands,2012-13,0.1855,,,0.294,,,0.3104375,,,Rural
ENV04b,Orkney Islands,2013-14,0.1683,,,0.287,,,0.282825,,,Rural
ENV04b,Orkney Islands,2014-15,0.180169926075261,,,0.2903,,,0.302179540214782,,,Rural
ENV04b,Orkney Islands,2015-16,0.203500832836966,,,0.2895,,,0.300597683921411,,,Rural
ENV04b,Orkney Islands,2016-17,0.220671393453761,,,0.295360469422209,,,0.307388252848998,,,Rural
ENV04b,Orkney Islands,2017-18,0.223919066054879,,,0.301582833715702,,,0.311427938475645,,,Rural
ENV04b,Orkney Islands,2018-19,0.246610646424663,,,0.300265550453715,,,0.307526646866424,,,Rural
ENV04b,Orkney Islands,2019-20,0.267900380421404,,,0.305720104426539,,,0.310431022727749,,,Rural
ENV04b,Orkney Islands,2020-21,0.258,,,0.298,,,0.29925,,,Rural
ENV04b,Orkney Islands,2021-22,0.250573864298823,,,0.275982195317096,,,0.280666511840324,,,Rural
ENV04b,Orkney Islands,2022-23,0.262926723536854,,,0.274254025942425,,,0.280828802576671,,,Rural
ENV04b,Orkney Islands,2023-24,0.289789890356423,,,0.2890026344244,,,0.291998583914503,,,Rural
ENV04b,Orkney Islands,2024-25,0.341572738844315,,,0.306139576409226,,,0.310052124562876,,,Rural
ENV04b,Orkney Islands,2025-26,0.350519586662357,,,0.302580880088046,,,0.307623075747999,,,Rural
ENV04b,Perth & Kinross,2010-11,0.364048798906755,,,0.303,,,0.347604269449673,,,2
ENV04b,Perth & Kinross,2011-12,0.362376766840888,,,0.305,,,0.334934916104093,,,2
ENV04b,Perth & Kinross,2012-13,0.365,,,0.294,,,0.3155,,,2
ENV04b,Perth & Kinross,2013-14,0.3741,,,0.287,,,0.309575,,,2
ENV04b,Perth & Kinross,2014-15,0.381127995744359,,,0.2903,,,0.314020801100943,,,2
ENV04b,Perth & Kinross,2015-16,0.374131296613572,,,0.2895,,,0.315224410263195,,,2
ENV04b,Perth & Kinross,2016-17,0.39765951556335,,,0.295360469422209,,,0.308616365733511,,,2
ENV04b,Perth & Kinross,2017-18,0.389459705229355,,,0.301582833715702,,,0.309668744614613,,,2
ENV04b,Perth & Kinross,2018-19,0.371247420573605,,,0.300265550453715,,,0.314152193008963,,,2
ENV04b,Perth & Kinross,2019-20,0.393697708728197,,,0.305720104426539,,,0.323262696216764,,,2
ENV04b,Perth & Kinross,2020-21,0.377,,,0.298,,,0.31025,,,2
ENV04b,Perth & Kinross,2021-22,0.357061072554516,,,0.275982195317096,,,0.275054116171778,,,2
ENV04b,Perth & Kinross,2022-23,0.344403336717418,,,0.274254025942425,,,0.268285612025671,,,2
ENV04b,Perth & Kinross,2023-24,0.362968864648561,,,0.2890026344244,,,0.273742459887074,,,2
ENV04b,Perth & Kinross,2024-25,0.402475958125362,,,0.306139576409226,,,0.282664399641465,,,2
ENV04b,Perth & Kinross,2025-26,0.405325615833012,,,0.302580880088046,,,0.279401397826487,,,2
ENV04b,Renfrewshire,2010-11,0.290859323370405,,,0.303,,,0.246848426154566,,,3
ENV04b,Renfrewshire,2011-12,0.296,,,0.305,,,0.246216676967257,,,3
ENV04b,Renfrewshire,2012-13,0.26,,,0.294,,,0.23175,,,3
ENV04b,Renfrewshire,2013-14,0.2579,,,0.287,,,0.2393625,,,3
ENV04b,Renfrewshire,2014-15,0.263408388685561,,,0.2903,,,0.24108950447847,,,3
ENV04b,Renfrewshire,2015-16,0.26329172969093,,,0.2895,,,0.224706189296605,,,3
ENV04b,Renfrewshire,2016-17,0.223941786745203,,,0.295360469422209,,,0.217770919258205,,,3
ENV04b,Renfrewshire,2017-18,0.23760228910249,,,0.301582833715702,,,0.229303082379227,,,3
ENV04b,Renfrewshire,2018-19,0.230273887006621,,,0.300265550453715,,,0.227561137598482,,,3
ENV04b,Renfrewshire,2019-20,0.199659987692586,,,0.305720104426539,,,0.222099313869898,,,3
ENV04b,Renfrewshire,2020-21,0.194,,,0.298,,,0.226125,,,3
ENV04b,Renfrewshire,2021-22,0.172872392598887,,,0.275982195317096,,,0.223854208340007,,,3
ENV04b,Renfrewshire,2022-23,0.155465995304559,,,0.274254025942425,,,0.224461681887142,,,3
ENV04b,Renfrewshire,2023-24,0.148353880516086,,,0.2890026344244,,,0.239697724299923,,,3
ENV04b,Renfrewshire,2024-25,0.181194273038207,,,0.306139576409226,,,0.261238348842142,,,3
ENV04b,Renfrewshire,2025-26,0.187039841861144,,,0.302580880088046,,,0.249292821994915,,,3
ENV04b,Scottish Borders,2010-11,0.255288146728362,,,0.303,,,0.316976670455955,,,Rural
ENV04b,Scottish Borders,2011-12,0.265099668055845,,,0.305,,,0.320399958571804,,,Rural
ENV04b,Scottish Borders,2012-13,0.289,,,0.294,,,0.3104375,,,Rural
ENV04b,Scottish Borders,2013-14,0.2937,,,0.287,,,0.282825,,,Rural
ENV04b,Scottish Borders,2014-15,0.304670590842337,,,0.2903,,,0.302179540214782,,,Rural
ENV04b,Scottish Borders,2015-16,0.325747269099718,,,0.2895,,,0.300597683921411,,,Rural
ENV04b,Scottish Borders,2016-17,0.342624215799419,,,0.295360469422209,,,0.307388252848998,,,Rural
ENV04b,Scottish Borders,2017-18,0.379802155189477,,,0.301582833715702,,,0.311427938475645,,,Rural
ENV04b,Scottish Borders,2018-19,0.378784887542028,,,0.300265550453715,,,0.307526646866424,,,Rural
ENV04b,Scottish Borders,2019-20,0.372139976990767,,,0.305720104426539,,,0.310431022727749,,,Rural
ENV04b,Scottish Borders,2020-21,0.365,,,0.298,,,0.29925,,,Rural
ENV04b,Scottish Borders,2021-22,0.347987070282566,,,0.275982195317096,,,0.280666511840324,,,Rural
ENV04b,Scottish Borders,2022-23,0.347271819760118,,,0.274254025942425,,,0.280828802576671,,,Rural
ENV04b,Scottish Borders,2023-24,0.368927936779753,,,0.2890026344244,,,0.291998583914503,,,Rural
ENV04b,Scottish Borders,2024-25,0.399687541782701,,,0.306139576409226,,,0.310052124562876,,,Rural
ENV04b,Scottish Borders,2025-26,0.403106181545406,,,0.302580880088046,,,0.307623075747999,,,Rural
ENV04b,Shetland Islands,2010-11,0.246526037160235,,,0.303,,,0.316976670455955,,,Rural
ENV04b,Shetland Islands,2011-12,0.263731765602778,,,0.305,,,0.320399958571804,,,Rural
ENV04b,Shetland Islands,2012-13,0.252,,,0.294,,,0.3104375,,,Rural
ENV04b,Shetland Islands,2013-14,0.2108,,,0.287,,,0.282825,,,Rural
ENV04b,Shetland Islands,2014-15,0.212477659226115,,,0.2903,,,0.302179540214782,,,Rural
ENV04b,Shetland Islands,2015-16,0.207428241519534,,,0.2895,,,0.300597683921411,,,Rural
ENV04b,Shetland Islands,2016-17,0.198336050354981,,,0.295360469422209,,,0.307388252848998,,,Rural
ENV04b,Shetland Islands,2017-18,0.187748872966411,,,0.301582833715702,,,0.311427938475645,,,Rural
ENV04b,Shetland Islands,2018-19,0.174657910111647,,,0.300265550453715,,,0.307526646866424,,,Rural
ENV04b,Shetland Islands,2019-20,0.164619333522743,,,0.305720104426539,,,0.310431022727749,,,Rural
ENV04b,Shetland Islands,2020-21,0.157,,,0.298,,,0.29925,,,Rural
ENV04b,Shetland Islands,2021-22,0.147695414847791,,,0.275982195317096,,,0.280666511840324,,,Rural
ENV04b,Shetland Islands,2022-23,0.134373188478539,,,0.274254025942425,,,0.280828802576671,,,Rural
ENV04b,Shetland Islands,2023-24,0.13712535660607,,,0.2890026344244,,,0.291998583914503,,,Rural
ENV04b,Shetland Islands,2024-25,0.160411569560318,,,0.306139576409226,,,0.310052124562876,,,Rural
ENV04b,Shetland Islands,2025-26,0.160347959745164,,,0.302580880088046,,,0.307623075747999,,,Rural
ENV04b,South Ayrshire,2010-11,0.360126807814904,,,0.303,,,0.347604269449673,,,2
ENV04b,South Ayrshire,2011-12,0.383811306606839,,,0.305,,,0.334934916104093,,,2
ENV04b,South Ayrshire,2012-13,0.384,,,0.294,,,0.3155,,,2
ENV04b,South Ayrshire,2013-14,0.416,,,0.287,,,0.309575,,,2
ENV04b,South Ayrshire,2014-15,0.422446780806307,,,0.2903,,,0.314020801100943,,,2
ENV04b,South Ayrshire,2015-16,0.416578845012805,,,0.2895,,,0.315224410263195,,,2
ENV04b,South Ayrshire,2016-17,0.385946016227784,,,0.295360469422209,,,0.308616365733511,,,2
ENV04b,South Ayrshire,2017-18,0.382124996487749,,,0.301582833715702,,,0.309668744614613,,,2
ENV04b,South Ayrshire,2018-19,0.360692962101428,,,0.300265550453715,,,0.314152193008963,,,2
ENV04b,South Ayrshire,2019-20,0.34141139820591,,,0.305720104426539,,,0.323262696216764,,,2
ENV04b,South Ayrshire,2020-21,0.341,,,0.298,,,0.31025,,,2
ENV04b,South Ayrshire,2021-22,0.288619823785489,,,0.275982195317096,,,0.275054116171778,,,2
ENV04b,South Ayrshire,2022-23,0.230408778228859,,,0.274254025942425,,,0.268285612025671,,,2
ENV04b,South Ayrshire,2023-24,0.216746222977571,,,0.2890026344244,,,0.273742459887074,,,2
ENV04b,South Ayrshire,2024-25,0.234124476429491,,,0.306139576409226,,,0.282664399641465,,,2
ENV04b,South Ayrshire,2025-26,0.215866451312819,,,0.302580880088046,,,0.279401397826487,,,2
ENV04b,South Lanarkshire,2010-11,0.279435665222475,,,0.303,,,0.246848426154566,,,3
ENV04b,South Lanarkshire,2011-12,0.272646378921944,,,0.305,,,0.246216676967257,,,3
ENV04b,South Lanarkshire,2012-13,0.259,,,0.294,,,0.23175,,,3
ENV04b,South Lanarkshire,2013-14,0.227,,,0.287,,,0.2393625,,,3
ENV04b,South Lanarkshire,2014-15,0.209569251031716,,,0.2903,,,0.24108950447847,,,3
ENV04b,South Lanarkshire,2015-16,0.221789317794464,,,0.2895,,,0.224706189296605,,,3
ENV04b,South Lanarkshire,2016-17,0.229778782463323,,,0.295360469422209,,,0.217770919258205,,,3
ENV04b,South Lanarkshire,2017-18,0.228870911198543,,,0.301582833715702,,,0.229303082379227,,,3
ENV04b,South Lanarkshire,2018-19,0.233028625282582,,,0.300265550453715,,,0.227561137598482,,,3
ENV04b,South Lanarkshire,2019-20,0.231766768891606,,,0.305720104426539,,,0.222099313869898,,,3
ENV04b,South Lanarkshire,2020-21,0.239,,,0.298,,,0.226125,,,3
ENV04b,South Lanarkshire,2021-22,0.239889128449678,,,0.275982195317096,,,0.223854208340007,,,3
ENV04b,South Lanarkshire,2022-23,0.239060683044092,,,0.274254025942425,,,0.224461681887142,,,3
ENV04b,South Lanarkshire,2023-24,0.249447923015258,,,0.2890026344244,,,0.239697724299923,,,3
ENV04b,South Lanarkshire,2024-25,0.277387369974641,,,0.306139576409226,,,0.261238348842142,,,3
ENV04b,South Lanarkshire,2025-26,0.265119804635705,,,0.302580880088046,,,0.249292821994915,,,3
ENV04b,Stirling,2010-11,0.345185625231229,,,0.303,,,0.347604269449673,,,2
ENV04b,Stirling,2011-12,0.32082672264867,,,0.305,,,0.334934916104093,,,2
ENV04b,Stirling,2012-13,0.291,,,0.294,,,0.3155,,,2
ENV04b,Stirling,2013-14,0.2836,,,0.287,,,0.309575,,,2
ENV04b,Stirling,2014-15,0.301025809332324,,,0.2903,,,0.314020801100943,,,2
ENV04b,Stirling,2015-16,0.31023086018396,,,0.2895,,,0.315224410263195,,,2
ENV04b,Stirling,2016-17,0.312225732859556,,,0.295360469422209,,,0.308616365733511,,,2
ENV04b,Stirling,2017-18,0.295232841410319,,,0.301582833715702,,,0.309668744614613,,,2
ENV04b,Stirling,2018-19,0.285165450512533,,,0.300265550453715,,,0.314152193008963,,,2
ENV04b,Stirling,2019-20,0.31947134746212,,,0.305720104426539,,,0.323262696216764,,,2
ENV04b,Stirling,2020-21,0.326,,,0.298,,,0.31025,,,2
ENV04b,Stirling,2021-22,0.291514473900449,,,0.275982195317096,,,0.275054116171778,,,2
ENV04b,Stirling,2022-23,0.296952534949809,,,0.274254025942425,,,0.268285612025671,,,2
ENV04b,Stirling,2023-24,0.313897205650389,,,0.2890026344244,,,0.273742459887074,,,2
ENV04b,Stirling,2024-25,0.345984893352691,,,0.306139576409226,,,0.282664399641465,,,2
ENV04b,Stirling,2025-26,0.385889492617445,,,0.302580880088046,,,0.279401397826487,,,2
ENV04b,West Dunbartonshire,2010-11,0.266877616858473,,,0.303,,,0.277954317752887,,,Urban
ENV04b,West Dunbartonshire,2011-12,0.275378658669842,,,0.305,,,0.282545828640437,,,Urban
ENV04b,West Dunbartonshire,2012-13,0.242,,,0.294,,,0.2596,,,Urban
ENV04b,West Dunbartonshire,2013-14,0.2475,,,0.287,,,0.242625,,,Urban
ENV04b,West Dunbartonshire,2014-15,0.255057512161663,,,0.2903,,,0.252781883287182,,,Urban
ENV04b,West Dunbartonshire,2015-16,0.265259192048869,,,0.2895,,,0.247999270297874,,,Urban
ENV04b,West Dunbartonshire,2016-17,0.269877778748102,,,0.295360469422209,,,0.239563439439133,,,Urban
ENV04b,West Dunbartonshire,2017-18,0.268228185659284,,,0.301582833715702,,,0.246165494336495,,,Urban
ENV04b,West Dunbartonshire,2018-19,0.28477958973681,,,0.300265550453715,,,0.251807213444103,,,Urban
ENV04b,West Dunbartonshire,2019-20,0.252676263983378,,,0.305720104426539,,,0.254301054236369,,,Urban
ENV04b,West Dunbartonshire,2020-21,0.195,,,0.298,,,0.254875,,,Urban
ENV04b,West Dunbartonshire,2021-22,0.175857841778239,,,0.275982195317096,,,0.241564767986695,,,Urban
ENV04b,West Dunbartonshire,2022-23,0.168037097551563,,,0.274254025942425,,,0.236270146976905,,,Urban
ENV04b,West Dunbartonshire,2023-24,0.192274383000579,,,0.2890026344244,,,0.260501581838537,,,Urban
ENV04b,West Dunbartonshire,2024-25,0.246986714408211,,,0.306139576409226,,,0.282282841837462,,,Urban
ENV04b,West Dunbartonshire,2025-26,0.21768204368494,,,0.302580880088046,,,0.266316918638882,,,Urban
ENV04b,West Lothian,2010-11,0.197340398219634,,,0.303,,,0.246848426154566,,,3
ENV04b,West Lothian,2011-12,0.212957908465333,,,0.305,,,0.246216676967257,,,3
ENV04b,West Lothian,2012-13,0.188,,,0.294,,,0.23175,,,3
ENV04b,West Lothian,2013-14,0.166,,,0.287,,,0.2393625,,,3
ENV04b,West Lothian,2014-15,0.165699728593134,,,0.2903,,,0.24108950447847,,,3
ENV04b,West Lothian,2015-16,0.173377297817051,,,0.2895,,,0.224706189296605,,,3
ENV04b,West Lothian,2016-17,0.183182525711418,,,0.295360469422209,,,0.217770919258205,,,3
ENV04b,West Lothian,2017-18,0.216068271056295,,,0.301582833715702,,,0.229303082379227,,,3
ENV04b,West Lothian,2018-19,0.212027658945761,,,0.300265550453715,,,0.227561137598482,,,3
ENV04b,West Lothian,2019-20,0.202278283555567,,,0.305720104426539,,,0.222099313869898,,,3
ENV04b,West Lothian,2020-21,0.246,,,0.298,,,0.226125,,,3
ENV04b,West Lothian,2021-22,0.24470929023954,,,0.275982195317096,,,0.223854208340007,,,3
ENV04b,West Lothian,2022-23,0.225544131767502,,,0.274254025942425,,,0.224461681887142,,,3
ENV04b,West Lothian,2023-24,0.286711830801906,,,0.2890026344244,,,0.239697724299923,,,3
ENV04b,West Lothian,2024-25,0.335683691848388,,,0.306139576409226,,,0.261238348842142,,,3
ENV04b,West Lothian,2025-26,0.286570398320305,,,0.302580880088046,,,0.249292821994915,,,3
ENV06,Aberdeen City,2010-11,0.317,,,0.382,,,0.36625,,,Urban
ENV06,Aberdeen City,2011-12,0.357,,,0.396,,,0.375875,,,Urban
ENV06,Aberdeen City,2012-13,0.373,,,0.406,,,0.38875,,,Urban
ENV06,Aberdeen City,2013-14,0.371,,,0.416,,,0.39675,,,Urban
ENV06,Aberdeen City,2014-15,0.382,,,0.429,,,0.397125,,,Urban
ENV06,Aberdeen City,2015-16,0.385,,,0.441,,,0.413875,,,Urban
ENV06,Aberdeen City,2016-17,0.39,,,0.451,,,0.41475,,,Urban
ENV06,Aberdeen City,2017-18,0.439,,,0.456,,,0.422625,,,Urban
ENV06,Aberdeen City,2018-19,0.473,,,0.447,,,0.423875,,,Urban
ENV06,Aberdeen City,2019-20,0.499,,,0.449,,,0.43125,,,Urban
ENV06,Aberdeen City,2020-21,0.456,,,0.421,,,0.4065,,,Urban
ENV06,Aberdeen City,2021-22,0.468,,,0.43,,,0.398875,,,Urban
ENV06,Aberdeen City,2022-23,0.418,,,0.433,,,0.404875,,,Urban
ENV06,Aberdeen City,2023-24,0.418,,,0.435,,,0.40425,,,Urban
ENV06,Aberdeen City,2024-25,0.431,,,0.443,,,0.42275,,,Urban
ENV06,Aberdeenshire,2010-11,0.324,,,0.382,,,0.319625,,,Rural
ENV06,Aberdeenshire,2011-12,0.336,,,0.396,,,0.310875,,,Rural
ENV06,Aberdeenshire,2012-13,0.356,,,0.406,,,0.302625,,,Rural
ENV06,Aberdeenshire,2013-14,0.358,,,0.416,,,0.323375,,,Rural
ENV06,Aberdeenshire,2014-15,0.399,,,0.429,,,0.276625,,,Rural
ENV06,Aberdeenshire,2015-16,0.437,,,0.441,,,0.295,,,Rural
ENV06,Aberdeenshire,2016-17,0.435,,,0.451,,,0.293,,,Rural
ENV06,Aberdeenshire,2017-18,0.437,,,0.456,,,0.304875,,,Rural
ENV06,Aberdeenshire,2018-19,0.434,,,0.447,,,0.306,,,Rural
ENV06,Aberdeenshire,2019-20,0.44,,,0.449,,,0.32375,,,Rural
ENV06,Aberdeenshire,2020-21,0.408,,,0.421,,,0.33375,,,Rural
ENV06,Aberdeenshire,2021-22,0.411,,,0.43,,,0.36075,,,Rural
ENV06,Aberdeenshire,2022-23,0.402,,,0.433,,,0.3705,,,Rural
ENV06,Aberdeenshire,2023-24,0.43,,,0.435,,,0.37,,,Rural
ENV06,Aberdeenshire,2024-25,0.447,,,0.443,,,0.385,,,Rural
ENV06,Angus,2010-11,0.367,,,0.382,,,0.41475,,,3
ENV06,Angus,2011-12,0.418,,,0.396,,,0.445625,,,3
ENV06,Angus,2012-13,0.401,,,0.406,,,0.4605,,,3
ENV06,Angus,2013-14,0.432,,,0.416,,,0.481125,,,3
ENV06,Angus,2014-15,0.524,,,0.429,,,0.50675,,,3
ENV06,Angus,2015-16,0.592,,,0.441,,,0.50825,,,3
ENV06,Angus,2016-17,0.567,,,0.451,,,0.536,,,3
ENV06,Angus,2017-18,0.552,,,0.456,,,0.55875,,,3
ENV06,Angus,2018-19,0.547,,,0.447,,,0.562625,,,3
ENV06,Angus,2019-20,0.591,,,0.449,,,0.555875,,,3
ENV06,Angus,2020-21,0.579,,,0.421,,,0.477625,,,3
ENV06,Angus,2021-22,0.547,,,0.43,,,0.490875,,,3
ENV06,Angus,2022-23,0.517,,,0.433,,,0.492,,,3
ENV06,Angus,2023-24,0.521,,,0.435,,,0.491125,,,3
ENV06,Angus,2024-25,0.533,,,0.443,,,0.49075,,,3
ENV06,Argyll & Bute,2010-11,0.415,,,0.382,,,0.319625,,,Rural
ENV06,Argyll & Bute,2011-12,0.296,,,0.396,,,0.310875,,,Rural
ENV06,Argyll & Bute,2012-13,0.315,,,0.406,,,0.302625,,,Rural
ENV06,Argyll & Bute,2013-14,0.361,,,0.416,,,0.323375,,,Rural
ENV06,Argyll & Bute,2014-15,0.299,,,0.429,,,0.276625,,,Rural
ENV06,Argyll & Bute,2015-16,0.338,,,0.441,,,0.295,,,Rural
ENV06,Argyll & Bute,2016-17,0.339,,,0.451,,,0.293,,,Rural
ENV06,Argyll & Bute,2017-18,0.387,,,0.456,,,0.304875,,,Rural
ENV06,Argyll & Bute,2018-19,0.378,,,0.447,,,0.306,,,Rural
ENV06,Argyll & Bute,2019-20,0.386,,,0.449,,,0.32375,,,Rural
ENV06,Argyll & Bute,2020-21,0.312,,,0.421,,,0.33375,,,Rural
ENV06,Argyll & Bute,2021-22,0.393,,,0.43,,,0.36075,,,Rural
ENV06,Argyll & Bute,2022-23,0.408,,,0.433,,,0.3705,,,Rural
ENV06,Argyll & Bute,2023-24,0.407,,,0.435,,,0.37,,,Rural
ENV06,Argyll & Bute,2024-25,0.425,,,0.443,,,0.385,,,Rural
ENV06,Clackmannanshire,2010-11,0.498,,,0.382,,,0.41475,,,3
ENV06,Clackmannanshire,2011-12,0.52,,,0.396,,,0.445625,,,3
ENV06,Clackmannanshire,2012-13,0.589,,,0.406,,,0.4605,,,3
ENV06,Clackmannanshire,2013-14,0.599,,,0.416,,,0.481125,,,3
ENV06,Clackmannanshire,2014-15,0.557,,,0.429,,,0.50675,,,3
ENV06,Clackmannanshire,2015-16,0.481,,,0.441,,,0.50825,,,3
ENV06,Clackmannanshire,2016-17,0.565,,,0.451,,,0.536,,,3
ENV06,Clackmannanshire,2017-18,0.595,,,0.456,,,0.55875,,,3
ENV06,Clackmannanshire,2018-19,0.563,,,0.447,,,0.562625,,,3
ENV06,Clackmannanshire,2019-20,0.554,,,0.449,,,0.555875,,,3
ENV06,Clackmannanshire,2020-21,0.486,,,0.421,,,0.477625,,,3
ENV06,Clackmannanshire,2021-22,0.5,,,0.43,,,0.490875,,,3
ENV06,Clackmannanshire,2022-23,0.512,,,0.433,,,0.492,,,3
ENV06,Clackmannanshire,2023-24,0.52,,,0.435,,,0.491125,,,3
ENV06,Clackmannanshire,2024-25,0.572,,,0.443,,,0.49075,,,3
ENV06,Dumfries & Galloway,2010-11,0.394,,,0.382,,,0.319625,,,Rural
ENV06,Dumfries & Galloway,2011-12,0.214,,,0.396,,,0.310875,,,Rural
ENV06,Dumfries & Galloway,2012-13,0.222,,,0.406,,,0.302625,,,Rural
ENV06,Dumfries & Galloway,2013-14,0.239,,,0.416,,,0.323375,,,Rural
ENV06,Dumfries & Galloway,2014-15,0.208,,,0.429,,,0.276625,,,Rural
ENV06,Dumfries & Galloway,2015-16,0.271,,,0.441,,,0.295,,,Rural
ENV06,Dumfries & Galloway,2016-17,0.221,,,0.451,,,0.293,,,Rural
ENV06,Dumfries & Galloway,2017-18,0.278,,,0.456,,,0.304875,,,Rural
ENV06,Dumfries & Galloway,2018-19,0.274,,,0.447,,,0.306,,,Rural
ENV06,Dumfries & Galloway,2019-20,0.295,,,0.449,,,0.32375,,,Rural
ENV06,Dumfries & Galloway,2020-21,0.301,,,0.421,,,0.33375,,,Rural
ENV06,Dumfries & Galloway,2021-22,0.398,,,0.43,,,0.36075,,,Rural
ENV06,Dumfries & Galloway,2022-23,0.451,,,0.433,,,0.3705,,,Rural
ENV06,Dumfries & Galloway,2023-24,0.412,,,0.435,,,0.37,,,Rural
ENV06,Dumfries & Galloway,2024-25,0.432,,,0.443,,,0.385,,,Rural
ENV06,Dundee City,2010-11,0.346,,,0.382,,,0.36625,,,Urban
ENV06,Dundee City,2011-12,0.324,,,0.396,,,0.375875,,,Urban
ENV06,Dundee City,2012-13,0.297,,,0.406,,,0.38875,,,Urban
ENV06,Dundee City,2013-14,0.311,,,0.416,,,0.39675,,,Urban
ENV06,Dundee City,2014-15,0.318,,,0.429,,,0.397125,,,Urban
ENV06,Dundee City,2015-16,0.333,,,0.441,,,0.413875,,,Urban
ENV06,Dundee City,2016-17,0.336,,,0.451,,,0.41475,,,Urban
ENV06,Dundee City,2017-18,0.355,,,0.456,,,0.422625,,,Urban
ENV06,Dundee City,2018-19,0.358,,,0.447,,,0.423875,,,Urban
ENV06,Dundee City,2019-20,0.384,,,0.449,,,0.43125,,,Urban
ENV06,Dundee City,2020-21,0.347,,,0.421,,,0.4065,,,Urban
ENV06,Dundee City,2021-22,0.326,,,0.43,,,0.398875,,,Urban
ENV06,Dundee City,2022-23,0.356,,,0.433,,,0.404875,,,Urban
ENV06,Dundee City,2023-24,0.366,,,0.435,,,0.40425,,,Urban
ENV06,Dundee City,2024-25,0.351,,,0.443,,,0.42275,,,Urban
ENV06,East Ayrshire,2010-11,0.439,,,0.382,,,0.44775,,,2
ENV06,East Ayrshire,2011-12,0.468,,,0.396,,,0.494125,,,2
ENV06,East Ayrshire,2012-13,0.444,,,0.406,,,0.505,,,2
ENV06,East Ayrshire,2013-14,0.488,,,0.416,,,0.508125,,,2
ENV06,East Ayrshire,2014-15,0.503,,,0.429,,,0.521625,,,2
ENV06,East Ayrshire,2015-16,0.53,,,0.441,,,0.537125,,,2
ENV06,East Ayrshire,2016-17,0.533,,,0.451,,,0.541875,,,2
ENV06,East Ayrshire,2017-18,0.529,,,0.456,,,0.546875,,,2
ENV06,East Ayrshire,2018-19,0.518,,,0.447,,,0.533,,,2
ENV06,East Ayrshire,2019-20,0.532,,,0.449,,,0.541875,,,2
ENV06,East Ayrshire,2020-21,0.411,,,0.421,,,0.495875,,,2
ENV06,East Ayrshire,2021-22,0.485,,,0.43,,,0.51525,,,2
ENV06,East Ayrshire,2022-23,0.485,,,0.433,,,0.51925,,,2
ENV06,East Ayrshire,2023-24,0.515,,,0.435,,,0.526,,,2
ENV06,East Ayrshire,2024-25,0.492,,,0.443,,,0.520125,,,2
ENV06,East Dunbartonshire,2010-11,0.404,,,0.382,,,0.36625,,,Urban
ENV06,East Dunbartonshire,2011-12,0.377,,,0.396,,,0.375875,,,Urban
ENV06,East Dunbartonshire,2012-13,0.387,,,0.406,,,0.38875,,,Urban
ENV06,East Dunbartonshire,2013-14,0.449,,,0.416,,,0.39675,,,Urban
ENV06,East Dunbartonshire,2014-15,0.445,,,0.429,,,0.397125,,,Urban
ENV06,East Dunbartonshire,2015-16,0.507,,,0.441,,,0.413875,,,Urban
ENV06,East Dunbartonshire,2016-17,0.485,,,0.451,,,0.41475,,,Urban
ENV06,East Dunbartonshire,2017-18,0.479,,,0.456,,,0.422625,,,Urban
ENV06,East Dunbartonshire,2018-19,0.546,,,0.447,,,0.423875,,,Urban
ENV06,East Dunbartonshire,2019-20,0.553,,,0.449,,,0.43125,,,Urban
ENV06,East Dunbartonshire,2020-21,0.509,,,0.421,,,0.4065,,,Urban
ENV06,East Dunbartonshire,2021-22,0.453,,,0.43,,,0.398875,,,Urban
ENV06,East Dunbartonshire,2022-23,0.486,,,0.433,,,0.404875,,,Urban
ENV06,East Dunbartonshire,2023-24,0.46,,,0.435,,,0.40425,,,Urban
ENV06,East Dunbartonshire,2024-25,0.543,,,0.443,,,0.42275,,,Urban
ENV06,East Lothian,2010-11,0.434,,,0.382,,,0.44775,,,2
ENV06,East Lothian,2011-12,0.441,,,0.396,,,0.494125,,,2
ENV06,East Lothian,2012-13,0.449,,,0.406,,,0.505,,,2
ENV06,East Lothian,2013-14,0.423,,,0.416,,,0.508125,,,2
ENV06,East Lothian,2014-15,0.428,,,0.429,,,0.521625,,,2
ENV06,East Lothian,2015-16,0.514,,,0.441,,,0.537125,,,2
ENV06,East Lothian,2016-17,0.518,,,0.451,,,0.541875,,,2
ENV06,East Lothian,2017-18,0.531,,,0.456,,,0.546875,,,2
ENV06,East Lothian,2018-19,0.531,,,0.447,,,0.533,,,2
ENV06,East Lothian,2019-20,0.553,,,0.449,,,0.541875,,,2
ENV06,East Lothian,2020-21,0.524,,,0.421,,,0.495875,,,2
ENV06,East Lothian,2021-22,0.539,,,0.43,,,0.51525,,,2
ENV06,East Lothian,2022-23,0.531,,,0.433,,,0.51925,,,2
ENV06,East Lothian,2023-24,0.531,,,0.435,,,0.526,,,2
ENV06,East Lothian,2024-25,0.553,,,0.443,,,0.520125,,,2
ENV06,East Renfrewshire,2010-11,0.454,,,0.382,,,0.41475,,,3
ENV06,East Renfrewshire,2011-12,0.531,,,0.396,,,0.445625,,,3
ENV06,East Renfrewshire,2012-13,0.542,,,0.406,,,0.4605,,,3
ENV06,East Renfrewshire,2013-14,0.563,,,0.416,,,0.481125,,,3
ENV06,East Renfrewshire,2014-15,0.561,,,0.429,,,0.50675,,,3
ENV06,East Renfrewshire,2015-16,0.564,,,0.441,,,0.50825,,,3
ENV06,East Renfrewshire,2016-17,0.608,,,0.451,,,0.536,,,3
ENV06,East Renfrewshire,2017-18,0.671,,,0.456,,,0.55875,,,3
ENV06,East Renfrewshire,2018-19,0.662,,,0.447,,,0.562625,,,3
ENV06,East Renfrewshire,2019-20,0.678,,,0.449,,,0.555875,,,3
ENV06,East Renfrewshire,2020-21,0.566,,,0.421,,,0.477625,,,3
ENV06,East Renfrewshire,2021-22,0.581,,,0.43,,,0.490875,,,3
ENV06,East Renfrewshire,2022-23,0.56,,,0.433,,,0.492,,,3
ENV06,East Renfrewshire,2023-24,0.582,,,0.435,,,0.491125,,,3
ENV06,East Renfrewshire,2024-25,0.509,,,0.443,,,0.49075,,,3
ENV06,Edinburgh City,2010-11,0.315,,,0.382,,,0.36625,,,Urban
ENV06,Edinburgh City,2011-12,0.311,,,0.396,,,0.375875,,,Urban
ENV06,Edinburgh City,2012-13,0.367,,,0.406,,,0.38875,,,Urban
ENV06,Edinburgh City,2013-14,0.381,,,0.416,,,0.39675,,,Urban
ENV06,Edinburgh City,2014-15,0.372,,,0.429,,,0.397125,,,Urban
ENV06,Edinburgh City,2015-16,0.423,,,0.441,,,0.413875,,,Urban
ENV06,Edinburgh City,2016-17,0.446,,,0.451,,,0.41475,,,Urban
ENV06,Edinburgh City,2017-18,0.41,,,0.456,,,0.422625,,,Urban
ENV06,Edinburgh City,2018-19,0.388,,,0.447,,,0.423875,,,Urban
ENV06,Edinburgh City,2019-20,0.386,,,0.449,,,0.43125,,,Urban
ENV06,Edinburgh City,2020-21,0.37,,,0.421,,,0.4065,,,Urban
ENV06,Edinburgh City,2021-22,0.399,,,0.43,,,0.398875,,,Urban
ENV06,Edinburgh City,2022-23,0.371,,,0.433,,,0.404875,,,Urban
ENV06,Edinburgh City,2023-24,0.38,,,0.435,,,0.40425,,,Urban
ENV06,Edinburgh City,2024-25,0.375,,,0.443,,,0.42275,,,Urban
ENV06,Eilean Siar,2010-11,0.196,,,0.382,,,0.319625,,,Rural
ENV06,Eilean Siar,2011-12,0.265,,,0.396,,,0.310875,,,Rural
ENV06,Eilean Siar,2012-13,0.297,,,0.406,,,0.302625,,,Rural
ENV06,Eilean Siar,2013-14,0.336,,,0.416,,,0.323375,,,Rural
ENV06,Eilean Siar,2014-15,0.216,,,0.429,,,0.276625,,,Rural
ENV06,Eilean Siar,2015-16,0.212,,,0.441,,,0.295,,,Rural
ENV06,Eilean Siar,2016-17,0.241,,,0.451,,,0.293,,,Rural
ENV06,Eilean Siar,2017-18,0.239,,,0.456,,,0.304875,,,Rural
ENV06,Eilean Siar,2018-19,0.231,,,0.447,,,0.306,,,Rural
ENV06,Eilean Siar,2019-20,0.205,,,0.449,,,0.32375,,,Rural
ENV06,Eilean Siar,2020-21,0.346,,,0.421,,,0.33375,,,Rural
ENV06,Eilean Siar,2021-22,0.335,,,0.43,,,0.36075,,,Rural
ENV06,Eilean Siar,2022-23,0.318,,,0.433,,,0.3705,,,Rural
ENV06,Eilean Siar,2023-24,0.351,,,0.435,,,0.37,,,Rural
ENV06,Eilean Siar,2024-25,0.403,,,0.443,,,0.385,,,Rural
ENV06,Falkirk,2010-11,0.493,,,0.382,,,0.36625,,,Urban
ENV06,Falkirk,2011-12,0.527,,,0.396,,,0.375875,,,Urban
ENV06,Falkirk,2012-13,0.552,,,0.406,,,0.38875,,,Urban
ENV06,Falkirk,2013-14,0.53,,,0.416,,,0.39675,,,Urban
ENV06,Falkirk,2014-15,0.543,,,0.429,,,0.397125,,,Urban
ENV06,Falkirk,2015-16,0.539,,,0.441,,,0.413875,,,Urban
ENV06,Falkirk,2016-17,0.513,,,0.451,,,0.41475,,,Urban
ENV06,Falkirk,2017-18,0.559,,,0.456,,,0.422625,,,Urban
ENV06,Falkirk,2018-19,0.508,,,0.447,,,0.423875,,,Urban
ENV06,Falkirk,2019-20,0.53,,,0.449,,,0.43125,,,Urban
ENV06,Falkirk,2020-21,0.512,,,0.421,,,0.4065,,,Urban
ENV06,Falkirk,2021-22,0.482,,,0.43,,,0.398875,,,Urban
ENV06,Falkirk,2022-23,0.514,,,0.433,,,0.404875,,,Urban
ENV06,Falkirk,2023-24,0.509,,,0.435,,,0.40425,,,Urban
ENV06,Falkirk,2024-25,0.515,,,0.443,,,0.42275,,,Urban
ENV06,Fife,2010-11,0.481,,,0.382,,,0.44775,,,2
ENV06,Fife,2011-12,0.54,,,0.396,,,0.494125,,,2
ENV06,Fife,2012-13,0.528,,,0.406,,,0.505,,,2
ENV06,Fife,2013-14,0.559,,,0.416,,,0.508125,,,2
ENV06,Fife,2014-15,0.537,,,0.429,,,0.521625,,,2
ENV06,Fife,2015-16,0.523,,,0.441,,,0.537125,,,2
ENV06,Fife,2016-17,0.547,,,0.451,,,0.541875,,,2
ENV06,Fife,2017-18,0.547,,,0.456,,,0.546875,,,2
ENV06,Fife,2018-19,0.511,,,0.447,,,0.533,,,2
ENV06,Fife,2019-20,0.445,,,0.449,,,0.541875,,,2
ENV06,Fife,2020-21,0.437,,,0.421,,,0.495875,,,2
ENV06,Fife,2021-22,0.436,,,0.43,,,0.51525,,,2
ENV06,Fife,2022-23,0.457,,,0.433,,,0.51925,,,2
ENV06,Fife,2023-24,0.459,,,0.435,,,0.526,,,2
ENV06,Fife,2024-25,0.445,,,0.443,,,0.520125,,,2
ENV06,Glasgow City,2010-11,0.24,,,0.382,,,0.36625,,,Urban
ENV06,Glasgow City,2011-12,0.267,,,0.396,,,0.375875,,,Urban
ENV06,Glasgow City,2012-13,0.295,,,0.406,,,0.38875,,,Urban
ENV06,Glasgow City,2013-14,0.269,,,0.416,,,0.39675,,,Urban
ENV06,Glasgow City,2014-15,0.258,,,0.429,,,0.397125,,,Urban
ENV06,Glasgow City,2015-16,0.26,,,0.441,,,0.413875,,,Urban
ENV06,Glasgow City,2016-17,0.252,,,0.451,,,0.41475,,,Urban
ENV06,Glasgow City,2017-18,0.267,,,0.456,,,0.422625,,,Urban
ENV06,Glasgow City,2018-19,0.246,,,0.447,,,0.423875,,,Urban
ENV06,Glasgow City,2019-20,0.247,,,0.449,,,0.43125,,,Urban
ENV06,Glasgow City,2020-21,0.296,,,0.421,,,0.4065,,,Urban
ENV06,Glasgow City,2021-22,0.273,,,0.43,,,0.398875,,,Urban
ENV06,Glasgow City,2022-23,0.276,,,0.433,,,0.404875,,,Urban
ENV06,Glasgow City,2023-24,0.272,,,0.435,,,0.40425,,,Urban
ENV06,Glasgow City,2024-25,0.306,,,0.443,,,0.42275,,,Urban
ENV06,Highland,2010-11,0.34,,,0.382,,,0.319625,,,Rural
ENV06,Highland,2011-12,0.445,,,0.396,,,0.310875,,,Rural
ENV06,Highland,2012-13,0.443,,,0.406,,,0.302625,,,Rural
ENV06,Highland,2013-14,0.45,,,0.416,,,0.323375,,,Rural
ENV06,Highland,2014-15,0.461,,,0.429,,,0.276625,,,Rural
ENV06,Highland,2015-16,0.445,,,0.441,,,0.295,,,Rural
ENV06,Highland,2016-17,0.445,,,0.451,,,0.293,,,Rural
ENV06,Highland,2017-18,0.436,,,0.456,,,0.304875,,,Rural
ENV06,Highland,2018-19,0.427,,,0.447,,,0.306,,,Rural
ENV06,Highland,2019-20,0.413,,,0.449,,,0.32375,,,Rural
ENV06,Highland,2020-21,0.357,,,0.421,,,0.33375,,,Rural
ENV06,Highland,2021-22,0.374,,,0.43,,,0.36075,,,Rural
ENV06,Highland,2022-23,0.372,,,0.433,,,0.3705,,,Rural
ENV06,Highland,2023-24,0.36,,,0.435,,,0.37,,,Rural
ENV06,Highland,2024-25,0.425,,,0.443,,,0.385,,,Rural
ENV06,Inverclyde,2010-11,0.315,,,0.382,,,0.41475,,,3
ENV06,Inverclyde,2011-12,0.412,,,0.396,,,0.445625,,,3
ENV06,Inverclyde,2012-13,0.507,,,0.406,,,0.4605,,,3
ENV06,Inverclyde,2013-14,0.555,,,0.416,,,0.481125,,,3
ENV06,Inverclyde,2014-15,0.568,,,0.429,,,0.50675,,,3
ENV06,Inverclyde,2015-16,0.547,,,0.441,,,0.50825,,,3
ENV06,Inverclyde,2016-17,0.534,,,0.451,,,0.536,,,3
ENV06,Inverclyde,2017-18,0.572,,,0.456,,,0.55875,,,3
ENV06,Inverclyde,2018-19,0.56,,,0.447,,,0.562625,,,3
ENV06,Inverclyde,2019-20,0.54,,,0.449,,,0.555875,,,3
ENV06,Inverclyde,2020-21,0.371,,,0.421,,,0.477625,,,3
ENV06,Inverclyde,2021-22,0.485,,,0.43,,,0.490875,,,3
ENV06,Inverclyde,2022-23,0.468,,,0.433,,,0.492,,,3
ENV06,Inverclyde,2023-24,0.469,,,0.435,,,0.491125,,,3
ENV06,Inverclyde,2024-25,0.503,,,0.443,,,0.49075,,,3
ENV06,Midlothian,2010-11,0.441,,,0.382,,,0.41475,,,3
ENV06,Midlothian,2011-12,0.472,,,0.396,,,0.445625,,,3
ENV06,Midlothian,2012-13,0.453,,,0.406,,,0.4605,,,3
ENV06,Midlothian,2013-14,0.423,,,0.416,,,0.481125,,,3
ENV06,Midlothian,2014-15,0.469,,,0.429,,,0.50675,,,3
ENV06,Midlothian,2015-16,0.479,,,0.441,,,0.50825,,,3
ENV06,Midlothian,2016-17,0.514,,,0.451,,,0.536,,,3
ENV06,Midlothian,2017-18,0.516,,,0.456,,,0.55875,,,3
ENV06,Midlothian,2018-19,0.582,,,0.447,,,0.562625,,,3
ENV06,Midlothian,2019-20,0.508,,,0.449,,,0.555875,,,3
ENV06,Midlothian,2020-21,0.473,,,0.421,,,0.477625,,,3
ENV06,Midlothian,2021-22,0.474,,,0.43,,,0.490875,,,3
ENV06,Midlothian,2022-23,0.472,,,0.433,,,0.492,,,3
ENV06,Midlothian,2023-24,0.479,,,0.435,,,0.491125,,,3
ENV06,Midlothian,2024-25,0.481,,,0.443,,,0.49075,,,3
ENV06,Moray,2010-11,0.424,,,0.382,,,0.44775,,,2
ENV06,Moray,2011-12,0.446,,,0.396,,,0.494125,,,2
ENV06,Moray,2012-13,0.519,,,0.406,,,0.505,,,2
ENV06,Moray,2013-14,0.514,,,0.416,,,0.508125,,,2
ENV06,Moray,2014-15,0.544,,,0.429,,,0.521625,,,2
ENV06,Moray,2015-16,0.574,,,0.441,,,0.537125,,,2
ENV06,Moray,2016-17,0.591,,,0.451,,,0.541875,,,2
ENV06,Moray,2017-18,0.578,,,0.456,,,0.546875,,,2
ENV06,Moray,2018-19,0.574,,,0.447,,,0.533,,,2
ENV06,Moray,2019-20,0.59,,,0.449,,,0.541875,,,2
ENV06,Moray,2020-21,0.549,,,0.421,,,0.495875,,,2
ENV06,Moray,2021-22,0.522,,,0.43,,,0.51525,,,2
ENV06,Moray,2022-23,0.578,,,0.433,,,0.51925,,,2
ENV06,Moray,2023-24,0.562,,,0.435,,,0.526,,,2
ENV06,Moray,2024-25,0.567,,,0.443,,,0.520125,,,2
ENV06,North Ayrshire,2010-11,0.435,,,0.382,,,0.44775,,,2
ENV06,North Ayrshire,2011-12,0.518,,,0.396,,,0.494125,,,2
ENV06,North Ayrshire,2012-13,0.518,,,0.406,,,0.505,,,2
ENV06,North Ayrshire,2013-14,0.561,,,0.416,,,0.508125,,,2
ENV06,North Ayrshire,2014-15,0.565,,,0.429,,,0.521625,,,2
ENV06,North Ayrshire,2015-16,0.56,,,0.441,,,0.537125,,,2
ENV06,North Ayrshire,2016-17,0.553,,,0.451,,,0.541875,,,2
ENV06,North Ayrshire,2017-18,0.558,,,0.456,,,0.546875,,,2
ENV06,North Ayrshire,2018-19,0.546,,,0.447,,,0.533,,,2
ENV06,North Ayrshire,2019-20,0.563,,,0.449,,,0.541875,,,2
ENV06,North Ayrshire,2020-21,0.521,,,0.421,,,0.495875,,,2
ENV06,North Ayrshire,2021-22,0.569,,,0.43,,,0.51525,,,2
ENV06,North Ayrshire,2022-23,0.553,,,0.433,,,0.51925,,,2
ENV06,North Ayrshire,2023-24,0.561,,,0.435,,,0.526,,,2
ENV06,North Ayrshire,2024-25,0.53,,,0.443,,,0.520125,,,2
ENV06,North Lanarkshire,2010-11,0.432,,,0.382,,,0.36625,,,Urban
ENV06,North Lanarkshire,2011-12,0.394,,,0.396,,,0.375875,,,Urban
ENV06,North Lanarkshire,2012-13,0.398,,,0.406,,,0.38875,,,Urban
ENV06,North Lanarkshire,2013-14,0.423,,,0.416,,,0.39675,,,Urban
ENV06,North Lanarkshire,2014-15,0.416,,,0.429,,,0.397125,,,Urban
ENV06,North Lanarkshire,2015-16,0.4,,,0.441,,,0.413875,,,Urban
ENV06,North Lanarkshire,2016-17,0.411,,,0.451,,,0.41475,,,Urban
ENV06,North Lanarkshire,2017-18,0.396,,,0.456,,,0.422625,,,Urban
ENV06,North Lanarkshire,2018-19,0.437,,,0.447,,,0.423875,,,Urban
ENV06,North Lanarkshire,2019-20,0.403,,,0.449,,,0.43125,,,Urban
ENV06,North Lanarkshire,2020-21,0.394,,,0.421,,,0.4065,,,Urban
ENV06,North Lanarkshire,2021-22,0.434,,,0.43,,,0.398875,,,Urban
ENV06,North Lanarkshire,2022-23,0.43,,,0.433,,,0.404875,,,Urban
ENV06,North Lanarkshire,2023-24,0.467,,,0.435,,,0.40425,,,Urban
ENV06,North Lanarkshire,2024-25,0.479,,,0.443,,,0.42275,,,Urban
ENV06,Orkney Islands,2010-11,0.294,,,0.382,,,0.319625,,,Rural
ENV06,Orkney Islands,2011-12,0.301,,,0.396,,,0.310875,,,Rural
ENV06,Orkney Islands,2012-13,0.225,,,0.406,,,0.302625,,,Rural
ENV06,Orkney Islands,2013-14,0.308,,,0.416,,,0.323375,,,Rural
ENV06,Orkney Islands,2014-15,0.173,,,0.429,,,0.276625,,,Rural
ENV06,Orkney Islands,2015-16,0.192,,,0.441,,,0.295,,,Rural
ENV06,Orkney Islands,2016-17,0.194,,,0.451,,,0.293,,,Rural
ENV06,Orkney Islands,2017-18,0.183,,,0.456,,,0.304875,,,Rural
ENV06,Orkney Islands,2018-19,0.211,,,0.447,,,0.306,,,Rural
ENV06,Orkney Islands,2019-20,0.188,,,0.449,,,0.32375,,,Rural
ENV06,Orkney Islands,2020-21,0.234,,,0.421,,,0.33375,,,Rural
ENV06,Orkney Islands,2021-22,0.242,,,0.43,,,0.36075,,,Rural
ENV06,Orkney Islands,2022-23,0.233,,,0.433,,,0.3705,,,Rural
ENV06,Orkney Islands,2023-24,0.214,,,0.435,,,0.37,,,Rural
ENV06,Orkney Islands,2024-25,0.211,,,0.443,,,0.385,,,Rural
ENV06,Perth & Kinross,2010-11,0.467,,,0.382,,,0.44775,,,2
ENV06,Perth & Kinross,2011-12,0.523,,,0.396,,,0.494125,,,2
ENV06,Perth & Kinross,2012-13,0.55,,,0.406,,,0.505,,,2
ENV06,Perth & Kinross,2013-14,0.54,,,0.416,,,0.508125,,,2
ENV06,Perth & Kinross,2014-15,0.565,,,0.429,,,0.521625,,,2
ENV06,Perth & Kinross,2015-16,0.542,,,0.441,,,0.537125,,,2
ENV06,Perth & Kinross,2016-17,0.547,,,0.451,,,0.541875,,,2
ENV06,Perth & Kinross,2017-18,0.556,,,0.456,,,0.546875,,,2
ENV06,Perth & Kinross,2018-19,0.517,,,0.447,,,0.533,,,2
ENV06,Perth & Kinross,2019-20,0.527,,,0.449,,,0.541875,,,2
ENV06,Perth & Kinross,2020-21,0.494,,,0.421,,,0.495875,,,2
ENV06,Perth & Kinross,2021-22,0.502,,,0.43,,,0.51525,,,2
ENV06,Perth & Kinross,2022-23,0.493,,,0.433,,,0.51925,,,2
ENV06,Perth & Kinross,2023-24,0.517,,,0.435,,,0.526,,,2
ENV06,Perth & Kinross,2024-25,0.509,,,0.443,,,0.520125,,,2
ENV06,Renfrewshire,2010-11,0.428,,,0.382,,,0.41475,,,3
ENV06,Renfrewshire,2011-12,0.423,,,0.396,,,0.445625,,,3
ENV06,Renfrewshire,2012-13,0.389,,,0.406,,,0.4605,,,3
ENV06,Renfrewshire,2013-14,0.443,,,0.416,,,0.481125,,,3
ENV06,Renfrewshire,2014-15,0.466,,,0.429,,,0.50675,,,3
ENV06,Renfrewshire,2015-16,0.439,,,0.441,,,0.50825,,,3
ENV06,Renfrewshire,2016-17,0.485,,,0.451,,,0.536,,,3
ENV06,Renfrewshire,2017-18,0.478,,,0.456,,,0.55875,,,3
ENV06,Renfrewshire,2018-19,0.492,,,0.447,,,0.562625,,,3
ENV06,Renfrewshire,2019-20,0.53,,,0.449,,,0.555875,,,3
ENV06,Renfrewshire,2020-21,0.491,,,0.421,,,0.477625,,,3
ENV06,Renfrewshire,2021-22,0.517,,,0.43,,,0.490875,,,3
ENV06,Renfrewshire,2022-23,0.537,,,0.433,,,0.492,,,3
ENV06,Renfrewshire,2023-24,0.44,,,0.435,,,0.491125,,,3
ENV06,Renfrewshire,2024-25,0.428,,,0.443,,,0.49075,,,3
ENV06,Scottish Borders,2010-11,0.399,,,0.382,,,0.319625,,,Rural
ENV06,Scottish Borders,2011-12,0.463,,,0.396,,,0.310875,,,Rural
ENV06,Scottish Borders,2012-13,0.428,,,0.406,,,0.302625,,,Rural
ENV06,Scottish Borders,2013-14,0.413,,,0.416,,,0.323375,,,Rural
ENV06,Scottish Borders,2014-15,0.367,,,0.429,,,0.276625,,,Rural
ENV06,Scottish Borders,2015-16,0.373,,,0.441,,,0.295,,,Rural
ENV06,Scottish Borders,2016-17,0.39,,,0.451,,,0.293,,,Rural
ENV06,Scottish Borders,2017-18,0.399,,,0.456,,,0.304875,,,Rural
ENV06,Scottish Borders,2018-19,0.388,,,0.447,,,0.306,,,Rural
ENV06,Scottish Borders,2019-20,0.492,,,0.449,,,0.32375,,,Rural
ENV06,Scottish Borders,2020-21,0.528,,,0.421,,,0.33375,,,Rural
ENV06,Scottish Borders,2021-22,0.552,,,0.43,,,0.36075,,,Rural
ENV06,Scottish Borders,2022-23,0.573,,,0.433,,,0.3705,,,Rural
ENV06,Scottish Borders,2023-24,0.579,,,0.435,,,0.37,,,Rural
ENV06,Scottish Borders,2024-25,0.532,,,0.443,,,0.385,,,Rural
ENV06,Shetland Islands,2010-11,0.195,,,0.382,,,0.319625,,,Rural
ENV06,Shetland Islands,2011-12,0.167,,,0.396,,,0.310875,,,Rural
ENV06,Shetland Islands,2012-13,0.135,,,0.406,,,0.302625,,,Rural
ENV06,Shetland Islands,2013-14,0.122,,,0.416,,,0.323375,,,Rural
ENV06,Shetland Islands,2014-15,0.09,,,0.429,,,0.276625,,,Rural
ENV06,Shetland Islands,2015-16,0.092,,,0.441,,,0.295,,,Rural
ENV06,Shetland Islands,2016-17,0.079,,,0.451,,,0.293,,,Rural
ENV06,Shetland Islands,2017-18,0.08,,,0.456,,,0.304875,,,Rural
ENV06,Shetland Islands,2018-19,0.105,,,0.447,,,0.306,,,Rural
ENV06,Shetland Islands,2019-20,0.171,,,0.449,,,0.32375,,,Rural
ENV06,Shetland Islands,2020-21,0.184,,,0.421,,,0.33375,,,Rural
ENV06,Shetland Islands,2021-22,0.181,,,0.43,,,0.36075,,,Rural
ENV06,Shetland Islands,2022-23,0.207,,,0.433,,,0.3705,,,Rural
ENV06,Shetland Islands,2023-24,0.207,,,0.435,,,0.37,,,Rural
ENV06,Shetland Islands,2024-25,0.205,,,0.443,,,0.385,,,Rural
ENV06,South Ayrshire,2010-11,0.427,,,0.382,,,0.44775,,,2
ENV06,South Ayrshire,2011-12,0.482,,,0.396,,,0.494125,,,2
ENV06,South Ayrshire,2012-13,0.475,,,0.406,,,0.505,,,2
ENV06,South Ayrshire,2013-14,0.443,,,0.416,,,0.508125,,,2
ENV06,South Ayrshire,2014-15,0.5,,,0.429,,,0.521625,,,2
ENV06,South Ayrshire,2015-16,0.515,,,0.441,,,0.537125,,,2
ENV06,South Ayrshire,2016-17,0.499,,,0.451,,,0.541875,,,2
ENV06,South Ayrshire,2017-18,0.525,,,0.456,,,0.546875,,,2
ENV06,South Ayrshire,2018-19,0.526,,,0.447,,,0.533,,,2
ENV06,South Ayrshire,2019-20,0.577,,,0.449,,,0.541875,,,2
ENV06,South Ayrshire,2020-21,0.553,,,0.421,,,0.495875,,,2
ENV06,South Ayrshire,2021-22,0.56,,,0.43,,,0.51525,,,2
ENV06,South Ayrshire,2022-23,0.543,,,0.433,,,0.51925,,,2
ENV06,South Ayrshire,2023-24,0.547,,,0.435,,,0.526,,,2
ENV06,South Ayrshire,2024-25,0.533,,,0.443,,,0.520125,,,2
ENV06,South Lanarkshire,2010-11,0.382,,,0.382,,,0.41475,,,3
ENV06,South Lanarkshire,2011-12,0.353,,,0.396,,,0.445625,,,3
ENV06,South Lanarkshire,2012-13,0.374,,,0.406,,,0.4605,,,3
ENV06,South Lanarkshire,2013-14,0.391,,,0.416,,,0.481125,,,3
ENV06,South Lanarkshire,2014-15,0.45,,,0.429,,,0.50675,,,3
ENV06,South Lanarkshire,2015-16,0.49,,,0.441,,,0.50825,,,3
ENV06,South Lanarkshire,2016-17,0.53,,,0.451,,,0.536,,,3
ENV06,South Lanarkshire,2017-18,0.473,,,0.456,,,0.55875,,,3
ENV06,South Lanarkshire,2018-19,0.443,,,0.447,,,0.562625,,,3
ENV06,South Lanarkshire,2019-20,0.464,,,0.449,,,0.555875,,,3
ENV06,South Lanarkshire,2020-21,0.405,,,0.421,,,0.477625,,,3
ENV06,South Lanarkshire,2021-22,0.41,,,0.43,,,0.490875,,,3
ENV06,South Lanarkshire,2022-23,0.411,,,0.433,,,0.492,,,3
ENV06,South Lanarkshire,2023-24,0.41,,,0.435,,,0.491125,,,3
ENV06,South Lanarkshire,2024-25,0.407,,,0.443,,,0.49075,,,3
ENV06,Stirling,2010-11,0.475,,,0.382,,,0.44775,,,2
ENV06,Stirling,2011-12,0.535,,,0.396,,,0.494125,,,2
ENV06,Stirling,2012-13,0.557,,,0.406,,,0.505,,,2
ENV06,Stirling,2013-14,0.537,,,0.416,,,0.508125,,,2
ENV06,Stirling,2014-15,0.531,,,0.429,,,0.521625,,,2
ENV06,Stirling,2015-16,0.539,,,0.441,,,0.537125,,,2
ENV06,Stirling,2016-17,0.547,,,0.451,,,0.541875,,,2
ENV06,Stirling,2017-18,0.551,,,0.456,,,0.546875,,,2
ENV06,Stirling,2018-19,0.541,,,0.447,,,0.533,,,2
ENV06,Stirling,2019-20,0.548,,,0.449,,,0.541875,,,2
ENV06,Stirling,2020-21,0.478,,,0.421,,,0.495875,,,2
ENV06,Stirling,2021-22,0.509,,,0.43,,,0.51525,,,2
ENV06,Stirling,2022-23,0.514,,,0.433,,,0.51925,,,2
ENV06,Stirling,2023-24,0.516,,,0.435,,,0.526,,,2
ENV06,Stirling,2024-25,0.532,,,0.443,,,0.520125,,,2
ENV06,West Dunbartonshire,2010-11,0.383,,,0.382,,,0.36625,,,Urban
ENV06,West Dunbartonshire,2011-12,0.45,,,0.396,,,0.375875,,,Urban
ENV06,West Dunbartonshire,2012-13,0.441,,,0.406,,,0.38875,,,Urban
ENV06,West Dunbartonshire,2013-14,0.44,,,0.416,,,0.39675,,,Urban
ENV06,West Dunbartonshire,2014-15,0.443,,,0.429,,,0.397125,,,Urban
ENV06,West Dunbartonshire,2015-16,0.464,,,0.441,,,0.413875,,,Urban
ENV06,West Dunbartonshire,2016-17,0.485,,,0.451,,,0.41475,,,Urban
ENV06,West Dunbartonshire,2017-18,0.476,,,0.456,,,0.422625,,,Urban
ENV06,West Dunbartonshire,2018-19,0.435,,,0.447,,,0.423875,,,Urban
ENV06,West Dunbartonshire,2019-20,0.448,,,0.449,,,0.43125,,,Urban
ENV06,West Dunbartonshire,2020-21,0.368,,,0.421,,,0.4065,,,Urban
ENV06,West Dunbartonshire,2021-22,0.356,,,0.43,,,0.398875,,,Urban
ENV06,West Dunbartonshire,2022-23,0.388,,,0.433,,,0.404875,,,Urban
ENV06,West Dunbartonshire,2023-24,0.362,,,0.435,,,0.40425,,,Urban
ENV06,West Dunbartonshire,2024-25,0.382,,,0.443,,,0.42275,,,Urban
ENV06,West Lothian,2010-11,0.433,,,0.382,,,0.41475,,,3
ENV06,West Lothian,2011-12,0.436,,,0.396,,,0.445625,,,3
ENV06,West Lothian,2012-13,0.429,,,0.406,,,0.4605,,,3
ENV06,West Lothian,2013-14,0.443,,,0.416,,,0.481125,,,3
ENV06,West Lothian,2014-15,0.459,,,0.429,,,0.50675,,,3
ENV06,West Lothian,2015-16,0.474,,,0.441,,,0.50825,,,3
ENV06,West Lothian,2016-17,0.485,,,0.451,,,0.536,,,3
ENV06,West Lothian,2017-18,0.613,,,0.456,,,0.55875,,,3
ENV06,West Lothian,2018-19,0.652,,,0.447,,,0.562625,,,3
ENV06,West Lothian,2019-20,0.582,,,0.449,,,0.555875,,,3
ENV06,West Lothian,2020-21,0.45,,,0.421,,,0.477625,,,3
ENV06,West Lothian,2021-22,0.413,,,0.43,,,0.490875,,,3
ENV06,West Lothian,2022-23,0.459,,,0.433,,,0.492,,,3
ENV06,West Lothian,2023-24,0.508,,,0.435,,,0.491125,,,3
ENV06,West Lothian,2024-25,0.493,,,0.443,,,0.49075,,,3
ENV07b,Aberdeen City,2013-14,0.658666666666667,,,0.741,,,0.762458333333333,,,Least Deprived
ENV07b,Aberdeen City,2014-15,0.67,,,0.743333333333333,,,0.76125,,,Least Deprived
ENV07b,Aberdeen City,2015-16,0.66,,,0.736666666666667,,,0.739166666666667,,,Least Deprived
ENV07b,Aberdeen City,2016-17,0.686666666666667,,,0.723333333333333,,,0.735416666666667,,,Least Deprived
ENV07b,Aberdeen City,2017-18,0.68,,,0.696666666666667,,,0.72,,,Least Deprived
ENV07b,Aberdeen City,2018-19,0.653333333333333,,,0.663,,,0.701,,,Least Deprived
ENV07b,Aberdeen City,2019-20,0.6,,,0.626333333333333,,,0.6735,,,Least Deprived
ENV07b,Aberdeen City,2020-21,0.56,,,0.599666666666667,,,0.660166666666667,,,Least Deprived
ENV07b,Aberdeen City,2021-22,0.58,,,0.586666666666667,,,0.659583333333333,,,Least Deprived
ENV07b,Aberdeen City,2022-23,0.59,,,0.583333333333333,,,0.65125,,,Least Deprived
ENV07b,Aberdeen City,2023-24,0.583333333333333,,,0.58,,,0.642083333333333,,,Least Deprived
ENV07b,Aberdeen City,2024-25,0.563333333333333,,,0.57,,,0.63,,,Least Deprived
ENV07b,Aberdeenshire,2013-14,0.73,,,0.741,,,0.762458333333333,,,Least Deprived
ENV07b,Aberdeenshire,2014-15,0.733333333333333,,,0.743333333333333,,,0.76125,,,Least Deprived
ENV07b,Aberdeenshire,2015-16,0.763333333333333,,,0.736666666666667,,,0.739166666666667,,,Least Deprived
ENV07b,Aberdeenshire,2016-17,0.746666666666667,,,0.723333333333333,,,0.735416666666667,,,Least Deprived
ENV07b,Aberdeenshire,2017-18,0.736666666666667,,,0.696666666666667,,,0.72,,,Least Deprived
ENV07b,Aberdeenshire,2018-19,0.68,,,0.663,,,0.701,,,Least Deprived
ENV07b,Aberdeenshire,2019-20,0.676666666666667,,,0.626333333333333,,,0.6735,,,Least Deprived
ENV07b,Aberdeenshire,2020-21,0.646666666666667,,,0.599666666666667,,,0.660166666666667,,,Least Deprived
ENV07b,Aberdeenshire,2021-22,0.636666666666667,,,0.586666666666667,,,0.659583333333333,,,Least Deprived
ENV07b,Aberdeenshire,2022-23,0.62,,,0.583333333333333,,,0.65125,,,Least Deprived
ENV07b,Aberdeenshire,2023-24,0.623333333333333,,,0.58,,,0.642083333333333,,,Least Deprived
ENV07b,Aberdeenshire,2024-25,0.606666666666667,,,0.57,,,0.63,,,Least Deprived
ENV07b,Angus,2013-14,0.774333333333333,,,0.741,,,0.768,,,2
ENV07b,Angus,2014-15,0.766666666666667,,,0.743333333333333,,,0.767916666666667,,,2
ENV07b,Angus,2015-16,0.786666666666667,,,0.736666666666667,,,0.762916666666667,,,2
ENV07b,Angus,2016-17,0.766666666666667,,,0.723333333333333,,,0.74,,,2
ENV07b,Angus,2017-18,0.766666666666667,,,0.696666666666667,,,0.716666666666667,,,2
ENV07b,Angus,2018-19,0.743,,,0.663,,,0.683083333333333,,,2
ENV07b,Angus,2019-20,0.723,,,0.626333333333333,,,0.663083333333333,,,2
ENV07b,Angus,2020-21,0.696333333333333,,,0.599666666666667,,,0.65975,,,2
ENV07b,Angus,2021-22,0.7,,,0.586666666666667,,,0.652083333333333,,,2
ENV07b,Angus,2022-23,0.646666666666667,,,0.583333333333333,,,0.65375,,,2
ENV07b,Angus,2023-24,0.613333333333333,,,0.58,,,0.6425,,,2
ENV07b,Angus,2024-25,0.573333333333333,,,0.57,,,0.635416666666667,,,2
ENV07b,Argyll & Bute,2013-14,0.784,,,0.741,,,0.768,,,2
ENV07b,Argyll & Bute,2014-15,0.763333333333333,,,0.743333333333333,,,0.767916666666667,,,2
ENV07b,Argyll & Bute,2015-16,0.77,,,0.736666666666667,,,0.762916666666667,,,2
ENV07b,Argyll & Bute,2016-17,0.773333333333333,,,0.723333333333333,,,0.74,,,2
ENV07b,Argyll & Bute,2017-18,0.746666666666667,,,0.696666666666667,,,0.716666666666667,,,2
ENV07b,Argyll & Bute,2018-19,0.689,,,0.663,,,0.683083333333333,,,2
ENV07b,Argyll & Bute,2019-20,0.675666666666667,,,0.626333333333333,,,0.663083333333333,,,2
ENV07b,Argyll & Bute,2020-21,0.689,,,0.599666666666667,,,0.65975,,,2
ENV07b,Argyll & Bute,2021-22,0.676666666666667,,,0.586666666666667,,,0.652083333333333,,,2
ENV07b,Argyll & Bute,2022-23,0.61,,,0.583333333333333,,,0.65375,,,2
ENV07b,Argyll & Bute,2023-24,0.623333333333333,,,0.58,,,0.6425,,,2
ENV07b,Argyll & Bute,2024-25,0.66,,,0.57,,,0.635416666666667,,,2
ENV07b,Clackmannanshire,2013-14,0.764666666666667,,,0.741,,,0.752666666666667,,,3
ENV07b,Clackmannanshire,2014-15,0.776666666666667,,,0.743333333333333,,,0.765416666666667,,,3
ENV07b,Clackmannanshire,2015-16,0.806666666666667,,,0.736666666666667,,,0.76375,,,3
ENV07b,Clackmannanshire,2016-17,0.766666666666667,,,0.723333333333333,,,0.74,,,3
ENV07b,Clackmannanshire,2017-18,0.626666666666667,,,0.696666666666667,,,0.686666666666667,,,3
ENV07b,Clackmannanshire,2018-19,0.566333333333333,,,0.663,,,0.640166666666667,,,3
ENV07b,Clackmannanshire,2019-20,0.549666666666667,,,0.626333333333333,,,0.595166666666667,,,3
ENV07b,Clackmannanshire,2020-21,0.633,,,0.599666666666667,,,0.5835,,,3
ENV07b,Clackmannanshire,2021-22,0.65,,,0.586666666666667,,,0.591666666666667,,,3
ENV07b,Clackmannanshire,2022-23,0.663333333333333,,,0.583333333333333,,,0.591666666666667,,,3
ENV07b,Clackmannanshire,2023-24,0.656666666666667,,,0.58,,,0.579166666666667,,,3
ENV07b,Clackmannanshire,2024-25,0.643333333333333,,,0.57,,,0.547083333333333,,,3
ENV07b,Dumfries & Galloway,2013-14,0.785333333333333,,,0.741,,,0.752666666666667,,,3
ENV07b,Dumfries & Galloway,2014-15,0.786666666666667,,,0.743333333333333,,,0.765416666666667,,,3
ENV07b,Dumfries & Galloway,2015-16,0.753333333333333,,,0.736666666666667,,,0.76375,,,3
ENV07b,Dumfries & Galloway,2016-17,0.71,,,0.723333333333333,,,0.74,,,3
ENV07b,Dumfries & Galloway,2017-18,0.663333333333333,,,0.696666666666667,,,0.686666666666667,,,3
ENV07b,Dumfries & Galloway,2018-19,0.623333333333333,,,0.663,,,0.640166666666667,,,3
ENV07b,Dumfries & Galloway,2019-20,0.6,,,0.626333333333333,,,0.595166666666667,,,3
ENV07b,Dumfries & Galloway,2020-21,0.606666666666667,,,0.599666666666667,,,0.5835,,,3
ENV07b,Dumfries & Galloway,2021-22,0.61,,,0.586666666666667,,,0.591666666666667,,,3
ENV07b,Dumfries & Galloway,2022-23,0.56,,,0.583333333333333,,,0.591666666666667,,,3
ENV07b,Dumfries & Galloway,2023-24,0.44,,,0.58,,,0.579166666666667,,,3
ENV07b,Dumfries & Galloway,2024-25,0.36,,,0.57,,,0.547083333333333,,,3
ENV07b,Dundee City,2013-14,0.809333333333333,,,0.741,,,0.739291666666667,,,Most Deprived
ENV07b,Dundee City,2014-15,0.81,,,0.743333333333333,,,0.728333333333333,,,Most Deprived
ENV07b,Dundee City,2015-16,0.8,,,0.736666666666667,,,0.729166666666667,,,Most Deprived
ENV07b,Dundee City,2016-17,0.81,,,0.723333333333333,,,0.717916666666667,,,Most Deprived
ENV07b,Dundee City,2017-18,0.8,,,0.696666666666667,,,0.710833333333333,,,Most Deprived
ENV07b,Dundee City,2018-19,0.759333333333333,,,0.663,,,0.682541666666667,,,Most Deprived
ENV07b,Dundee City,2019-20,0.716,,,0.626333333333333,,,0.640875,,,Most Deprived
ENV07b,Dundee City,2020-21,0.642666666666667,,,0.599666666666667,,,0.600875,,,Most Deprived
ENV07b,Dundee City,2021-22,0.6,,,0.586666666666667,,,0.574166666666667,,,Most Deprived
ENV07b,Dundee City,2022-23,0.54,,,0.583333333333333,,,0.56125,,,Most Deprived
ENV07b,Dundee City,2023-24,0.53,,,0.58,,,0.557916666666667,,,Most Deprived
ENV07b,Dundee City,2024-25,0.496666666666667,,,0.57,,,0.5525,,,Most Deprived
ENV07b,East Ayrshire,2013-14,0.690666666666667,,,0.741,,,0.739291666666667,,,Most Deprived
ENV07b,East Ayrshire,2014-15,0.68,,,0.743333333333333,,,0.728333333333333,,,Most Deprived
ENV07b,East Ayrshire,2015-16,0.67,,,0.736666666666667,,,0.729166666666667,,,Most Deprived
ENV07b,East Ayrshire,2016-17,0.653333333333333,,,0.723333333333333,,,0.717916666666667,,,Most Deprived
ENV07b,East Ayrshire,2017-18,0.646666666666667,,,0.696666666666667,,,0.710833333333333,,,Most Deprived
ENV07b,East Ayrshire,2018-19,0.615666666666667,,,0.663,,,0.682541666666667,,,Most Deprived
ENV07b,East Ayrshire,2019-20,0.559,,,0.626333333333333,,,0.640875,,,Most Deprived
ENV07b,East Ayrshire,2020-21,0.532333333333333,,,0.599666666666667,,,0.600875,,,Most Deprived
ENV07b,East Ayrshire,2021-22,0.543333333333333,,,0.586666666666667,,,0.574166666666667,,,Most Deprived
ENV07b,East Ayrshire,2022-23,0.573333333333333,,,0.583333333333333,,,0.56125,,,Most Deprived
ENV07b,East Ayrshire,2023-24,0.523333333333333,,,0.58,,,0.557916666666667,,,Most Deprived
ENV07b,East Ayrshire,2024-25,0.473333333333333,,,0.57,,,0.5525,,,Most Deprived
ENV07b,East Dunbartonshire,2013-14,0.801333333333333,,,0.741,,,0.762458333333333,,,Least Deprived
ENV07b,East Dunbartonshire,2014-15,0.806666666666667,,,0.743333333333333,,,0.76125,,,Least Deprived
ENV07b,East Dunbartonshire,2015-16,0.773333333333333,,,0.736666666666667,,,0.739166666666667,,,Least Deprived
ENV07b,East Dunbartonshire,2016-17,0.756666666666667,,,0.723333333333333,,,0.735416666666667,,,Least Deprived
ENV07b,East Dunbartonshire,2017-18,0.7,,,0.696666666666667,,,0.72,,,Least Deprived
ENV07b,East Dunbartonshire,2018-19,0.669333333333333,,,0.663,,,0.701,,,Least Deprived
ENV07b,East Dunbartonshire,2019-20,0.632666666666667,,,0.626333333333333,,,0.6735,,,Least Deprived
ENV07b,East Dunbartonshire,2020-21,0.642666666666667,,,0.599666666666667,,,0.660166666666667,,,Least Deprived
ENV07b,East Dunbartonshire,2021-22,0.676666666666667,,,0.586666666666667,,,0.659583333333333,,,Least Deprived
ENV07b,East Dunbartonshire,2022-23,0.65,,,0.583333333333333,,,0.65125,,,Least Deprived
ENV07b,East Dunbartonshire,2023-24,0.586666666666667,,,0.58,,,0.642083333333333,,,Least Deprived
ENV07b,East Dunbartonshire,2024-25,0.526666666666667,,,0.57,,,0.63,,,Least Deprived
ENV07b,East Lothian,2013-14,0.834333333333333,,,0.741,,,0.768,,,2
ENV07b,East Lothian,2014-15,0.856666666666667,,,0.743333333333333,,,0.767916666666667,,,2
ENV07b,East Lothian,2015-16,0.856666666666667,,,0.736666666666667,,,0.762916666666667,,,2
ENV07b,East Lothian,2016-17,0.846666666666667,,,0.723333333333333,,,0.74,,,2
ENV07b,East Lothian,2017-18,0.826666666666667,,,0.696666666666667,,,0.716666666666667,,,2
ENV07b,East Lothian,2018-19,0.789,,,0.663,,,0.683083333333333,,,2
ENV07b,East Lothian,2019-20,0.775666666666667,,,0.626333333333333,,,0.663083333333333,,,2
ENV07b,East Lothian,2020-21,0.785666666666667,,,0.599666666666667,,,0.65975,,,2
ENV07b,East Lothian,2021-22,0.776666666666667,,,0.586666666666667,,,0.652083333333333,,,2
ENV07b,East Lothian,2022-23,0.766666666666667,,,0.583333333333333,,,0.65375,,,2
ENV07b,East Lothian,2023-24,0.75,,,0.58,,,0.6425,,,2
ENV07b,East Lothian,2024-25,0.733333333333333,,,0.57,,,0.635416666666667,,,2
ENV07b,East Renfrewshire,2013-14,0.752666666666667,,,0.741,,,0.762458333333333,,,Least Deprived
ENV07b,East Renfrewshire,2014-15,0.746666666666667,,,0.743333333333333,,,0.76125,,,Least Deprived
ENV07b,East Renfrewshire,2015-16,0.72,,,0.736666666666667,,,0.739166666666667,,,Least Deprived
ENV07b,East Renfrewshire,2016-17,0.723333333333333,,,0.723333333333333,,,0.735416666666667,,,Least Deprived
ENV07b,East Renfrewshire,2017-18,0.746666666666667,,,0.696666666666667,,,0.72,,,Least Deprived
ENV07b,East Renfrewshire,2018-19,0.711666666666667,,,0.663,,,0.701,,,Least Deprived
ENV07b,East Renfrewshire,2019-20,0.675,,,0.626333333333333,,,0.6735,,,Least Deprived
ENV07b,East Renfrewshire,2020-21,0.671666666666667,,,0.599666666666667,,,0.660166666666667,,,Least Deprived
ENV07b,East Renfrewshire,2021-22,0.663333333333333,,,0.586666666666667,,,0.659583333333333,,,Least Deprived
ENV07b,East Renfrewshire,2022-23,0.65,,,0.583333333333333,,,0.65125,,,Least Deprived
ENV07b,East Renfrewshire,2023-24,0.62,,,0.58,,,0.642083333333333,,,Least Deprived
ENV07b,East Renfrewshire,2024-25,0.626666666666667,,,0.57,,,0.63,,,Least Deprived
ENV07b,Edinburgh City,2013-14,0.7,,,0.741,,,0.762458333333333,,,Least Deprived
ENV07b,Edinburgh City,2014-15,0.7,,,0.743333333333333,,,0.76125,,,Least Deprived
ENV07b,Edinburgh City,2015-16,0.663333333333333,,,0.736666666666667,,,0.739166666666667,,,Least Deprived
ENV07b,Edinburgh City,2016-17,0.646666666666667,,,0.723333333333333,,,0.735416666666667,,,Least Deprived
ENV07b,Edinburgh City,2017-18,0.613333333333333,,,0.696666666666667,,,0.72,,,Least Deprived
ENV07b,Edinburgh City,2018-19,0.611333333333333,,,0.663,,,0.701,,,Least Deprived
ENV07b,Edinburgh City,2019-20,0.598,,,0.626333333333333,,,0.6735,,,Least Deprived
ENV07b,Edinburgh City,2020-21,0.574666666666667,,,0.599666666666667,,,0.660166666666667,,,Least Deprived
ENV07b,Edinburgh City,2021-22,0.546666666666667,,,0.586666666666667,,,0.659583333333333,,,Least Deprived
ENV07b,Edinburgh City,2022-23,0.556666666666667,,,0.583333333333333,,,0.65125,,,Least Deprived
ENV07b,Edinburgh City,2023-24,0.6,,,0.58,,,0.642083333333333,,,Least Deprived
ENV07b,Edinburgh City,2024-25,0.626666666666667,,,0.57,,,0.63,,,Least Deprived
ENV07b,Eilean Siar,2013-14,0.655,,,0.741,,,0.739291666666667,,,Most Deprived
ENV07b,Eilean Siar,2014-15,0.583333333333333,,,0.743333333333333,,,0.728333333333333,,,Most Deprived
ENV07b,Eilean Siar,2015-16,0.586666666666667,,,0.736666666666667,,,0.729166666666667,,,Most Deprived
ENV07b,Eilean Siar,2016-17,0.596666666666667,,,0.723333333333333,,,0.717916666666667,,,Most Deprived
ENV07b,Eilean Siar,2017-18,0.703333333333333,,,0.696666666666667,,,0.710833333333333,,,Most Deprived
ENV07b,Eilean Siar,2018-19,0.730333333333333,,,0.663,,,0.682541666666667,,,Most Deprived
ENV07b,Eilean Siar,2019-20,0.730333333333333,,,0.626333333333333,,,0.640875,,,Most Deprived
ENV07b,Eilean Siar,2020-21,0.670333333333333,,,0.599666666666667,,,0.600875,,,Most Deprived
ENV07b,Eilean Siar,2021-22,0.65,,,0.586666666666667,,,0.574166666666667,,,Most Deprived
ENV07b,Eilean Siar,2022-23,0.596666666666667,,,0.583333333333333,,,0.56125,,,Most Deprived
ENV07b,Eilean Siar,2023-24,0.54,,,0.58,,,0.557916666666667,,,Most Deprived
ENV07b,Eilean Siar,2024-25,0.523333333333333,,,0.57,,,0.5525,,,Most Deprived
ENV07b,Falkirk,2013-14,0.731,,,0.741,,,0.752666666666667,,,3
ENV07b,Falkirk,2014-15,0.773333333333333,,,0.743333333333333,,,0.765416666666667,,,3
ENV07b,Falkirk,2015-16,0.783333333333333,,,0.736666666666667,,,0.76375,,,3
ENV07b,Falkirk,2016-17,0.786666666666667,,,0.723333333333333,,,0.74,,,3
ENV07b,Falkirk,2017-18,0.713333333333333,,,0.696666666666667,,,0.686666666666667,,,3
ENV07b,Falkirk,2018-19,0.639333333333333,,,0.663,,,0.640166666666667,,,3
ENV07b,Falkirk,2019-20,0.606,,,0.626333333333333,,,0.595166666666667,,,3
ENV07b,Falkirk,2020-21,0.562666666666667,,,0.599666666666667,,,0.5835,,,3
ENV07b,Falkirk,2021-22,0.563333333333333,,,0.586666666666667,,,0.591666666666667,,,3
ENV07b,Falkirk,2022-23,0.523333333333333,,,0.583333333333333,,,0.591666666666667,,,3
ENV07b,Falkirk,2023-24,0.54,,,0.58,,,0.579166666666667,,,3
ENV07b,Falkirk,2024-25,0.523333333333333,,,0.57,,,0.547083333333333,,,3
ENV07b,Fife,2013-14,0.779666666666667,,,0.741,,,0.752666666666667,,,3
ENV07b,Fife,2014-15,0.803333333333333,,,0.743333333333333,,,0.765416666666667,,,3
ENV07b,Fife,2015-16,0.823333333333333,,,0.736666666666667,,,0.76375,,,3
ENV07b,Fife,2016-17,0.816666666666667,,,0.723333333333333,,,0.74,,,3
ENV07b,Fife,2017-18,0.79,,,0.696666666666667,,,0.686666666666667,,,3
ENV07b,Fife,2018-19,0.748333333333333,,,0.663,,,0.640166666666667,,,3
ENV07b,Fife,2019-20,0.725,,,0.626333333333333,,,0.595166666666667,,,3
ENV07b,Fife,2020-21,0.701666666666667,,,0.599666666666667,,,0.5835,,,3
ENV07b,Fife,2021-22,0.693333333333333,,,0.586666666666667,,,0.591666666666667,,,3
ENV07b,Fife,2022-23,0.666666666666667,,,0.583333333333333,,,0.591666666666667,,,3
ENV07b,Fife,2023-24,0.676666666666667,,,0.58,,,0.579166666666667,,,3
ENV07b,Fife,2024-25,0.656666666666667,,,0.57,,,0.547083333333333,,,3
ENV07b,Glasgow City,2013-14,0.690666666666667,,,0.741,,,0.739291666666667,,,Most Deprived
ENV07b,Glasgow City,2014-15,0.653333333333333,,,0.743333333333333,,,0.728333333333333,,,Most Deprived
ENV07b,Glasgow City,2015-16,0.626666666666667,,,0.736666666666667,,,0.729166666666667,,,Most Deprived
ENV07b,Glasgow City,2016-17,0.603333333333333,,,0.723333333333333,,,0.717916666666667,,,Most Deprived
ENV07b,Glasgow City,2017-18,0.593333333333333,,,0.696666666666667,,,0.710833333333333,,,Most Deprived
ENV07b,Glasgow City,2018-19,0.578,,,0.663,,,0.682541666666667,,,Most Deprived
ENV07b,Glasgow City,2019-20,0.544666666666667,,,0.626333333333333,,,0.640875,,,Most Deprived
ENV07b,Glasgow City,2020-21,0.498,,,0.599666666666667,,,0.600875,,,Most Deprived
ENV07b,Glasgow City,2021-22,0.436666666666667,,,0.586666666666667,,,0.574166666666667,,,Most Deprived
ENV07b,Glasgow City,2022-23,0.386666666666667,,,0.583333333333333,,,0.56125,,,Most Deprived
ENV07b,Glasgow City,2023-24,0.37,,,0.58,,,0.557916666666667,,,Most Deprived
ENV07b,Glasgow City,2024-25,0.373333333333333,,,0.57,,,0.5525,,,Most Deprived
ENV07b,Highland,2013-14,0.705,,,0.741,,,0.768,,,2
ENV07b,Highland,2014-15,0.716666666666667,,,0.743333333333333,,,0.767916666666667,,,2
ENV07b,Highland,2015-16,0.73,,,0.736666666666667,,,0.762916666666667,,,2
ENV07b,Highland,2016-17,0.743333333333333,,,0.723333333333333,,,0.74,,,2
ENV07b,Highland,2017-18,0.74,,,0.696666666666667,,,0.716666666666667,,,2
ENV07b,Highland,2018-19,0.698666666666667,,,0.663,,,0.683083333333333,,,2
ENV07b,Highland,2019-20,0.662,,,0.626333333333333,,,0.663083333333333,,,2
ENV07b,Highland,2020-21,0.668666666666667,,,0.599666666666667,,,0.65975,,,2
ENV07b,Highland,2021-22,0.656666666666667,,,0.586666666666667,,,0.652083333333333,,,2
ENV07b,Highland,2022-23,0.696666666666667,,,0.583333333333333,,,0.65375,,,2
ENV07b,Highland,2023-24,0.64,,,0.58,,,0.6425,,,2
ENV07b,Highland,2024-25,0.62,,,0.57,,,0.635416666666667,,,2
ENV07b,Inverclyde,2013-14,0.779,,,0.741,,,0.739291666666667,,,Most Deprived
ENV07b,Inverclyde,2014-15,0.786666666666667,,,0.743333333333333,,,0.728333333333333,,,Most Deprived
ENV07b,Inverclyde,2015-16,0.786666666666667,,,0.736666666666667,,,0.729166666666667,,,Most Deprived
ENV07b,Inverclyde,2016-17,0.756666666666667,,,0.723333333333333,,,0.717916666666667,,,Most Deprived
ENV07b,Inverclyde,2017-18,0.733333333333333,,,0.696666666666667,,,0.710833333333333,,,Most Deprived
ENV07b,Inverclyde,2018-19,0.712666666666667,,,0.663,,,0.682541666666667,,,Most Deprived
ENV07b,Inverclyde,2019-20,0.676,,,0.626333333333333,,,0.640875,,,Most Deprived
ENV07b,Inverclyde,2020-21,0.669333333333333,,,0.599666666666667,,,0.600875,,,Most Deprived
ENV07b,Inverclyde,2021-22,0.67,,,0.586666666666667,,,0.574166666666667,,,Most Deprived
ENV07b,Inverclyde,2022-23,0.676666666666667,,,0.583333333333333,,,0.56125,,,Most Deprived
ENV07b,Inverclyde,2023-24,0.7,,,0.58,,,0.557916666666667,,,Most Deprived
ENV07b,Inverclyde,2024-25,0.723333333333333,,,0.57,,,0.5525,,,Most Deprived
ENV07b,Midlothian,2013-14,0.729,,,0.741,,,0.768,,,2
ENV07b,Midlothian,2014-15,0.733333333333333,,,0.743333333333333,,,0.767916666666667,,,2
ENV07b,Midlothian,2015-16,0.723333333333333,,,0.736666666666667,,,0.762916666666667,,,2
ENV07b,Midlothian,2016-17,0.73,,,0.723333333333333,,,0.74,,,2
ENV07b,Midlothian,2017-18,0.713333333333333,,,0.696666666666667,,,0.716666666666667,,,2
ENV07b,Midlothian,2018-19,0.679666666666667,,,0.663,,,0.683083333333333,,,2
ENV07b,Midlothian,2019-20,0.623,,,0.626333333333333,,,0.663083333333333,,,2
ENV07b,Midlothian,2020-21,0.586333333333333,,,0.599666666666667,,,0.65975,,,2
ENV07b,Midlothian,2021-22,0.56,,,0.586666666666667,,,0.652083333333333,,,2
ENV07b,Midlothian,2022-23,0.6,,,0.583333333333333,,,0.65375,,,2
ENV07b,Midlothian,2023-24,0.62,,,0.58,,,0.6425,,,2
ENV07b,Midlothian,2024-25,0.636666666666667,,,0.57,,,0.635416666666667,,,2
ENV07b,Moray,2013-14,0.780333333333333,,,0.741,,,0.768,,,2
ENV07b,Moray,2014-15,0.743333333333333,,,0.743333333333333,,,0.767916666666667,,,2
ENV07b,Moray,2015-16,0.693333333333333,,,0.736666666666667,,,0.762916666666667,,,2
ENV07b,Moray,2016-17,0.66,,,0.723333333333333,,,0.74,,,2
ENV07b,Moray,2017-18,0.66,,,0.696666666666667,,,0.716666666666667,,,2
ENV07b,Moray,2018-19,0.653,,,0.663,,,0.683083333333333,,,2
ENV07b,Moray,2019-20,0.586333333333333,,,0.626333333333333,,,0.663083333333333,,,2
ENV07b,Moray,2020-21,0.583,,,0.599666666666667,,,0.65975,,,2
ENV07b,Moray,2021-22,0.586666666666667,,,0.586666666666667,,,0.652083333333333,,,2
ENV07b,Moray,2022-23,0.626666666666667,,,0.583333333333333,,,0.65375,,,2
ENV07b,Moray,2023-24,0.576666666666667,,,0.58,,,0.6425,,,2
ENV07b,Moray,2024-25,0.55,,,0.57,,,0.635416666666667,,,2
ENV07b,North Ayrshire,2013-14,0.782333333333333,,,0.741,,,0.739291666666667,,,Most Deprived
ENV07b,North Ayrshire,2014-15,0.78,,,0.743333333333333,,,0.728333333333333,,,Most Deprived
ENV07b,North Ayrshire,2015-16,0.796666666666667,,,0.736666666666667,,,0.729166666666667,,,Most Deprived
ENV07b,North Ayrshire,2016-17,0.783333333333333,,,0.723333333333333,,,0.717916666666667,,,Most Deprived
ENV07b,North Ayrshire,2017-18,0.756666666666667,,,0.696666666666667,,,0.710833333333333,,,Most Deprived
ENV07b,North Ayrshire,2018-19,0.711666666666667,,,0.663,,,0.682541666666667,,,Most Deprived
ENV07b,North Ayrshire,2019-20,0.648333333333333,,,0.626333333333333,,,0.640875,,,Most Deprived
ENV07b,North Ayrshire,2020-21,0.578333333333333,,,0.599666666666667,,,0.600875,,,Most Deprived
ENV07b,North Ayrshire,2021-22,0.553333333333333,,,0.586666666666667,,,0.574166666666667,,,Most Deprived
ENV07b,North Ayrshire,2022-23,0.573333333333333,,,0.583333333333333,,,0.56125,,,Most Deprived
ENV07b,North Ayrshire,2023-24,0.65,,,0.58,,,0.557916666666667,,,Most Deprived
ENV07b,North Ayrshire,2024-25,0.67,,,0.57,,,0.5525,,,Most Deprived
ENV07b,North Lanarkshire,2013-14,0.759666666666667,,,0.741,,,0.739291666666667,,,Most Deprived
ENV07b,North Lanarkshire,2014-15,0.773333333333333,,,0.743333333333333,,,0.728333333333333,,,Most Deprived
ENV07b,North Lanarkshire,2015-16,0.77,,,0.736666666666667,,,0.729166666666667,,,Most Deprived
ENV07b,North Lanarkshire,2016-17,0.75,,,0.723333333333333,,,0.717916666666667,,,Most Deprived
ENV07b,North Lanarkshire,2017-18,0.7,,,0.696666666666667,,,0.710833333333333,,,Most Deprived
ENV07b,North Lanarkshire,2018-19,0.633666666666667,,,0.663,,,0.682541666666667,,,Most Deprived
ENV07b,North Lanarkshire,2019-20,0.563666666666667,,,0.626333333333333,,,0.640875,,,Most Deprived
ENV07b,North Lanarkshire,2020-21,0.527,,,0.599666666666667,,,0.600875,,,Most Deprived
ENV07b,North Lanarkshire,2021-22,0.513333333333333,,,0.586666666666667,,,0.574166666666667,,,Most Deprived
ENV07b,North Lanarkshire,2022-23,0.516666666666667,,,0.583333333333333,,,0.56125,,,Most Deprived
ENV07b,North Lanarkshire,2023-24,0.536666666666667,,,0.58,,,0.557916666666667,,,Most Deprived
ENV07b,North Lanarkshire,2024-25,0.526666666666667,,,0.57,,,0.5525,,,Most Deprived
ENV07b,Orkney Islands,2013-14,0.827,,,0.741,,,0.762458333333333,,,Least Deprived
ENV07b,Orkney Islands,2014-15,0.833333333333333,,,0.743333333333333,,,0.76125,,,Least Deprived
ENV07b,Orkney Islands,2015-16,0.79,,,0.736666666666667,,,0.739166666666667,,,Least Deprived
ENV07b,Orkney Islands,2016-17,0.803333333333333,,,0.723333333333333,,,0.735416666666667,,,Least Deprived
ENV07b,Orkney Islands,2017-18,0.786666666666667,,,0.696666666666667,,,0.72,,,Least Deprived
ENV07b,Orkney Islands,2018-19,0.785,,,0.663,,,0.701,,,Least Deprived
ENV07b,Orkney Islands,2019-20,0.731666666666667,,,0.626333333333333,,,0.6735,,,Least Deprived
ENV07b,Orkney Islands,2020-21,0.698333333333333,,,0.599666666666667,,,0.660166666666667,,,Least Deprived
ENV07b,Orkney Islands,2021-22,0.693333333333333,,,0.586666666666667,,,0.659583333333333,,,Least Deprived
ENV07b,Orkney Islands,2022-23,0.673333333333333,,,0.583333333333333,,,0.65125,,,Least Deprived
ENV07b,Orkney Islands,2023-24,0.706666666666667,,,0.58,,,0.642083333333333,,,Least Deprived
ENV07b,Orkney Islands,2024-25,0.656666666666667,,,0.57,,,0.63,,,Least Deprived
ENV07b,Perth & Kinross,2013-14,0.804,,,0.741,,,0.762458333333333,,,Least Deprived
ENV07b,Perth & Kinross,2014-15,0.8,,,0.743333333333333,,,0.76125,,,Least Deprived
ENV07b,Perth & Kinross,2015-16,0.81,,,0.736666666666667,,,0.739166666666667,,,Least Deprived
ENV07b,Perth & Kinross,2016-17,0.793333333333333,,,0.723333333333333,,,0.735416666666667,,,Least Deprived
ENV07b,Perth & Kinross,2017-18,0.78,,,0.696666666666667,,,0.72,,,Least Deprived
ENV07b,Perth & Kinross,2018-19,0.76,,,0.663,,,0.701,,,Least Deprived
ENV07b,Perth & Kinross,2019-20,0.74,,,0.626333333333333,,,0.6735,,,Least Deprived
ENV07b,Perth & Kinross,2020-21,0.746666666666667,,,0.599666666666667,,,0.660166666666667,,,Least Deprived
ENV07b,Perth & Kinross,2021-22,0.713333333333333,,,0.586666666666667,,,0.659583333333333,,,Least Deprived
ENV07b,Perth & Kinross,2022-23,0.696666666666667,,,0.583333333333333,,,0.65125,,,Least Deprived
ENV07b,Perth & Kinross,2023-24,0.66,,,0.58,,,0.642083333333333,,,Least Deprived
ENV07b,Perth & Kinross,2024-25,0.676666666666667,,,0.57,,,0.63,,,Least Deprived
ENV07b,Renfrewshire,2013-14,0.726333333333333,,,0.741,,,0.752666666666667,,,3
ENV07b,Renfrewshire,2014-15,0.706666666666667,,,0.743333333333333,,,0.765416666666667,,,3
ENV07b,Renfrewshire,2015-16,0.656666666666667,,,0.736666666666667,,,0.76375,,,3
ENV07b,Renfrewshire,2016-17,0.626666666666667,,,0.723333333333333,,,0.74,,,3
ENV07b,Renfrewshire,2017-18,0.613333333333333,,,0.696666666666667,,,0.686666666666667,,,3
ENV07b,Renfrewshire,2018-19,0.601,,,0.663,,,0.640166666666667,,,3
ENV07b,Renfrewshire,2019-20,0.527666666666667,,,0.626333333333333,,,0.595166666666667,,,3
ENV07b,Renfrewshire,2020-21,0.477666666666667,,,0.599666666666667,,,0.5835,,,3
ENV07b,Renfrewshire,2021-22,0.473333333333333,,,0.586666666666667,,,0.591666666666667,,,3
ENV07b,Renfrewshire,2022-23,0.506666666666667,,,0.583333333333333,,,0.591666666666667,,,3
ENV07b,Renfrewshire,2023-24,0.513333333333333,,,0.58,,,0.579166666666667,,,3
ENV07b,Renfrewshire,2024-25,0.486666666666667,,,0.57,,,0.547083333333333,,,3
ENV07b,Scottish Borders,2013-14,0.756666666666667,,,0.741,,,0.768,,,2
ENV07b,Scottish Borders,2014-15,0.733333333333333,,,0.743333333333333,,,0.767916666666667,,,2
ENV07b,Scottish Borders,2015-16,0.723333333333333,,,0.736666666666667,,,0.762916666666667,,,2
ENV07b,Scottish Borders,2016-17,0.693333333333333,,,0.723333333333333,,,0.74,,,2
ENV07b,Scottish Borders,2017-18,0.683333333333333,,,0.696666666666667,,,0.716666666666667,,,2
ENV07b,Scottish Borders,2018-19,0.657,,,0.663,,,0.683083333333333,,,2
ENV07b,Scottish Borders,2019-20,0.663666666666667,,,0.626333333333333,,,0.663083333333333,,,2
ENV07b,Scottish Borders,2020-21,0.610333333333333,,,0.599666666666667,,,0.65975,,,2
ENV07b,Scottish Borders,2021-22,0.603333333333333,,,0.586666666666667,,,0.652083333333333,,,2
ENV07b,Scottish Borders,2022-23,0.613333333333333,,,0.583333333333333,,,0.65375,,,2
ENV07b,Scottish Borders,2023-24,0.643333333333333,,,0.58,,,0.6425,,,2
ENV07b,Scottish Borders,2024-25,0.656666666666667,,,0.57,,,0.635416666666667,,,2
ENV07b,Shetland Islands,2013-14,0.826,,,0.741,,,0.762458333333333,,,Least Deprived
ENV07b,Shetland Islands,2014-15,0.8,,,0.743333333333333,,,0.76125,,,Least Deprived
ENV07b,Shetland Islands,2015-16,0.733333333333333,,,0.736666666666667,,,0.739166666666667,,,Least Deprived
ENV07b,Shetland Islands,2016-17,0.726666666666667,,,0.723333333333333,,,0.735416666666667,,,Least Deprived
ENV07b,Shetland Islands,2017-18,0.716666666666667,,,0.696666666666667,,,0.72,,,Least Deprived
ENV07b,Shetland Islands,2018-19,0.737333333333333,,,0.663,,,0.701,,,Least Deprived
ENV07b,Shetland Islands,2019-20,0.734,,,0.626333333333333,,,0.6735,,,Least Deprived
ENV07b,Shetland Islands,2020-21,0.740666666666667,,,0.599666666666667,,,0.660166666666667,,,Least Deprived
ENV07b,Shetland Islands,2021-22,0.766666666666667,,,0.586666666666667,,,0.659583333333333,,,Least Deprived
ENV07b,Shetland Islands,2022-23,0.773333333333333,,,0.583333333333333,,,0.65125,,,Least Deprived
ENV07b,Shetland Islands,2023-24,0.756666666666667,,,0.58,,,0.642083333333333,,,Least Deprived
ENV07b,Shetland Islands,2024-25,0.756666666666667,,,0.57,,,0.63,,,Least Deprived
ENV07b,South Ayrshire,2013-14,0.705333333333333,,,0.741,,,0.752666666666667,,,3
ENV07b,South Ayrshire,2014-15,0.69,,,0.743333333333333,,,0.765416666666667,,,3
ENV07b,South Ayrshire,2015-16,0.713333333333333,,,0.736666666666667,,,0.76375,,,3
ENV07b,South Ayrshire,2016-17,0.686666666666667,,,0.723333333333333,,,0.74,,,3
ENV07b,South Ayrshire,2017-18,0.68,,,0.696666666666667,,,0.686666666666667,,,3
ENV07b,South Ayrshire,2018-19,0.614,,,0.663,,,0.640166666666667,,,3
ENV07b,South Ayrshire,2019-20,0.510666666666667,,,0.626333333333333,,,0.595166666666667,,,3
ENV07b,South Ayrshire,2020-21,0.534,,,0.599666666666667,,,0.5835,,,3
ENV07b,South Ayrshire,2021-22,0.563333333333333,,,0.586666666666667,,,0.591666666666667,,,3
ENV07b,South Ayrshire,2022-23,0.603333333333333,,,0.583333333333333,,,0.591666666666667,,,3
ENV07b,South Ayrshire,2023-24,0.513333333333333,,,0.58,,,0.579166666666667,,,3
ENV07b,South Ayrshire,2024-25,0.463333333333333,,,0.57,,,0.547083333333333,,,3
ENV07b,South Lanarkshire,2013-14,0.747666666666667,,,0.741,,,0.752666666666667,,,3
ENV07b,South Lanarkshire,2014-15,0.76,,,0.743333333333333,,,0.765416666666667,,,3
ENV07b,South Lanarkshire,2015-16,0.746666666666667,,,0.736666666666667,,,0.76375,,,3
ENV07b,South Lanarkshire,2016-17,0.723333333333333,,,0.723333333333333,,,0.74,,,3
ENV07b,South Lanarkshire,2017-18,0.683333333333333,,,0.696666666666667,,,0.686666666666667,,,3
ENV07b,South Lanarkshire,2018-19,0.67,,,0.663,,,0.640166666666667,,,3
ENV07b,South Lanarkshire,2019-20,0.643333333333333,,,0.626333333333333,,,0.595166666666667,,,3
ENV07b,South Lanarkshire,2020-21,0.603333333333333,,,0.599666666666667,,,0.5835,,,3
ENV07b,South Lanarkshire,2021-22,0.616666666666667,,,0.586666666666667,,,0.591666666666667,,,3
ENV07b,South Lanarkshire,2022-23,0.616666666666667,,,0.583333333333333,,,0.591666666666667,,,3
ENV07b,South Lanarkshire,2023-24,0.623333333333333,,,0.58,,,0.579166666666667,,,3
ENV07b,South Lanarkshire,2024-25,0.573333333333333,,,0.57,,,0.547083333333333,,,3
ENV07b,Stirling,2013-14,0.780333333333333,,,0.741,,,0.768,,,2
ENV07b,Stirling,2014-15,0.83,,,0.743333333333333,,,0.767916666666667,,,2
ENV07b,Stirling,2015-16,0.82,,,0.736666666666667,,,0.762916666666667,,,2
ENV07b,Stirling,2016-17,0.706666666666667,,,0.723333333333333,,,0.74,,,2
ENV07b,Stirling,2017-18,0.596666666666667,,,0.696666666666667,,,0.716666666666667,,,2
ENV07b,Stirling,2018-19,0.555333333333333,,,0.663,,,0.683083333333333,,,2
ENV07b,Stirling,2019-20,0.595333333333333,,,0.626333333333333,,,0.663083333333333,,,2
ENV07b,Stirling,2020-21,0.658666666666667,,,0.599666666666667,,,0.65975,,,2
ENV07b,Stirling,2021-22,0.656666666666667,,,0.586666666666667,,,0.652083333333333,,,2
ENV07b,Stirling,2022-23,0.67,,,0.583333333333333,,,0.65375,,,2
ENV07b,Stirling,2023-24,0.673333333333333,,,0.58,,,0.6425,,,2
ENV07b,Stirling,2024-25,0.653333333333333,,,0.57,,,0.635416666666667,,,2
ENV07b,West Dunbartonshire,2013-14,0.747666666666667,,,0.741,,,0.739291666666667,,,Most Deprived
ENV07b,West Dunbartonshire,2014-15,0.76,,,0.743333333333333,,,0.728333333333333,,,Most Deprived
ENV07b,West Dunbartonshire,2015-16,0.796666666666667,,,0.736666666666667,,,0.729166666666667,,,Most Deprived
ENV07b,West Dunbartonshire,2016-17,0.79,,,0.723333333333333,,,0.717916666666667,,,Most Deprived
ENV07b,West Dunbartonshire,2017-18,0.753333333333333,,,0.696666666666667,,,0.710833333333333,,,Most Deprived
ENV07b,West Dunbartonshire,2018-19,0.719,,,0.663,,,0.682541666666667,,,Most Deprived
ENV07b,West Dunbartonshire,2019-20,0.689,,,0.626333333333333,,,0.640875,,,Most Deprived
ENV07b,West Dunbartonshire,2020-21,0.689,,,0.599666666666667,,,0.600875,,,Most Deprived
ENV07b,West Dunbartonshire,2021-22,0.626666666666667,,,0.586666666666667,,,0.574166666666667,,,Most Deprived
ENV07b,West Dunbartonshire,2022-23,0.626666666666667,,,0.583333333333333,,,0.56125,,,Most Deprived
ENV07b,West Dunbartonshire,2023-24,0.613333333333333,,,0.58,,,0.557916666666667,,,Most Deprived
ENV07b,West Dunbartonshire,2024-25,0.633333333333333,,,0.57,,,0.5525,,,Most Deprived
ENV07b,West Lothian,2013-14,0.781333333333333,,,0.741,,,0.752666666666667,,,3
ENV07b,West Lothian,2014-15,0.826666666666667,,,0.743333333333333,,,0.765416666666667,,,3
ENV07b,West Lothian,2015-16,0.826666666666667,,,0.736666666666667,,,0.76375,,,3
ENV07b,West Lothian,2016-17,0.803333333333333,,,0.723333333333333,,,0.74,,,3
ENV07b,West Lothian,2017-18,0.723333333333333,,,0.696666666666667,,,0.686666666666667,,,3
ENV07b,West Lothian,2018-19,0.659,,,0.663,,,0.640166666666667,,,3
ENV07b,West Lothian,2019-20,0.599,,,0.626333333333333,,,0.595166666666667,,,3
ENV07b,West Lothian,2020-21,0.549,,,0.599666666666667,,,0.5835,,,3
ENV07b,West Lothian,2021-22,0.563333333333333,,,0.586666666666667,,,0.591666666666667,,,3
ENV07b,West Lothian,2022-23,0.593333333333333,,,0.583333333333333,,,0.591666666666667,,,3
ENV07b,West Lothian,2023-24,0.67,,,0.58,,,0.579166666666667,,,3
ENV07b,West Lothian,2024-25,0.67,,,0.57,,,0.547083333333333,,,3
